solid OpenSCAD_Model
  facet normal 1 -0 0
    outer loop
      vertex 34.5 -67.5 1.6
      vertex 34.5 -28.5 0
      vertex 34.5 -28.5 1.6
    endloop
  endfacet
  facet normal 1 0 0
    outer loop
      vertex 34.5 -28.5 0
      vertex 34.5 -67.5 1.6
      vertex 34.5 -67.5 0
    endloop
  endfacet
  facet normal 0 -1 0
    outer loop
      vertex -25.5 -67.5 1.6
      vertex -22 -67.5 1.58
      vertex -22 -67.5 1.6
    endloop
  endfacet
  facet normal 0 -1 -0
    outer loop
      vertex -22 -67.5 1.58
      vertex -25.5 -67.5 0
      vertex -19 -67.5 1.58
    endloop
  endfacet
  facet normal 0 -1 0
    outer loop
      vertex -25.5 -67.5 0
      vertex -22 -67.5 1.58
      vertex -25.5 -67.5 1.6
    endloop
  endfacet
  facet normal 0 -1 0
    outer loop
      vertex -19 -67.5 1.58
      vertex 16.8438 -67.5 1.6
      vertex -19 -67.5 1.6
    endloop
  endfacet
  facet normal 0 -1 0
    outer loop
      vertex 16.8438 -67.5 0
      vertex -19 -67.5 1.58
      vertex -25.5 -67.5 0
    endloop
  endfacet
  facet normal 0 -1 0
    outer loop
      vertex -19 -67.5 1.58
      vertex 16.8438 -67.5 0
      vertex 16.8438 -67.5 1.6
    endloop
  endfacet
  facet normal 0 -1 0
    outer loop
      vertex 20.1562 -67.5 0
      vertex 34.5 -67.5 1.6
      vertex 20.1562 -67.5 1.6
    endloop
  endfacet
  facet normal 0 -1 -0
    outer loop
      vertex 34.5 -67.5 1.6
      vertex 20.1562 -67.5 0
      vertex 34.5 -67.5 0
    endloop
  endfacet
  facet normal 0 1 0
    outer loop
      vertex 34.5 -28.5 1.6
      vertex -19 -28.5 1.58
      vertex -19 -28.5 1.6
    endloop
  endfacet
  facet normal 0 1 0
    outer loop
      vertex -25.5 -28.5 0
      vertex -19 -28.5 1.58
      vertex 34.5 -28.5 0
    endloop
  endfacet
  facet normal 0 1 -0
    outer loop
      vertex 34.5 -28.5 0
      vertex -19 -28.5 1.58
      vertex 34.5 -28.5 1.6
    endloop
  endfacet
  facet normal 0 1 -0
    outer loop
      vertex -22 -28.5 1.58
      vertex -25.5 -28.5 1.6
      vertex -22 -28.5 1.6
    endloop
  endfacet
  facet normal 0 1 0
    outer loop
      vertex -19 -28.5 1.58
      vertex -25.5 -28.5 0
      vertex -22 -28.5 1.58
    endloop
  endfacet
  facet normal 0 1 0
    outer loop
      vertex -22 -28.5 1.58
      vertex -25.5 -28.5 0
      vertex -25.5 -28.5 1.6
    endloop
  endfacet
  facet normal -1 0 0
    outer loop
      vertex -25.5 -67.5 0
      vertex -25.5 -28.5 1.6
      vertex -25.5 -28.5 0
    endloop
  endfacet
  facet normal -1 -0 0
    outer loop
      vertex -25.5 -28.5 1.6
      vertex -25.5 -67.5 0
      vertex -25.5 -67.5 1.6
    endloop
  endfacet
  facet normal -0 0 1
    outer loop
      vertex -25.5 -28.5 1.6
      vertex -22 -67.5 1.6
      vertex -22 -28.5 1.6
    endloop
  endfacet
  facet normal 0 0 1
    outer loop
      vertex -22 -67.5 1.6
      vertex -25.5 -28.5 1.6
      vertex -25.5 -67.5 1.6
    endloop
  endfacet
  facet normal -0 0 1
    outer loop
      vertex 20.6213 -62.8787 1.6
      vertex 34.5 -67.5 1.6
      vertex 34.5 -28.5 1.6
    endloop
  endfacet
  facet normal 0 0 1
    outer loop
      vertex 34.5 -67.5 1.6
      vertex 21.4424 -64.4147 1.6
      vertex 21.5 -65 1.6
    endloop
  endfacet
  facet normal 0 0 1
    outer loop
      vertex 34.5 -67.5 1.6
      vertex 21.2716 -63.852 1.6
      vertex 21.4424 -64.4147 1.6
    endloop
  endfacet
  facet normal 0 0 1
    outer loop
      vertex 34.5 -67.5 1.6
      vertex 20.9944 -63.3333 1.6
      vertex 21.2716 -63.852 1.6
    endloop
  endfacet
  facet normal 0 0 1
    outer loop
      vertex 34.5 -67.5 1.6
      vertex 20.6213 -62.8787 1.6
      vertex 20.9944 -63.3333 1.6
    endloop
  endfacet
  facet normal 0 0 1
    outer loop
      vertex 34.5 -28.5 1.6
      vertex 20.1667 -62.5056 1.6
      vertex 20.6213 -62.8787 1.6
    endloop
  endfacet
  facet normal 0 0 1
    outer loop
      vertex 19.6769 -31.2341 1.6
      vertex 34.5 -28.5 1.6
      vertex 19.7 -31 1.6
    endloop
  endfacet
  facet normal 0 0 1
    outer loop
      vertex 34.5 -28.5 1.6
      vertex 19.6769 -30.7659 1.6
      vertex 19.7 -31 1.6
    endloop
  endfacet
  facet normal 0 0 1
    outer loop
      vertex 34.5 -28.5 1.6
      vertex 19.6087 -30.5408 1.6
      vertex 19.6769 -30.7659 1.6
    endloop
  endfacet
  facet normal 0 0 1
    outer loop
      vertex 34.5 -28.5 1.6
      vertex 19.4978 -30.3333 1.6
      vertex 19.6087 -30.5408 1.6
    endloop
  endfacet
  facet normal 0 0 1
    outer loop
      vertex 34.5 -28.5 1.6
      vertex 19.3485 -30.1515 1.6
      vertex 19.4978 -30.3333 1.6
    endloop
  endfacet
  facet normal 0 0 1
    outer loop
      vertex 34.5 -28.5 1.6
      vertex 19.1667 -30.0022 1.6
      vertex 19.3485 -30.1515 1.6
    endloop
  endfacet
  facet normal 0 0 1
    outer loop
      vertex 34.5 -28.5 1.6
      vertex 18.9592 -29.8913 1.6
      vertex 19.1667 -30.0022 1.6
    endloop
  endfacet
  facet normal 0 0 1
    outer loop
      vertex 34.5 -28.5 1.6
      vertex 18.7341 -29.8231 1.6
      vertex 18.9592 -29.8913 1.6
    endloop
  endfacet
  facet normal 0 0 1
    outer loop
      vertex 34.5 -28.5 1.6
      vertex 18.5 -29.8 1.6
      vertex 18.7341 -29.8231 1.6
    endloop
  endfacet
  facet normal 0 0 1
    outer loop
      vertex 17.6515 -31.8485 1.6
      vertex 16.3787 -62.8787 1.6
      vertex 16.8333 -62.5056 1.6
    endloop
  endfacet
  facet normal 0 0 1
    outer loop
      vertex 17.3231 -31.2341 1.6
      vertex -19 -28.5 1.6
      vertex 16.3787 -62.8787 1.6
    endloop
  endfacet
  facet normal 0 0 1
    outer loop
      vertex 16.3787 -62.8787 1.6
      vertex -19 -28.5 1.6
      vertex 16.0056 -63.3333 1.6
    endloop
  endfacet
  facet normal 0 0 1
    outer loop
      vertex -19 -67.5 1.6
      vertex 16.0056 -63.3333 1.6
      vertex -19 -28.5 1.6
    endloop
  endfacet
  facet normal 0 0 1
    outer loop
      vertex 16.0056 -63.3333 1.6
      vertex -19 -67.5 1.6
      vertex 15.7284 -63.852 1.6
    endloop
  endfacet
  facet normal 0 0 1
    outer loop
      vertex 15.7284 -63.852 1.6
      vertex -19 -67.5 1.6
      vertex 15.5576 -64.4147 1.6
    endloop
  endfacet
  facet normal 0 0 1
    outer loop
      vertex 17.3231 -30.7659 1.6
      vertex -19 -28.5 1.6
      vertex 17.3 -31 1.6
    endloop
  endfacet
  facet normal 0 0 1
    outer loop
      vertex 17.3913 -30.5408 1.6
      vertex -19 -28.5 1.6
      vertex 17.3231 -30.7659 1.6
    endloop
  endfacet
  facet normal 0 0 1
    outer loop
      vertex 17.5022 -30.3333 1.6
      vertex -19 -28.5 1.6
      vertex 17.3913 -30.5408 1.6
    endloop
  endfacet
  facet normal 0 0 1
    outer loop
      vertex 17.6515 -30.1515 1.6
      vertex -19 -28.5 1.6
      vertex 17.5022 -30.3333 1.6
    endloop
  endfacet
  facet normal 0 0 1
    outer loop
      vertex 17.8333 -30.0022 1.6
      vertex -19 -28.5 1.6
      vertex 17.6515 -30.1515 1.6
    endloop
  endfacet
  facet normal 0 0 1
    outer loop
      vertex 18.0408 -29.8913 1.6
      vertex -19 -28.5 1.6
      vertex 17.8333 -30.0022 1.6
    endloop
  endfacet
  facet normal 0 0 1
    outer loop
      vertex 18.2659 -29.8231 1.6
      vertex -19 -28.5 1.6
      vertex 18.0408 -29.8913 1.6
    endloop
  endfacet
  facet normal 0 0 1
    outer loop
      vertex 18.5 -29.8 1.6
      vertex -19 -28.5 1.6
      vertex 18.2659 -29.8231 1.6
    endloop
  endfacet
  facet normal -0 0 1
    outer loop
      vertex -19 -28.5 1.6
      vertex 18.5 -29.8 1.6
      vertex 34.5 -28.5 1.6
    endloop
  endfacet
  facet normal -0 0 1
    outer loop
      vertex 21.4424 -65.5853 1.6
      vertex 34.5 -67.5 1.6
      vertex 21.5 -65 1.6
    endloop
  endfacet
  facet normal -0 0 1
    outer loop
      vertex 21.2716 -66.148 1.6
      vertex 34.5 -67.5 1.6
      vertex 21.4424 -65.5853 1.6
    endloop
  endfacet
  facet normal -0 0 1
    outer loop
      vertex 20.9944 -66.6667 1.6
      vertex 34.5 -67.5 1.6
      vertex 21.2716 -66.148 1.6
    endloop
  endfacet
  facet normal -0 0 1
    outer loop
      vertex 20.6213 -67.1213 1.6
      vertex 34.5 -67.5 1.6
      vertex 20.9944 -66.6667 1.6
    endloop
  endfacet
  facet normal -0 0 1
    outer loop
      vertex 20.1667 -67.4944 1.6
      vertex 34.5 -67.5 1.6
      vertex 20.6213 -67.1213 1.6
    endloop
  endfacet
  facet normal 0 0 1
    outer loop
      vertex 34.5 -67.5 1.6
      vertex 20.1667 -67.4944 1.6
      vertex 20.1562 -67.5 1.6
    endloop
  endfacet
  facet normal 0 0 1
    outer loop
      vertex 19.6087 -31.4592 1.6
      vertex 34.5 -28.5 1.6
      vertex 19.6769 -31.2341 1.6
    endloop
  endfacet
  facet normal 0 0 1
    outer loop
      vertex 19.4978 -31.6667 1.6
      vertex 34.5 -28.5 1.6
      vertex 19.6087 -31.4592 1.6
    endloop
  endfacet
  facet normal 0 0 1
    outer loop
      vertex 19.3485 -31.8485 1.6
      vertex 34.5 -28.5 1.6
      vertex 19.4978 -31.6667 1.6
    endloop
  endfacet
  facet normal 0 0 1
    outer loop
      vertex 19.1667 -31.9978 1.6
      vertex 34.5 -28.5 1.6
      vertex 19.3485 -31.8485 1.6
    endloop
  endfacet
  facet normal 0 0 1
    outer loop
      vertex 34.5 -28.5 1.6
      vertex 19.1667 -31.9978 1.6
      vertex 20.1667 -62.5056 1.6
    endloop
  endfacet
  facet normal 0 0 1
    outer loop
      vertex 20.1667 -62.5056 1.6
      vertex 19.1667 -31.9978 1.6
      vertex 19.648 -62.2284 1.6
    endloop
  endfacet
  facet normal -0 0 1
    outer loop
      vertex 18.9592 -32.1087 1.6
      vertex 19.648 -62.2284 1.6
      vertex 19.1667 -31.9978 1.6
    endloop
  endfacet
  facet normal 0 0 1
    outer loop
      vertex 19.648 -62.2284 1.6
      vertex 18.9592 -32.1087 1.6
      vertex 19.0853 -62.0576 1.6
    endloop
  endfacet
  facet normal -0 0 1
    outer loop
      vertex 18.7341 -32.1769 1.6
      vertex 19.0853 -62.0576 1.6
      vertex 18.9592 -32.1087 1.6
    endloop
  endfacet
  facet normal 0 0 1
    outer loop
      vertex 18.5 -62 1.6
      vertex 18.7341 -32.1769 1.6
      vertex 18.5 -32.2 1.6
    endloop
  endfacet
  facet normal 0 0 1
    outer loop
      vertex 18.7341 -32.1769 1.6
      vertex 18.5 -62 1.6
      vertex 19.0853 -62.0576 1.6
    endloop
  endfacet
  facet normal 0 0 1
    outer loop
      vertex 18.2659 -32.1769 1.6
      vertex 18.5 -62 1.6
      vertex 18.5 -32.2 1.6
    endloop
  endfacet
  facet normal 0 0 1
    outer loop
      vertex 17.9147 -62.0576 1.6
      vertex 18.2659 -32.1769 1.6
      vertex 18.0408 -32.1087 1.6
    endloop
  endfacet
  facet normal 0 0 1
    outer loop
      vertex 18.2659 -32.1769 1.6
      vertex 17.9147 -62.0576 1.6
      vertex 18.5 -62 1.6
    endloop
  endfacet
  facet normal 0 0 1
    outer loop
      vertex 17.3519 -62.2284 1.6
      vertex 18.0408 -32.1087 1.6
      vertex 17.8333 -31.9978 1.6
    endloop
  endfacet
  facet normal 0 0 1
    outer loop
      vertex 16.8333 -62.5056 1.6
      vertex 17.8333 -31.9978 1.6
      vertex 17.6515 -31.8485 1.6
    endloop
  endfacet
  facet normal 0 0 1
    outer loop
      vertex 16.3787 -62.8787 1.6
      vertex 17.6515 -31.8485 1.6
      vertex 17.5022 -31.6667 1.6
    endloop
  endfacet
  facet normal 0 0 1
    outer loop
      vertex 16.3787 -62.8787 1.6
      vertex 17.5022 -31.6667 1.6
      vertex 17.3913 -31.4592 1.6
    endloop
  endfacet
  facet normal 0 0 1
    outer loop
      vertex 18.0408 -32.1087 1.6
      vertex 17.3519 -62.2284 1.6
      vertex 17.9147 -62.0576 1.6
    endloop
  endfacet
  facet normal 0 0 1
    outer loop
      vertex 16.3787 -62.8787 1.6
      vertex 17.3913 -31.4592 1.6
      vertex 17.3231 -31.2341 1.6
    endloop
  endfacet
  facet normal 0 0 1
    outer loop
      vertex -19 -28.5 1.6
      vertex 17.3231 -31.2341 1.6
      vertex 17.3 -31 1.6
    endloop
  endfacet
  facet normal 0 0 1
    outer loop
      vertex 17.8333 -31.9978 1.6
      vertex 16.8333 -62.5056 1.6
      vertex 17.3519 -62.2284 1.6
    endloop
  endfacet
  facet normal 0 0 1
    outer loop
      vertex 15.5576 -64.4147 1.6
      vertex -19 -67.5 1.6
      vertex 15.5 -65 1.6
    endloop
  endfacet
  facet normal 0 0 1
    outer loop
      vertex 15.5 -65 1.6
      vertex -19 -67.5 1.6
      vertex 15.5576 -65.5853 1.6
    endloop
  endfacet
  facet normal 0 0 1
    outer loop
      vertex 15.5576 -65.5853 1.6
      vertex -19 -67.5 1.6
      vertex 15.7284 -66.148 1.6
    endloop
  endfacet
  facet normal 0 0 1
    outer loop
      vertex 15.7284 -66.148 1.6
      vertex -19 -67.5 1.6
      vertex 16.0056 -66.6667 1.6
    endloop
  endfacet
  facet normal 0 0 1
    outer loop
      vertex 16.8333 -67.4944 1.6
      vertex -19 -67.5 1.6
      vertex 16.8438 -67.5 1.6
    endloop
  endfacet
  facet normal 0 0 1
    outer loop
      vertex 16.3787 -67.1213 1.6
      vertex -19 -67.5 1.6
      vertex 16.8333 -67.4944 1.6
    endloop
  endfacet
  facet normal 0 0 1
    outer loop
      vertex 16.0056 -66.6667 1.6
      vertex -19 -67.5 1.6
      vertex 16.3787 -67.1213 1.6
    endloop
  endfacet
  facet normal 0 0 -1
    outer loop
      vertex 34.5 -28.5 0
      vertex 19.6769 -31.2341 0
      vertex 19.7 -31 0
    endloop
  endfacet
  facet normal 0 0 -1
    outer loop
      vertex 16.8438 -67.5 0
      vertex 20.1562 -67.5 0
      vertex 19.648 -67.7716 0
    endloop
  endfacet
  facet normal 0 0 -1
    outer loop
      vertex 34.5 -67.5 0
      vertex 19.6087 -31.4592 0
      vertex 19.6769 -31.2341 0
    endloop
  endfacet
  facet normal 0 0 -1
    outer loop
      vertex 34.5 -67.5 0
      vertex 19.4978 -31.6667 0
      vertex 19.6087 -31.4592 0
    endloop
  endfacet
  facet normal 0 0 -1
    outer loop
      vertex 34.5 -67.5 0
      vertex 19.3485 -31.8485 0
      vertex 19.4978 -31.6667 0
    endloop
  endfacet
  facet normal 0 0 -1
    outer loop
      vertex 34.5 -67.5 0
      vertex 19.1667 -31.9978 0
      vertex 19.3485 -31.8485 0
    endloop
  endfacet
  facet normal 0 0 -1
    outer loop
      vertex 16.8438 -67.5 0
      vertex 19.648 -67.7716 0
      vertex 19.0853 -67.9424 0
    endloop
  endfacet
  facet normal 0 0 -1
    outer loop
      vertex 34.5 -67.5 0
      vertex 18.9592 -32.1087 0
      vertex 19.1667 -31.9978 0
    endloop
  endfacet
  facet normal 0 0 -1
    outer loop
      vertex 20.1562 -67.5 0
      vertex 18.7341 -32.1769 0
      vertex 18.9592 -32.1087 0
    endloop
  endfacet
  facet normal 0 0 -1
    outer loop
      vertex 16.8438 -67.5 0
      vertex 19.0853 -67.9424 0
      vertex 18.5 -68 0
    endloop
  endfacet
  facet normal 0 0 -1
    outer loop
      vertex 20.1562 -67.5 0
      vertex 16.8438 -67.5 0
      vertex 18.5 -32.2 0
    endloop
  endfacet
  facet normal 0 0 -1
    outer loop
      vertex 20.1562 -67.5 0
      vertex 18.5 -32.2 0
      vertex 18.7341 -32.1769 0
    endloop
  endfacet
  facet normal -0 0 -1
    outer loop
      vertex 18.5 -32.2 0
      vertex 16.8438 -67.5 0
      vertex 18.2659 -32.1769 0
    endloop
  endfacet
  facet normal 0 0 -1
    outer loop
      vertex 16.8438 -67.5 0
      vertex 18.5 -68 0
      vertex 17.9147 -67.9424 0
    endloop
  endfacet
  facet normal -0 0 -1
    outer loop
      vertex 18.2659 -32.1769 0
      vertex 16.8438 -67.5 0
      vertex 18.0408 -32.1087 0
    endloop
  endfacet
  facet normal -0 0 -1
    outer loop
      vertex 18.0408 -32.1087 0
      vertex 16.8438 -67.5 0
      vertex 17.8333 -31.9978 0
    endloop
  endfacet
  facet normal -0 0 -1
    outer loop
      vertex 17.8333 -31.9978 0
      vertex 16.8438 -67.5 0
      vertex 17.6515 -31.8485 0
    endloop
  endfacet
  facet normal -0 0 -1
    outer loop
      vertex 17.6515 -31.8485 0
      vertex 16.8438 -67.5 0
      vertex 17.5022 -31.6667 0
    endloop
  endfacet
  facet normal 0 0 -1
    outer loop
      vertex 16.8438 -67.5 0
      vertex 17.9147 -67.9424 0
      vertex 17.3519 -67.7716 0
    endloop
  endfacet
  facet normal 0 0 -1
    outer loop
      vertex -25.5 -67.5 0
      vertex 17.5022 -31.6667 0
      vertex 16.8438 -67.5 0
    endloop
  endfacet
  facet normal 0 0 -1
    outer loop
      vertex -25.5 -28.5 0
      vertex 17.5022 -31.6667 0
      vertex -25.5 -67.5 0
    endloop
  endfacet
  facet normal 0 0 -1
    outer loop
      vertex 17.5022 -31.6667 0
      vertex -25.5 -28.5 0
      vertex 17.3913 -31.4592 0
    endloop
  endfacet
  facet normal 0 0 -1
    outer loop
      vertex 18.9592 -32.1087 0
      vertex 34.5 -67.5 0
      vertex 20.1562 -67.5 0
    endloop
  endfacet
  facet normal 0 0 -1
    outer loop
      vertex 19.6769 -31.2341 0
      vertex 34.5 -28.5 0
      vertex 34.5 -67.5 0
    endloop
  endfacet
  facet normal 0 0 -1
    outer loop
      vertex 19.6769 -30.7659 0
      vertex 34.5 -28.5 0
      vertex 19.7 -31 0
    endloop
  endfacet
  facet normal 0 0 -1
    outer loop
      vertex 19.6087 -30.5408 0
      vertex 34.5 -28.5 0
      vertex 19.6769 -30.7659 0
    endloop
  endfacet
  facet normal 0 0 -1
    outer loop
      vertex 19.4978 -30.3333 0
      vertex 34.5 -28.5 0
      vertex 19.6087 -30.5408 0
    endloop
  endfacet
  facet normal 0 0 -1
    outer loop
      vertex 19.3485 -30.1515 0
      vertex 34.5 -28.5 0
      vertex 19.4978 -30.3333 0
    endloop
  endfacet
  facet normal 0 0 -1
    outer loop
      vertex 19.1667 -30.0022 0
      vertex 34.5 -28.5 0
      vertex 19.3485 -30.1515 0
    endloop
  endfacet
  facet normal 0 0 -1
    outer loop
      vertex 18.9592 -29.8913 0
      vertex 34.5 -28.5 0
      vertex 19.1667 -30.0022 0
    endloop
  endfacet
  facet normal 0 0 -1
    outer loop
      vertex 18.7341 -29.8231 0
      vertex 34.5 -28.5 0
      vertex 18.9592 -29.8913 0
    endloop
  endfacet
  facet normal 0 0 -1
    outer loop
      vertex 18.5 -29.8 0
      vertex 34.5 -28.5 0
      vertex 18.7341 -29.8231 0
    endloop
  endfacet
  facet normal 0 0 -1
    outer loop
      vertex 17.3913 -31.4592 0
      vertex -25.5 -28.5 0
      vertex 17.3231 -31.2341 0
    endloop
  endfacet
  facet normal 0 0 -1
    outer loop
      vertex 17.3231 -31.2341 0
      vertex -25.5 -28.5 0
      vertex 17.3 -31 0
    endloop
  endfacet
  facet normal 0 0 -1
    outer loop
      vertex 17.3 -31 0
      vertex -25.5 -28.5 0
      vertex 17.3231 -30.7659 0
    endloop
  endfacet
  facet normal 0 0 -1
    outer loop
      vertex 17.3231 -30.7659 0
      vertex -25.5 -28.5 0
      vertex 17.3913 -30.5408 0
    endloop
  endfacet
  facet normal 0 0 -1
    outer loop
      vertex 17.3913 -30.5408 0
      vertex -25.5 -28.5 0
      vertex 17.5022 -30.3333 0
    endloop
  endfacet
  facet normal 0 0 -1
    outer loop
      vertex 18.5 -29.8 0
      vertex -25.5 -28.5 0
      vertex 34.5 -28.5 0
    endloop
  endfacet
  facet normal 0 0 -1
    outer loop
      vertex 18.2659 -29.8231 0
      vertex -25.5 -28.5 0
      vertex 18.5 -29.8 0
    endloop
  endfacet
  facet normal 0 0 -1
    outer loop
      vertex 18.0408 -29.8913 0
      vertex -25.5 -28.5 0
      vertex 18.2659 -29.8231 0
    endloop
  endfacet
  facet normal 0 0 -1
    outer loop
      vertex 17.8333 -30.0022 0
      vertex -25.5 -28.5 0
      vertex 18.0408 -29.8913 0
    endloop
  endfacet
  facet normal 0 0 -1
    outer loop
      vertex 17.6515 -30.1515 0
      vertex -25.5 -28.5 0
      vertex 17.8333 -30.0022 0
    endloop
  endfacet
  facet normal 0 0 -1
    outer loop
      vertex 17.5022 -30.3333 0
      vertex -25.5 -28.5 0
      vertex 17.6515 -30.1515 0
    endloop
  endfacet
  facet normal -0.772801 0.634649 0
    outer loop
      vertex 19.3485 -31.8485 0
      vertex 19.4978 -31.6667 1.6
      vertex 19.4978 -31.6667 0
    endloop
  endfacet
  facet normal -0.772801 0.634649 0
    outer loop
      vertex 19.4978 -31.6667 1.6
      vertex 19.3485 -31.8485 0
      vertex 19.3485 -31.8485 1.6
    endloop
  endfacet
  facet normal -0.47136 0.881941 0
    outer loop
      vertex 19.1667 -31.9978 0
      vertex 18.9592 -32.1087 1.6
      vertex 19.1667 -31.9978 1.6
    endloop
  endfacet
  facet normal -0.47136 0.881941 0
    outer loop
      vertex 18.9592 -32.1087 1.6
      vertex 19.1667 -31.9978 0
      vertex 18.9592 -32.1087 0
    endloop
  endfacet
  facet normal -0.0981989 0.995167 0
    outer loop
      vertex 18.7341 -32.1769 0
      vertex 18.5 -32.2 1.6
      vertex 18.7341 -32.1769 1.6
    endloop
  endfacet
  facet normal -0.0981989 0.995167 0
    outer loop
      vertex 18.5 -32.2 1.6
      vertex 18.7341 -32.1769 0
      vertex 18.5 -32.2 0
    endloop
  endfacet
  facet normal 0.995167 0.0981989 0
    outer loop
      vertex 17.3231 -31.2341 1.6
      vertex 17.3 -31 0
      vertex 17.3 -31 1.6
    endloop
  endfacet
  facet normal 0.995167 0.0981989 0
    outer loop
      vertex 17.3 -31 0
      vertex 17.3231 -31.2341 1.6
      vertex 17.3231 -31.2341 0
    endloop
  endfacet
  facet normal -0.28996 -0.957039 0
    outer loop
      vertex 18.7341 -29.8231 0
      vertex 18.9592 -29.8913 1.6
      vertex 18.7341 -29.8231 1.6
    endloop
  endfacet
  facet normal -0.28996 -0.957039 -0
    outer loop
      vertex 18.9592 -29.8913 1.6
      vertex 18.7341 -29.8231 0
      vertex 18.9592 -29.8913 0
    endloop
  endfacet
  facet normal 0.47136 -0.881941 0
    outer loop
      vertex 17.8333 -30.0022 0
      vertex 18.0408 -29.8913 1.6
      vertex 17.8333 -30.0022 1.6
    endloop
  endfacet
  facet normal 0.47136 -0.881941 0
    outer loop
      vertex 18.0408 -29.8913 1.6
      vertex 17.8333 -30.0022 0
      vertex 18.0408 -29.8913 0
    endloop
  endfacet
  facet normal -0.881941 0.47136 0
    outer loop
      vertex 19.4978 -31.6667 0
      vertex 19.6087 -31.4592 1.6
      vertex 19.6087 -31.4592 0
    endloop
  endfacet
  facet normal -0.881941 0.47136 0
    outer loop
      vertex 19.6087 -31.4592 1.6
      vertex 19.4978 -31.6667 0
      vertex 19.4978 -31.6667 1.6
    endloop
  endfacet
  facet normal -0.995167 0.0981989 0
    outer loop
      vertex 19.6769 -31.2341 0
      vertex 19.7 -31 1.6
      vertex 19.7 -31 0
    endloop
  endfacet
  facet normal -0.995167 0.0981989 0
    outer loop
      vertex 19.7 -31 1.6
      vertex 19.6769 -31.2341 0
      vertex 19.6769 -31.2341 1.6
    endloop
  endfacet
  facet normal -0.28996 0.957039 0
    outer loop
      vertex 18.9592 -32.1087 0
      vertex 18.7341 -32.1769 1.6
      vertex 18.9592 -32.1087 1.6
    endloop
  endfacet
  facet normal -0.28996 0.957039 0
    outer loop
      vertex 18.7341 -32.1769 1.6
      vertex 18.9592 -32.1087 0
      vertex 18.7341 -32.1769 0
    endloop
  endfacet
  facet normal -0.881941 -0.47136 0
    outer loop
      vertex 19.6087 -30.5408 0
      vertex 19.4978 -30.3333 1.6
      vertex 19.4978 -30.3333 0
    endloop
  endfacet
  facet normal -0.881941 -0.47136 0
    outer loop
      vertex 19.4978 -30.3333 1.6
      vertex 19.6087 -30.5408 0
      vertex 19.6087 -30.5408 1.6
    endloop
  endfacet
  facet normal -0.47136 -0.881941 0
    outer loop
      vertex 18.9592 -29.8913 0
      vertex 19.1667 -30.0022 1.6
      vertex 18.9592 -29.8913 1.6
    endloop
  endfacet
  facet normal -0.47136 -0.881941 -0
    outer loop
      vertex 19.1667 -30.0022 1.6
      vertex 18.9592 -29.8913 0
      vertex 19.1667 -30.0022 0
    endloop
  endfacet
  facet normal 0.995167 -0.0981989 0
    outer loop
      vertex 17.3 -31 1.6
      vertex 17.3231 -30.7659 0
      vertex 17.3231 -30.7659 1.6
    endloop
  endfacet
  facet normal 0.995167 -0.0981989 0
    outer loop
      vertex 17.3231 -30.7659 0
      vertex 17.3 -31 1.6
      vertex 17.3 -31 0
    endloop
  endfacet
  facet normal 0.28996 0.957039 -0
    outer loop
      vertex 18.2659 -32.1769 0
      vertex 18.0408 -32.1087 1.6
      vertex 18.2659 -32.1769 1.6
    endloop
  endfacet
  facet normal 0.28996 0.957039 0
    outer loop
      vertex 18.0408 -32.1087 1.6
      vertex 18.2659 -32.1769 0
      vertex 18.0408 -32.1087 0
    endloop
  endfacet
  facet normal -0.957039 0.28996 0
    outer loop
      vertex 19.6087 -31.4592 0
      vertex 19.6769 -31.2341 1.6
      vertex 19.6769 -31.2341 0
    endloop
  endfacet
  facet normal -0.957039 0.28996 0
    outer loop
      vertex 19.6769 -31.2341 1.6
      vertex 19.6087 -31.4592 0
      vertex 19.6087 -31.4592 1.6
    endloop
  endfacet
  facet normal 0.634649 -0.772801 0
    outer loop
      vertex 17.6515 -30.1515 0
      vertex 17.8333 -30.0022 1.6
      vertex 17.6515 -30.1515 1.6
    endloop
  endfacet
  facet normal 0.634649 -0.772801 0
    outer loop
      vertex 17.8333 -30.0022 1.6
      vertex 17.6515 -30.1515 0
      vertex 17.8333 -30.0022 0
    endloop
  endfacet
  facet normal -0.0981989 -0.995167 0
    outer loop
      vertex 18.5 -29.8 0
      vertex 18.7341 -29.8231 1.6
      vertex 18.5 -29.8 1.6
    endloop
  endfacet
  facet normal -0.0981989 -0.995167 -0
    outer loop
      vertex 18.7341 -29.8231 1.6
      vertex 18.5 -29.8 0
      vertex 18.7341 -29.8231 0
    endloop
  endfacet
  facet normal 0.47136 0.881941 -0
    outer loop
      vertex 18.0408 -32.1087 0
      vertex 17.8333 -31.9978 1.6
      vertex 18.0408 -32.1087 1.6
    endloop
  endfacet
  facet normal 0.47136 0.881941 0
    outer loop
      vertex 17.8333 -31.9978 1.6
      vertex 18.0408 -32.1087 0
      vertex 17.8333 -31.9978 0
    endloop
  endfacet
  facet normal 0.881941 -0.47136 0
    outer loop
      vertex 17.3913 -30.5408 1.6
      vertex 17.5022 -30.3333 0
      vertex 17.5022 -30.3333 1.6
    endloop
  endfacet
  facet normal 0.881941 -0.47136 0
    outer loop
      vertex 17.5022 -30.3333 0
      vertex 17.3913 -30.5408 1.6
      vertex 17.3913 -30.5408 0
    endloop
  endfacet
  facet normal -0.634649 -0.772801 0
    outer loop
      vertex 19.1667 -30.0022 0
      vertex 19.3485 -30.1515 1.6
      vertex 19.1667 -30.0022 1.6
    endloop
  endfacet
  facet normal -0.634649 -0.772801 -0
    outer loop
      vertex 19.3485 -30.1515 1.6
      vertex 19.1667 -30.0022 0
      vertex 19.3485 -30.1515 0
    endloop
  endfacet
  facet normal -0.634649 0.772801 0
    outer loop
      vertex 19.3485 -31.8485 0
      vertex 19.1667 -31.9978 1.6
      vertex 19.3485 -31.8485 1.6
    endloop
  endfacet
  facet normal -0.634649 0.772801 0
    outer loop
      vertex 19.1667 -31.9978 1.6
      vertex 19.3485 -31.8485 0
      vertex 19.1667 -31.9978 0
    endloop
  endfacet
  facet normal -0.995167 -0.0981989 0
    outer loop
      vertex 19.7 -31 0
      vertex 19.6769 -30.7659 1.6
      vertex 19.6769 -30.7659 0
    endloop
  endfacet
  facet normal -0.995167 -0.0981989 0
    outer loop
      vertex 19.6769 -30.7659 1.6
      vertex 19.7 -31 0
      vertex 19.7 -31 1.6
    endloop
  endfacet
  facet normal 0.957039 0.28996 0
    outer loop
      vertex 17.3913 -31.4592 1.6
      vertex 17.3231 -31.2341 0
      vertex 17.3231 -31.2341 1.6
    endloop
  endfacet
  facet normal 0.957039 0.28996 0
    outer loop
      vertex 17.3231 -31.2341 0
      vertex 17.3913 -31.4592 1.6
      vertex 17.3913 -31.4592 0
    endloop
  endfacet
  facet normal 0.881941 0.47136 0
    outer loop
      vertex 17.5022 -31.6667 1.6
      vertex 17.3913 -31.4592 0
      vertex 17.3913 -31.4592 1.6
    endloop
  endfacet
  facet normal 0.881941 0.47136 0
    outer loop
      vertex 17.3913 -31.4592 0
      vertex 17.5022 -31.6667 1.6
      vertex 17.5022 -31.6667 0
    endloop
  endfacet
  facet normal -0.957039 -0.28996 0
    outer loop
      vertex 19.6769 -30.7659 0
      vertex 19.6087 -30.5408 1.6
      vertex 19.6087 -30.5408 0
    endloop
  endfacet
  facet normal -0.957039 -0.28996 0
    outer loop
      vertex 19.6087 -30.5408 1.6
      vertex 19.6769 -30.7659 0
      vertex 19.6769 -30.7659 1.6
    endloop
  endfacet
  facet normal 0.0981989 -0.995167 0
    outer loop
      vertex 18.2659 -29.8231 0
      vertex 18.5 -29.8 1.6
      vertex 18.2659 -29.8231 1.6
    endloop
  endfacet
  facet normal 0.0981989 -0.995167 0
    outer loop
      vertex 18.5 -29.8 1.6
      vertex 18.2659 -29.8231 0
      vertex 18.5 -29.8 0
    endloop
  endfacet
  facet normal 0.28996 -0.957039 0
    outer loop
      vertex 18.0408 -29.8913 0
      vertex 18.2659 -29.8231 1.6
      vertex 18.0408 -29.8913 1.6
    endloop
  endfacet
  facet normal 0.28996 -0.957039 0
    outer loop
      vertex 18.2659 -29.8231 1.6
      vertex 18.0408 -29.8913 0
      vertex 18.2659 -29.8231 0
    endloop
  endfacet
  facet normal 0.772801 0.634649 0
    outer loop
      vertex 17.6515 -31.8485 1.6
      vertex 17.5022 -31.6667 0
      vertex 17.5022 -31.6667 1.6
    endloop
  endfacet
  facet normal 0.772801 0.634649 0
    outer loop
      vertex 17.5022 -31.6667 0
      vertex 17.6515 -31.8485 1.6
      vertex 17.6515 -31.8485 0
    endloop
  endfacet
  facet normal -0.772801 -0.634649 0
    outer loop
      vertex 19.4978 -30.3333 0
      vertex 19.3485 -30.1515 1.6
      vertex 19.3485 -30.1515 0
    endloop
  endfacet
  facet normal -0.772801 -0.634649 0
    outer loop
      vertex 19.3485 -30.1515 1.6
      vertex 19.4978 -30.3333 0
      vertex 19.4978 -30.3333 1.6
    endloop
  endfacet
  facet normal 0.634649 0.772801 -0
    outer loop
      vertex 17.8333 -31.9978 0
      vertex 17.6515 -31.8485 1.6
      vertex 17.8333 -31.9978 1.6
    endloop
  endfacet
  facet normal 0.634649 0.772801 0
    outer loop
      vertex 17.6515 -31.8485 1.6
      vertex 17.8333 -31.9978 0
      vertex 17.6515 -31.8485 0
    endloop
  endfacet
  facet normal 0.957039 -0.28996 0
    outer loop
      vertex 17.3231 -30.7659 1.6
      vertex 17.3913 -30.5408 0
      vertex 17.3913 -30.5408 1.6
    endloop
  endfacet
  facet normal 0.957039 -0.28996 0
    outer loop
      vertex 17.3913 -30.5408 0
      vertex 17.3231 -30.7659 1.6
      vertex 17.3231 -30.7659 0
    endloop
  endfacet
  facet normal 0.772801 -0.634649 0
    outer loop
      vertex 17.5022 -30.3333 1.6
      vertex 17.6515 -30.1515 0
      vertex 17.6515 -30.1515 1.6
    endloop
  endfacet
  facet normal 0.772801 -0.634649 0
    outer loop
      vertex 17.6515 -30.1515 0
      vertex 17.5022 -30.3333 1.6
      vertex 17.5022 -30.3333 0
    endloop
  endfacet
  facet normal 0.0981989 0.995167 -0
    outer loop
      vertex 18.5 -32.2 0
      vertex 18.2659 -32.1769 1.6
      vertex 18.5 -32.2 1.6
    endloop
  endfacet
  facet normal 0.0981989 0.995167 0
    outer loop
      vertex 18.2659 -32.1769 1.6
      vertex 18.5 -32.2 0
      vertex 18.2659 -32.1769 0
    endloop
  endfacet
  facet normal 1 0 0
    outer loop
      vertex -22.7 -26.3 11.6
      vertex -22.7 -28.5 9.8
      vertex -22.7 -26.3 8
    endloop
  endfacet
  facet normal 1 -0 0
    outer loop
      vertex -22.7 -72.5 11.6
      vertex -22.7 -28.5 9.8
      vertex -22.7 -26.3 11.6
    endloop
  endfacet
  facet normal 1 0 0
    outer loop
      vertex -22.7 -28.5 9.8
      vertex -22.7 -72.5 11.6
      vertex -22.7 -72.5 9.8
    endloop
  endfacet
  facet normal 1 0 0
    outer loop
      vertex -22.7 -26.3 8
      vertex -22.7 -28.5 9.8
      vertex -22.7 -28.5 8
    endloop
  endfacet
  facet normal 0 -1 0
    outer loop
      vertex -28.7 -72.5 11.6
      vertex -25.7 -72.5 9.8
      vertex -22.7 -72.5 11.6
    endloop
  endfacet
  facet normal 0 -1 0
    outer loop
      vertex -28.7 -72.5 11.6
      vertex -25.7 -72.5 8
      vertex -25.7 -72.5 9.8
    endloop
  endfacet
  facet normal 0 -1 0
    outer loop
      vertex -28.7 -72.5 6
      vertex -25.7 -72.5 8
      vertex -28.7 -72.5 11.6
    endloop
  endfacet
  facet normal 0 -1 0
    outer loop
      vertex -22 -72.5 6
      vertex -25.7 -72.5 8
      vertex -28.7 -72.5 6
    endloop
  endfacet
  facet normal 0 -1 0
    outer loop
      vertex -25.7 -72.5 8
      vertex -22 -72.5 6
      vertex -19 -72.5 8
    endloop
  endfacet
  facet normal 0 -1 0
    outer loop
      vertex -19 -72.5 1.58
      vertex -22 -72.5 6
      vertex -22 -72.5 1.58
    endloop
  endfacet
  facet normal 0 -1 0
    outer loop
      vertex -22 -72.5 6
      vertex -19 -72.5 1.58
      vertex -19 -72.5 8
    endloop
  endfacet
  facet normal 0 -1 -0
    outer loop
      vertex -22.7 -72.5 11.6
      vertex -25.7 -72.5 9.8
      vertex -22.7 -72.5 9.8
    endloop
  endfacet
  facet normal 0 1 0
    outer loop
      vertex -19 -26.3 8
      vertex -22 -26.3 6
      vertex -22.7 -26.3 8
    endloop
  endfacet
  facet normal 0 1 -0
    outer loop
      vertex -19 -26.3 1.58
      vertex -22 -26.3 6
      vertex -19 -26.3 8
    endloop
  endfacet
  facet normal 0 1 0
    outer loop
      vertex -22 -26.3 6
      vertex -19 -26.3 1.58
      vertex -22 -26.3 1.58
    endloop
  endfacet
  facet normal 0 1 -0
    outer loop
      vertex -22.7 -26.3 8
      vertex -28.7 -26.3 11.6
      vertex -22.7 -26.3 11.6
    endloop
  endfacet
  facet normal 0 1 0
    outer loop
      vertex -28.7 -26.3 6
      vertex -22.7 -26.3 8
      vertex -22 -26.3 6
    endloop
  endfacet
  facet normal 0 1 0
    outer loop
      vertex -22.7 -26.3 8
      vertex -28.7 -26.3 6
      vertex -28.7 -26.3 11.6
    endloop
  endfacet
  facet normal -1 0 0
    outer loop
      vertex -28.7 -72.5 6
      vertex -28.7 -26.3 11.6
      vertex -28.7 -26.3 6
    endloop
  endfacet
  facet normal -1 -0 0
    outer loop
      vertex -28.7 -26.3 11.6
      vertex -28.7 -72.5 6
      vertex -28.7 -72.5 11.6
    endloop
  endfacet
  facet normal -0 0 1
    outer loop
      vertex -28.7 -26.3 11.6
      vertex -22.7 -72.5 11.6
      vertex -22.7 -26.3 11.6
    endloop
  endfacet
  facet normal 0 0 1
    outer loop
      vertex -22.7 -72.5 11.6
      vertex -28.7 -26.3 11.6
      vertex -28.7 -72.5 11.6
    endloop
  endfacet
  facet normal 0 0 -1
    outer loop
      vertex -28.7 -72.5 6
      vertex -22 -26.3 6
      vertex -22 -72.5 6
    endloop
  endfacet
  facet normal -0 0 -1
    outer loop
      vertex -22 -26.3 6
      vertex -28.7 -72.5 6
      vertex -28.7 -26.3 6
    endloop
  endfacet
  facet normal 0 -1 0
    outer loop
      vertex -25.7 -28.5 8
      vertex -22.7 -28.5 9.8
      vertex -25.7 -28.5 9.8
    endloop
  endfacet
  facet normal 0 -1 -0
    outer loop
      vertex -22.7 -28.5 9.8
      vertex -25.7 -28.5 8
      vertex -22.7 -28.5 8
    endloop
  endfacet
  facet normal 1 -0 0
    outer loop
      vertex -25.7 -72.5 9.8
      vertex -25.7 -28.5 8
      vertex -25.7 -28.5 9.8
    endloop
  endfacet
  facet normal 1 0 0
    outer loop
      vertex -25.7 -28.5 8
      vertex -25.7 -72.5 9.8
      vertex -25.7 -72.5 8
    endloop
  endfacet
  facet normal 0 0 -1
    outer loop
      vertex -23.3572 -61.9118 9.8
      vertex -22.7 -72.5 9.8
      vertex -23.3572 -62.0882 9.8
    endloop
  endfacet
  facet normal 0 0 -1
    outer loop
      vertex -22.7 -72.5 9.8
      vertex -23.3582 -62.0919 9.8
      vertex -23.3572 -62.0882 9.8
    endloop
  endfacet
  facet normal 0 0 -1
    outer loop
      vertex -22.7 -72.5 9.8
      vertex -23.4016 -62.2613 9.8
      vertex -23.3582 -62.0919 9.8
    endloop
  endfacet
  facet normal 0 0 -1
    outer loop
      vertex -22.7 -72.5 9.8
      vertex -23.4579 -62.367 9.8
      vertex -23.4016 -62.2613 9.8
    endloop
  endfacet
  facet normal 0 0 -1
    outer loop
      vertex -22.7 -72.5 9.8
      vertex -23.4885 -62.4243 9.8
      vertex -23.4579 -62.367 9.8
    endloop
  endfacet
  facet normal 0 0 -1
    outer loop
      vertex -22.7 -72.5 9.8
      vertex -23.6 -62.5539 9.8
      vertex -23.4885 -62.4243 9.8
    endloop
  endfacet
  facet normal 0 0 -1
    outer loop
      vertex -22.7 -72.5 9.8
      vertex -23.6105 -62.5639 9.8
      vertex -23.6 -62.5539 9.8
    endloop
  endfacet
  facet normal 0 0 -1
    outer loop
      vertex -22.7 -72.5 9.8
      vertex -23.6179 -62.571 9.8
      vertex -23.6105 -62.5639 9.8
    endloop
  endfacet
  facet normal 0 0 -1
    outer loop
      vertex -22.7 -72.5 9.8
      vertex -23.7058 -62.627 9.8
      vertex -23.6179 -62.571 9.8
    endloop
  endfacet
  facet normal 0 0 -1
    outer loop
      vertex -22.7 -72.5 9.8
      vertex -23.7659 -62.6653 9.8
      vertex -23.7058 -62.627 9.8
    endloop
  endfacet
  facet normal 0 0 -1
    outer loop
      vertex -22.7 -72.5 9.8
      vertex -23.8301 -62.6957 9.8
      vertex -23.7659 -62.6653 9.8
    endloop
  endfacet
  facet normal 0 0 -1
    outer loop
      vertex -22.7 -72.5 9.8
      vertex -23.8788 -62.7111 9.8
      vertex -23.8301 -62.6957 9.8
    endloop
  endfacet
  facet normal 0 0 -1
    outer loop
      vertex -22.7 -72.5 9.8
      vertex -23.8929 -62.7156 9.8
      vertex -23.8788 -62.7111 9.8
    endloop
  endfacet
  facet normal 0 0 -1
    outer loop
      vertex -22.7 -72.5 9.8
      vertex -23.915 -62.7199 9.8
      vertex -23.8929 -62.7156 9.8
    endloop
  endfacet
  facet normal 0 0 -1
    outer loop
      vertex -22.7 -72.5 9.8
      vertex -24.0005 -62.7366 9.8
      vertex -23.915 -62.7199 9.8
    endloop
  endfacet
  facet normal 0 0 -1
    outer loop
      vertex -22.7 -72.5 9.8
      vertex -24.0621 -62.7406 9.8
      vertex -24.0005 -62.7366 9.8
    endloop
  endfacet
  facet normal 0 0 -1
    outer loop
      vertex -22.7 -72.5 9.8
      vertex -24.1 -62.7431 9.8
      vertex -24.0621 -62.7406 9.8
    endloop
  endfacet
  facet normal 0 0 -1
    outer loop
      vertex -25.7 -72.5 9.8
      vertex -24.1 -62.7431 9.8
      vertex -22.7 -72.5 9.8
    endloop
  endfacet
  facet normal -0 0 -1
    outer loop
      vertex -24.1 -62.7431 9.8
      vertex -25.7 -72.5 9.8
      vertex -24.1379 -62.7406 9.8
    endloop
  endfacet
  facet normal -0 0 -1
    outer loop
      vertex -24.1379 -62.7406 9.8
      vertex -25.7 -72.5 9.8
      vertex -24.1995 -62.7366 9.8
    endloop
  endfacet
  facet normal -0 0 -1
    outer loop
      vertex -24.1995 -62.7366 9.8
      vertex -25.7 -72.5 9.8
      vertex -24.285 -62.7199 9.8
    endloop
  endfacet
  facet normal -0 0 -1
    outer loop
      vertex -24.285 -62.7199 9.8
      vertex -25.7 -72.5 9.8
      vertex -24.3071 -62.7156 9.8
    endloop
  endfacet
  facet normal -0 0 -1
    outer loop
      vertex -24.3071 -62.7156 9.8
      vertex -25.7 -72.5 9.8
      vertex -24.3699 -62.6957 9.8
    endloop
  endfacet
  facet normal -0 0 -1
    outer loop
      vertex -24.3699 -62.6957 9.8
      vertex -25.7 -72.5 9.8
      vertex -24.4095 -62.6769 9.8
    endloop
  endfacet
  facet normal -0 0 -1
    outer loop
      vertex -24.4095 -62.6769 9.8
      vertex -25.7 -72.5 9.8
      vertex -24.4341 -62.6653 9.8
    endloop
  endfacet
  facet normal -0 0 -1
    outer loop
      vertex -24.4341 -62.6653 9.8
      vertex -25.7 -72.5 9.8
      vertex -24.5821 -62.571 9.8
    endloop
  endfacet
  facet normal -0 0 -1
    outer loop
      vertex -24.5821 -62.571 9.8
      vertex -25.7 -72.5 9.8
      vertex -24.5895 -62.5639 9.8
    endloop
  endfacet
  facet normal -0 0 -1
    outer loop
      vertex -24.5895 -62.5639 9.8
      vertex -25.7 -72.5 9.8
      vertex -24.6 -62.5539 9.8
    endloop
  endfacet
  facet normal -0 0 -1
    outer loop
      vertex -24.6 -62.5539 9.8
      vertex -25.7 -72.5 9.8
      vertex -24.6673 -62.4757 9.8
    endloop
  endfacet
  facet normal -0 0 -1
    outer loop
      vertex -24.6673 -62.4757 9.8
      vertex -25.7 -72.5 9.8
      vertex -24.7115 -62.4243 9.8
    endloop
  endfacet
  facet normal -0 0 -1
    outer loop
      vertex -24.7115 -62.4243 9.8
      vertex -25.7 -72.5 9.8
      vertex -24.7421 -62.367 9.8
    endloop
  endfacet
  facet normal -0 0 -1
    outer loop
      vertex -24.7421 -62.367 9.8
      vertex -25.7 -72.5 9.8
      vertex -24.7984 -62.2613 9.8
    endloop
  endfacet
  facet normal -0 0 -1
    outer loop
      vertex -24.7984 -62.2613 9.8
      vertex -25.7 -72.5 9.8
      vertex -24.8046 -62.2372 9.8
    endloop
  endfacet
  facet normal -0 0 -1
    outer loop
      vertex -24.8428 -62.0882 9.8
      vertex -25.7 -72.5 9.8
      vertex -24.8428 -61.9118 9.8
    endloop
  endfacet
  facet normal -0 0 -1
    outer loop
      vertex -24.8046 -62.2372 9.8
      vertex -25.7 -72.5 9.8
      vertex -24.8428 -62.0882 9.8
    endloop
  endfacet
  facet normal 0 0 -1
    outer loop
      vertex -22.7 -72.5 9.8
      vertex -23.3572 -61.9118 9.8
      vertex -22.7 -28.5 9.8
    endloop
  endfacet
  facet normal 0 0 -1
    outer loop
      vertex -23.3582 -61.9081 9.8
      vertex -22.7 -28.5 9.8
      vertex -23.3572 -61.9118 9.8
    endloop
  endfacet
  facet normal 0 0 -1
    outer loop
      vertex -23.4016 -61.7387 9.8
      vertex -22.7 -28.5 9.8
      vertex -23.3582 -61.9081 9.8
    endloop
  endfacet
  facet normal 0 0 -1
    outer loop
      vertex -23.4579 -61.633 9.8
      vertex -22.7 -28.5 9.8
      vertex -23.4016 -61.7387 9.8
    endloop
  endfacet
  facet normal 0 0 -1
    outer loop
      vertex -23.4885 -61.5757 9.8
      vertex -22.7 -28.5 9.8
      vertex -23.4579 -61.633 9.8
    endloop
  endfacet
  facet normal 0 0 -1
    outer loop
      vertex -23.6 -61.4461 9.8
      vertex -22.7 -28.5 9.8
      vertex -23.4885 -61.5757 9.8
    endloop
  endfacet
  facet normal 0 0 -1
    outer loop
      vertex -23.6105 -61.4361 9.8
      vertex -22.7 -28.5 9.8
      vertex -23.6 -61.4461 9.8
    endloop
  endfacet
  facet normal 0 0 -1
    outer loop
      vertex -23.6179 -61.429 9.8
      vertex -22.7 -28.5 9.8
      vertex -23.6105 -61.4361 9.8
    endloop
  endfacet
  facet normal 0 0 -1
    outer loop
      vertex -23.7058 -61.373 9.8
      vertex -22.7 -28.5 9.8
      vertex -23.6179 -61.429 9.8
    endloop
  endfacet
  facet normal 0 0 -1
    outer loop
      vertex -23.7659 -61.3347 9.8
      vertex -22.7 -28.5 9.8
      vertex -23.7058 -61.373 9.8
    endloop
  endfacet
  facet normal 0 0 -1
    outer loop
      vertex -23.8301 -61.3043 9.8
      vertex -22.7 -28.5 9.8
      vertex -23.7659 -61.3347 9.8
    endloop
  endfacet
  facet normal 0 0 -1
    outer loop
      vertex -23.8788 -61.2889 9.8
      vertex -22.7 -28.5 9.8
      vertex -23.8301 -61.3043 9.8
    endloop
  endfacet
  facet normal 0 0 -1
    outer loop
      vertex -23.8929 -61.2844 9.8
      vertex -22.7 -28.5 9.8
      vertex -23.8788 -61.2889 9.8
    endloop
  endfacet
  facet normal 0 0 -1
    outer loop
      vertex -23.915 -61.2801 9.8
      vertex -22.7 -28.5 9.8
      vertex -23.8929 -61.2844 9.8
    endloop
  endfacet
  facet normal 0 0 -1
    outer loop
      vertex -24.0005 -61.2634 9.8
      vertex -22.7 -28.5 9.8
      vertex -23.915 -61.2801 9.8
    endloop
  endfacet
  facet normal 0 0 -1
    outer loop
      vertex -24.0621 -61.2594 9.8
      vertex -22.7 -28.5 9.8
      vertex -24.0005 -61.2634 9.8
    endloop
  endfacet
  facet normal 0 0 -1
    outer loop
      vertex -24.1 -61.2569 9.8
      vertex -22.7 -28.5 9.8
      vertex -24.0621 -61.2594 9.8
    endloop
  endfacet
  facet normal 0 0 -1
    outer loop
      vertex -25.7 -28.5 9.8
      vertex -24.1 -61.2569 9.8
      vertex -24.1379 -61.2594 9.8
    endloop
  endfacet
  facet normal 0 0 -1
    outer loop
      vertex -25.7 -28.5 9.8
      vertex -24.1379 -61.2594 9.8
      vertex -24.1995 -61.2634 9.8
    endloop
  endfacet
  facet normal 0 0 -1
    outer loop
      vertex -25.7 -28.5 9.8
      vertex -24.1995 -61.2634 9.8
      vertex -24.285 -61.2801 9.8
    endloop
  endfacet
  facet normal 0 0 -1
    outer loop
      vertex -25.7 -28.5 9.8
      vertex -24.285 -61.2801 9.8
      vertex -24.3071 -61.2844 9.8
    endloop
  endfacet
  facet normal 0 0 -1
    outer loop
      vertex -25.7 -28.5 9.8
      vertex -24.3071 -61.2844 9.8
      vertex -24.3699 -61.3043 9.8
    endloop
  endfacet
  facet normal 0 0 -1
    outer loop
      vertex -25.7 -28.5 9.8
      vertex -24.3699 -61.3043 9.8
      vertex -24.4095 -61.3231 9.8
    endloop
  endfacet
  facet normal 0 0 -1
    outer loop
      vertex -25.7 -28.5 9.8
      vertex -24.4095 -61.3231 9.8
      vertex -24.4341 -61.3347 9.8
    endloop
  endfacet
  facet normal 0 0 -1
    outer loop
      vertex -25.7 -28.5 9.8
      vertex -24.4341 -61.3347 9.8
      vertex -24.5821 -61.429 9.8
    endloop
  endfacet
  facet normal 0 0 -1
    outer loop
      vertex -25.7 -28.5 9.8
      vertex -24.5821 -61.429 9.8
      vertex -24.5895 -61.4361 9.8
    endloop
  endfacet
  facet normal 0 0 -1
    outer loop
      vertex -25.7 -28.5 9.8
      vertex -24.5895 -61.4361 9.8
      vertex -24.6 -61.4461 9.8
    endloop
  endfacet
  facet normal 0 0 -1
    outer loop
      vertex -25.7 -28.5 9.8
      vertex -24.6 -61.4461 9.8
      vertex -24.6673 -61.5243 9.8
    endloop
  endfacet
  facet normal 0 0 -1
    outer loop
      vertex -25.7 -28.5 9.8
      vertex -24.6673 -61.5243 9.8
      vertex -24.7115 -61.5757 9.8
    endloop
  endfacet
  facet normal 0 0 -1
    outer loop
      vertex -25.7 -28.5 9.8
      vertex -24.7115 -61.5757 9.8
      vertex -24.7421 -61.633 9.8
    endloop
  endfacet
  facet normal 0 0 -1
    outer loop
      vertex -25.7 -28.5 9.8
      vertex -24.7421 -61.633 9.8
      vertex -24.7984 -61.7387 9.8
    endloop
  endfacet
  facet normal 0 0 -1
    outer loop
      vertex -25.7 -28.5 9.8
      vertex -24.7984 -61.7387 9.8
      vertex -24.8046 -61.7628 9.8
    endloop
  endfacet
  facet normal 0 0 -1
    outer loop
      vertex -25.7 -28.5 9.8
      vertex -24.8046 -61.7628 9.8
      vertex -24.8428 -61.9118 9.8
    endloop
  endfacet
  facet normal 0 0 -1
    outer loop
      vertex -25.7 -28.5 9.8
      vertex -24.8428 -61.9118 9.8
      vertex -25.7 -72.5 9.8
    endloop
  endfacet
  facet normal 0 0 -1
    outer loop
      vertex -24.1 -61.2569 9.8
      vertex -25.7 -28.5 9.8
      vertex -22.7 -28.5 9.8
    endloop
  endfacet
  facet normal 1 0 0
    outer loop
      vertex -19 -26.3 8
      vertex -19 -28.5 1.6
      vertex -19 -26.3 1.58
    endloop
  endfacet
  facet normal 1 0 0
    outer loop
      vertex -19 -26.3 8
      vertex -19 -67.5 1.6
      vertex -19 -28.5 1.6
    endloop
  endfacet
  facet normal 1 -0 0
    outer loop
      vertex -19 -72.5 8
      vertex -19 -67.5 1.6
      vertex -19 -26.3 8
    endloop
  endfacet
  facet normal 1 0 0
    outer loop
      vertex -19 -72.5 1.58
      vertex -19 -67.5 1.6
      vertex -19 -72.5 8
    endloop
  endfacet
  facet normal 1 0 0
    outer loop
      vertex -19 -67.5 1.6
      vertex -19 -72.5 1.58
      vertex -19 -67.5 1.58
    endloop
  endfacet
  facet normal 1 0 0
    outer loop
      vertex -19 -26.3 1.58
      vertex -19 -28.5 1.6
      vertex -19 -28.5 1.58
    endloop
  endfacet
  facet normal -1 0 0
    outer loop
      vertex -22 -67.5 1.58
      vertex -22 -72.5 1.58
      vertex -22 -67.5 1.6
    endloop
  endfacet
  facet normal -1 0 0
    outer loop
      vertex -22 -28.5 1.6
      vertex -22 -26.3 1.58
      vertex -22 -28.5 1.58
    endloop
  endfacet
  facet normal -1 0 0
    outer loop
      vertex -22 -26.3 1.58
      vertex -22 -28.5 1.6
      vertex -22 -26.3 6
    endloop
  endfacet
  facet normal -1 0 0
    outer loop
      vertex -22 -67.5 1.6
      vertex -22 -26.3 6
      vertex -22 -28.5 1.6
    endloop
  endfacet
  facet normal -1 0 0
    outer loop
      vertex -22 -72.5 6
      vertex -22 -67.5 1.6
      vertex -22 -72.5 1.58
    endloop
  endfacet
  facet normal -1 0 0
    outer loop
      vertex -22 -67.5 1.6
      vertex -22 -72.5 6
      vertex -22 -26.3 6
    endloop
  endfacet
  facet normal 0 0 1
    outer loop
      vertex -22.7 -28.5 8
      vertex -19 -26.3 8
      vertex -22.7 -26.3 8
    endloop
  endfacet
  facet normal 0 0 1
    outer loop
      vertex -19 -26.3 8
      vertex -22.7 -28.5 8
      vertex -19 -72.5 8
    endloop
  endfacet
  facet normal 0 0 1
    outer loop
      vertex -25.7 -72.5 8
      vertex -22.7 -28.5 8
      vertex -25.7 -28.5 8
    endloop
  endfacet
  facet normal 0 0 1
    outer loop
      vertex -22.7 -28.5 8
      vertex -25.7 -72.5 8
      vertex -19 -72.5 8
    endloop
  endfacet
  facet normal 0 0 -1
    outer loop
      vertex -22 -72.5 1.58
      vertex -19 -67.5 1.58
      vertex -19 -72.5 1.58
    endloop
  endfacet
  facet normal -0 0 -1
    outer loop
      vertex -19 -67.5 1.58
      vertex -22 -72.5 1.58
      vertex -22 -67.5 1.58
    endloop
  endfacet
  facet normal 0 0 -1
    outer loop
      vertex -22 -28.5 1.58
      vertex -19 -26.3 1.58
      vertex -19 -28.5 1.58
    endloop
  endfacet
  facet normal -0 0 -1
    outer loop
      vertex -19 -26.3 1.58
      vertex -22 -28.5 1.58
      vertex -22 -26.3 1.58
    endloop
  endfacet
  facet normal 0.241732 -0.553703 -0.796855
    outer loop
      vertex -23.8338 -62.571 9.65725
      vertex -23.9452 -62.4243 9.52152
      vertex -23.7963 -62.4243 9.56669
    endloop
  endfacet
  facet normal -0.643997 0.553787 -0.527814
    outer loop
      vertex -24.6613 -61.5757 9.73875
      vertex -24.7115 -61.5757 9.8
      vertex -24.6673 -61.5243 9.8
    endloop
  endfacet
  facet normal 0.392379 0.553703 -0.734474
    outer loop
      vertex -23.7963 -61.5757 9.56669
      vertex -23.8338 -61.429 9.65725
      vertex -23.659 -61.5757 9.64004
    endloop
  endfacet
  facet normal 0.20573 0.705524 -0.678167
    outer loop
      vertex -23.8338 -61.429 9.65725
      vertex -23.9886 -61.3043 9.74002
      vertex -23.8815 -61.3043 9.77251
    endloop
  endfacet
  facet normal -0.392458 0.553784 -0.73437
    outer loop
      vertex -24.3662 -61.429 9.65725
      vertex -24.541 -61.5757 9.64004
      vertex -24.4865 -61.429 9.72154
    endloop
  endfacet
  facet normal -0.241744 -0.553696 -0.796857
    outer loop
      vertex -24.2357 -62.571 9.61766
      vertex -24.3662 -62.571 9.65725
      vertex -24.2548 -62.4243 9.52152
    endloop
  endfacet
  facet normal 0.449539 0.705615 -0.547743
    outer loop
      vertex -23.6179 -61.429 9.8
      vertex -23.7135 -61.429 9.72154
      vertex -23.7058 -61.373 9.8
    endloop
  endfacet
  facet normal 0.0694468 0.705569 -0.70523
    outer loop
      vertex -23.9886 -61.3043 9.74002
      vertex -24.1 -61.429 9.60429
      vertex -24.1 -61.3043 9.72905
    endloop
  endfacet
  facet normal -0.205735 0.705528 -0.678162
    outer loop
      vertex -24.2357 -61.429 9.61766
      vertex -24.3662 -61.429 9.65725
      vertex -24.2114 -61.3043 9.74002
    endloop
  endfacet
  facet normal -0.527793 -0.554183 -0.643673
    outer loop
      vertex -24.6 -62.5539 9.8
      vertex -24.541 -62.4243 9.64004
      vertex -24.5895 -62.5639 9.8
    endloop
  endfacet
  facet normal -0.528102 -0.553964 -0.643609
    outer loop
      vertex -24.541 -62.4243 9.64004
      vertex -24.6 -62.5539 9.8
      vertex -24.6613 -62.4243 9.73875
    endloop
  endfacet
  facet normal -0.758314 0.195085 -0.622014
    outer loop
      vertex -24.709 -61.7387 9.69101
      vertex -24.8046 -61.7628 9.8
      vertex -24.7984 -61.7387 9.8
    endloop
  endfacet
  facet normal -0.758363 0.193964 -0.622305
    outer loop
      vertex -24.8046 -61.7628 9.8
      vertex -24.709 -61.7387 9.69101
      vertex -24.7333 -61.9118 9.66667
    endloop
  endfacet
  facet normal 0.241732 0.553703 -0.796855
    outer loop
      vertex -23.7963 -61.5757 9.56669
      vertex -23.9452 -61.5757 9.52152
      vertex -23.8338 -61.429 9.65725
    endloop
  endfacet
  facet normal 0.756463 -0.204449 -0.621261
    outer loop
      vertex -23.3582 -62.0919 9.8
      vertex -23.4667 -62.0882 9.66667
      vertex -23.3572 -62.0882 9.8
    endloop
  endfacet
  facet normal 0.758259 -0.193967 -0.622431
    outer loop
      vertex -23.4667 -62.0882 9.66667
      vertex -23.3582 -62.0919 9.8
      vertex -23.491 -62.2613 9.69101
    endloop
  endfacet
  facet normal 0.162106 -0.829945 -0.533773
    outer loop
      vertex -23.9886 -62.6957 9.74002
      vertex -23.915 -62.7199 9.8
      vertex -24.0005 -62.7366 9.8
    endloop
  endfacet
  facet normal 0.161857 -0.830139 -0.533545
    outer loop
      vertex -23.915 -62.7199 9.8
      vertex -23.9886 -62.6957 9.74002
      vertex -23.8815 -62.6957 9.77251
    endloop
  endfacet
  facet normal -0.714757 -0.380946 -0.586517
    outer loop
      vertex -24.6613 -62.4243 9.73875
      vertex -24.7421 -62.367 9.8
      vertex -24.709 -62.2613 9.69101
    endloop
  endfacet
  facet normal -0.714848 -0.381751 -0.585883
    outer loop
      vertex -24.7421 -62.367 9.8
      vertex -24.6613 -62.4243 9.73875
      vertex -24.7115 -62.4243 9.8
    endloop
  endfacet
  facet normal -0.58656 -0.381082 -0.714649
    outer loop
      vertex -24.541 -62.4243 9.64004
      vertex -24.709 -62.2613 9.69101
      vertex -24.5785 -62.2613 9.5839
    endloop
  endfacet
  facet normal 0.268374 -0.381209 -0.884678
    outer loop
      vertex -23.7963 -62.4243 9.56669
      vertex -23.9452 -62.4243 9.52152
      vertex -23.7704 -62.2613 9.50431
    endloop
  endfacet
  facet normal 0.0547666 -0.830261 -0.554678
    outer loop
      vertex -24.1 -62.7431 9.8
      vertex -24.1 -62.6957 9.72905
      vertex -24.0621 -62.7406 9.8
    endloop
  endfacet
  facet normal 0.714919 -0.380794 -0.586419
    outer loop
      vertex -23.4579 -62.367 9.8
      vertex -23.491 -62.2613 9.69101
      vertex -23.4016 -62.2613 9.8
    endloop
  endfacet
  facet normal -0.268317 0.381153 -0.884719
    outer loop
      vertex -24.268 -61.7387 9.4553
      vertex -24.4296 -61.7387 9.50431
      vertex -24.2548 -61.5757 9.52152
    endloop
  endfacet
  facet normal -0.758051 0.194346 -0.622565
    outer loop
      vertex -24.7333 -61.9118 9.66667
      vertex -24.8428 -61.9118 9.8
      vertex -24.8046 -61.7628 9.8
    endloop
  endfacet
  facet normal -0.586489 0.380972 -0.714766
    outer loop
      vertex -24.541 -61.5757 9.64004
      vertex -24.709 -61.7387 9.69101
      vertex -24.6613 -61.5757 9.73875
    endloop
  endfacet
  facet normal -0.0906378 -0.381125 -0.92007
    outer loop
      vertex -24.2548 -62.4243 9.52152
      vertex -24.268 -62.2613 9.4553
      vertex -24.1 -62.2613 9.43875
    endloop
  endfacet
  facet normal -0.0961724 -0.194123 -0.976252
    outer loop
      vertex -24.268 -62.2613 9.4553
      vertex -24.2747 -62.0882 9.42154
      vertex -24.1 -62.2613 9.43875
    endloop
  endfacet
  facet normal 0.528375 0.553806 -0.64352
    outer loop
      vertex -23.7135 -61.429 9.72154
      vertex -23.6105 -61.4361 9.8
      vertex -23.659 -61.5757 9.64004
    endloop
  endfacet
  facet normal 0.529188 0.551548 -0.644791
    outer loop
      vertex -23.6105 -61.4361 9.8
      vertex -23.7135 -61.429 9.72154
      vertex -23.6179 -61.429 9.8
    endloop
  endfacet
  facet normal -0.0694468 0.705569 -0.70523
    outer loop
      vertex -24.1 -61.429 9.60429
      vertex -24.2114 -61.3043 9.74002
      vertex -24.1 -61.3043 9.72905
    endloop
  endfacet
  facet normal -0.622381 0.193996 -0.758293
    outer loop
      vertex -24.5785 -61.7387 9.5839
      vertex -24.7333 -61.9118 9.66667
      vertex -24.709 -61.7387 9.69101
    endloop
  endfacet
  facet normal 0.09064 0.381124 -0.92007
    outer loop
      vertex -23.9452 -61.5757 9.52152
      vertex -24.1 -61.7387 9.43875
      vertex -24.1 -61.5757 9.50627
    endloop
  endfacet
  facet normal -0.462543 0.194193 -0.865068
    outer loop
      vertex -24.4428 -61.9118 9.47251
      vertex -24.5976 -61.9118 9.55528
      vertex -24.4296 -61.7387 9.50431
    endloop
  endfacet
  facet normal -0.462543 -0.194193 -0.865068
    outer loop
      vertex -24.4296 -62.2613 9.50431
      vertex -24.5976 -62.0882 9.55528
      vertex -24.4428 -62.0882 9.47251
    endloop
  endfacet
  facet normal -0.758363 -0.193964 -0.622305
    outer loop
      vertex -24.709 -62.2613 9.69101
      vertex -24.8046 -62.2372 9.8
      vertex -24.7333 -62.0882 9.66667
    endloop
  endfacet
  facet normal -0.758314 -0.195085 -0.622014
    outer loop
      vertex -24.8046 -62.2372 9.8
      vertex -24.709 -62.2613 9.69101
      vertex -24.7984 -62.2613 9.8
    endloop
  endfacet
  facet normal 0.462543 0.194193 -0.865068
    outer loop
      vertex -23.7572 -61.9118 9.47251
      vertex -23.7704 -61.7387 9.50431
      vertex -23.6024 -61.9118 9.55528
    endloop
  endfacet
  facet normal 0.756463 0.204449 -0.621261
    outer loop
      vertex -23.4667 -61.9118 9.66667
      vertex -23.3582 -61.9081 9.8
      vertex -23.3572 -61.9118 9.8
    endloop
  endfacet
  facet normal 0.758259 0.193967 -0.622431
    outer loop
      vertex -23.3582 -61.9081 9.8
      vertex -23.4667 -61.9118 9.66667
      vertex -23.491 -61.7387 9.69101
    endloop
  endfacet
  facet normal -0.586489 -0.380972 -0.714766
    outer loop
      vertex -24.6613 -62.4243 9.73875
      vertex -24.709 -62.2613 9.69101
      vertex -24.541 -62.4243 9.64004
    endloop
  endfacet
  facet normal 0.20573 -0.705524 -0.678167
    outer loop
      vertex -23.8815 -62.6957 9.77251
      vertex -23.9886 -62.6957 9.74002
      vertex -23.8338 -62.571 9.65725
    endloop
  endfacet
  facet normal 0.0906378 -0.381125 -0.92007
    outer loop
      vertex -23.9452 -62.4243 9.52152
      vertex -24.1 -62.2613 9.43875
      vertex -23.932 -62.2613 9.4553
    endloop
  endfacet
  facet normal 0.0816485 -0.553708 -0.828698
    outer loop
      vertex -24.1 -62.571 9.60429
      vertex -24.1 -62.4243 9.50627
      vertex -23.9643 -62.571 9.61766
    endloop
  endfacet
  facet normal -0.0906378 0.381125 -0.92007
    outer loop
      vertex -24.1 -61.7387 9.43875
      vertex -24.268 -61.7387 9.4553
      vertex -24.2548 -61.5757 9.52152
    endloop
  endfacet
  facet normal -0.435612 0.38127 -0.815399
    outer loop
      vertex -24.4296 -61.7387 9.50431
      vertex -24.541 -61.5757 9.64004
      vertex -24.4037 -61.5757 9.56669
    endloop
  endfacet
  facet normal 0.586489 0.380972 -0.714766
    outer loop
      vertex -23.491 -61.7387 9.69101
      vertex -23.659 -61.5757 9.64004
      vertex -23.5387 -61.5757 9.73875
    endloop
  endfacet
  facet normal -0.0816485 0.553708 -0.828698
    outer loop
      vertex -24.1 -61.5757 9.50627
      vertex -24.2357 -61.429 9.61766
      vertex -24.1 -61.429 9.60429
    endloop
  endfacet
  facet normal -0.161494 0.830003 -0.533868
    outer loop
      vertex -24.285 -61.2801 9.8
      vertex -24.3185 -61.3043 9.77251
      vertex -24.3071 -61.2844 9.8
    endloop
  endfacet
  facet normal -0.772786 0 -0.634666
    outer loop
      vertex -24.7333 -62.0882 9.66667
      vertex -24.8428 -61.9118 9.8
      vertex -24.7333 -61.9118 9.66667
    endloop
  endfacet
  facet normal -0.772786 -0 -0.634666
    outer loop
      vertex -24.8428 -61.9118 9.8
      vertex -24.7333 -62.0882 9.66667
      vertex -24.8428 -62.0882 9.8
    endloop
  endfacet
  facet normal -0.471519 0 -0.881856
    outer loop
      vertex -24.5976 -62.0882 9.55528
      vertex -24.4428 -61.9118 9.47251
      vertex -24.4428 -62.0882 9.47251
    endloop
  endfacet
  facet normal -0.471519 0 -0.881856
    outer loop
      vertex -24.4428 -61.9118 9.47251
      vertex -24.5976 -62.0882 9.55528
      vertex -24.5976 -61.9118 9.55528
    endloop
  endfacet
  facet normal -0.46244 -0.194068 -0.865151
    outer loop
      vertex -24.5785 -62.2613 9.5839
      vertex -24.5976 -62.0882 9.55528
      vertex -24.4296 -62.2613 9.50431
    endloop
  endfacet
  facet normal -0.58656 0.381082 -0.714649
    outer loop
      vertex -24.5785 -61.7387 9.5839
      vertex -24.709 -61.7387 9.69101
      vertex -24.541 -61.5757 9.64004
    endloop
  endfacet
  facet normal -0.435829 0.381093 -0.815366
    outer loop
      vertex -24.4296 -61.7387 9.50431
      vertex -24.5785 -61.7387 9.5839
      vertex -24.541 -61.5757 9.64004
    endloop
  endfacet
  facet normal 0.0816382 0.553715 -0.828695
    outer loop
      vertex -23.9452 -61.5757 9.52152
      vertex -24.1 -61.5757 9.50627
      vertex -23.9643 -61.429 9.61766
    endloop
  endfacet
  facet normal -0.268374 0.381209 -0.884678
    outer loop
      vertex -24.2548 -61.5757 9.52152
      vertex -24.4296 -61.7387 9.50431
      vertex -24.4037 -61.5757 9.56669
    endloop
  endfacet
  facet normal -0.0961722 0.194122 -0.976252
    outer loop
      vertex -24.1 -61.9118 9.40433
      vertex -24.2747 -61.9118 9.42154
      vertex -24.1 -61.7387 9.43875
    endloop
  endfacet
  facet normal -0.284645 -0.194165 -0.938764
    outer loop
      vertex -24.4296 -62.2613 9.50431
      vertex -24.4428 -62.0882 9.47251
      vertex -24.2747 -62.0882 9.42154
    endloop
  endfacet
  facet normal -0.268374 -0.381209 -0.884678
    outer loop
      vertex -24.4037 -62.4243 9.56669
      vertex -24.4296 -62.2613 9.50431
      vertex -24.2548 -62.4243 9.52152
    endloop
  endfacet
  facet normal -0.714919 -0.380794 -0.586419
    outer loop
      vertex -24.7421 -62.367 9.8
      vertex -24.7984 -62.2613 9.8
      vertex -24.709 -62.2613 9.69101
    endloop
  endfacet
  facet normal 0.0980372 0 -0.995183
    outer loop
      vertex -24.1 -62.0882 9.40433
      vertex -23.9253 -61.9118 9.42154
      vertex -23.9253 -62.0882 9.42154
    endloop
  endfacet
  facet normal 0.0980372 0 -0.995183
    outer loop
      vertex -23.9253 -61.9118 9.42154
      vertex -24.1 -62.0882 9.40433
      vertex -24.1 -61.9118 9.40433
    endloop
  endfacet
  facet normal 0.758433 -0.194309 -0.622112
    outer loop
      vertex -23.4016 -62.2613 9.8
      vertex -23.491 -62.2613 9.69101
      vertex -23.3582 -62.0919 9.8
    endloop
  endfacet
  facet normal 0.284706 -0.194107 -0.938757
    outer loop
      vertex -23.7704 -62.2613 9.50431
      vertex -23.932 -62.2613 9.4553
      vertex -23.9253 -62.0882 9.42154
    endloop
  endfacet
  facet normal 0.772786 0 -0.634666
    outer loop
      vertex -23.3572 -62.0882 9.8
      vertex -23.4667 -61.9118 9.66667
      vertex -23.3572 -61.9118 9.8
    endloop
  endfacet
  facet normal 0.772786 0 -0.634666
    outer loop
      vertex -23.4667 -61.9118 9.66667
      vertex -23.3572 -62.0882 9.8
      vertex -23.4667 -62.0882 9.66667
    endloop
  endfacet
  facet normal 0.449539 -0.705615 -0.547743
    outer loop
      vertex -23.7058 -62.627 9.8
      vertex -23.7135 -62.571 9.72154
      vertex -23.6179 -62.571 9.8
    endloop
  endfacet
  facet normal -0.435829 -0.381093 -0.815366
    outer loop
      vertex -24.541 -62.4243 9.64004
      vertex -24.5785 -62.2613 9.5839
      vertex -24.4296 -62.2613 9.50431
    endloop
  endfacet
  facet normal -0.09064 -0.381124 -0.92007
    outer loop
      vertex -24.1 -62.4243 9.50627
      vertex -24.2548 -62.4243 9.52152
      vertex -24.1 -62.2613 9.43875
    endloop
  endfacet
  facet normal 0.09064 -0.381124 -0.92007
    outer loop
      vertex -24.1 -62.4243 9.50627
      vertex -24.1 -62.2613 9.43875
      vertex -23.9452 -62.4243 9.52152
    endloop
  endfacet
  facet normal -0.268317 -0.381153 -0.884719
    outer loop
      vertex -24.2548 -62.4243 9.52152
      vertex -24.4296 -62.2613 9.50431
      vertex -24.268 -62.2613 9.4553
    endloop
  endfacet
  facet normal -0.392458 -0.553784 -0.73437
    outer loop
      vertex -24.4865 -62.571 9.72154
      vertex -24.541 -62.4243 9.64004
      vertex -24.3662 -62.571 9.65725
    endloop
  endfacet
  facet normal -0.284706 -0.194107 -0.938757
    outer loop
      vertex -24.268 -62.2613 9.4553
      vertex -24.4296 -62.2613 9.50431
      vertex -24.2747 -62.0882 9.42154
    endloop
  endfacet
  facet normal 0.0538923 -0.829942 -0.55524
    outer loop
      vertex -24.0621 -62.7406 9.8
      vertex -23.9886 -62.6957 9.74002
      vertex -24.0005 -62.7366 9.8
    endloop
  endfacet
  facet normal 0.0546162 -0.830306 -0.554626
    outer loop
      vertex -23.9886 -62.6957 9.74002
      vertex -24.0621 -62.7406 9.8
      vertex -24.1 -62.6957 9.72905
    endloop
  endfacet
  facet normal -0.528375 0.553806 -0.64352
    outer loop
      vertex -24.5895 -61.4361 9.8
      vertex -24.4865 -61.429 9.72154
      vertex -24.541 -61.5757 9.64004
    endloop
  endfacet
  facet normal -0.529188 0.551548 -0.644791
    outer loop
      vertex -24.4865 -61.429 9.72154
      vertex -24.5895 -61.4361 9.8
      vertex -24.5821 -61.429 9.8
    endloop
  endfacet
  facet normal 0.161857 0.830139 -0.533545
    outer loop
      vertex -23.9886 -61.3043 9.74002
      vertex -23.915 -61.2801 9.8
      vertex -23.8815 -61.3043 9.77251
    endloop
  endfacet
  facet normal 0.162106 0.829945 -0.533773
    outer loop
      vertex -23.915 -61.2801 9.8
      vertex -23.9886 -61.3043 9.74002
      vertex -24.0005 -61.2634 9.8
    endloop
  endfacet
  facet normal -0.449565 0.705574 -0.547775
    outer loop
      vertex -24.4865 -61.429 9.72154
      vertex -24.5821 -61.429 9.8
      vertex -24.4341 -61.3347 9.8
    endloop
  endfacet
  facet normal -0.622415 -0.194046 -0.758252
    outer loop
      vertex -24.5785 -62.2613 9.5839
      vertex -24.7333 -62.0882 9.66667
      vertex -24.5976 -62.0882 9.55528
    endloop
  endfacet
  facet normal -0.634475 0 -0.772944
    outer loop
      vertex -24.7333 -62.0882 9.66667
      vertex -24.5976 -61.9118 9.55528
      vertex -24.5976 -62.0882 9.55528
    endloop
  endfacet
  facet normal -0.634475 0 -0.772944
    outer loop
      vertex -24.5976 -61.9118 9.55528
      vertex -24.7333 -62.0882 9.66667
      vertex -24.7333 -61.9118 9.66667
    endloop
  endfacet
  facet normal -0.46244 0.194068 -0.865151
    outer loop
      vertex -24.4296 -61.7387 9.50431
      vertex -24.5976 -61.9118 9.55528
      vertex -24.5785 -61.7387 9.5839
    endloop
  endfacet
  facet normal -0.622415 0.194046 -0.758252
    outer loop
      vertex -24.5976 -61.9118 9.55528
      vertex -24.7333 -61.9118 9.66667
      vertex -24.5785 -61.7387 9.5839
    endloop
  endfacet
  facet normal -0.241744 0.553696 -0.796857
    outer loop
      vertex -24.2548 -61.5757 9.52152
      vertex -24.3662 -61.429 9.65725
      vertex -24.2357 -61.429 9.61766
    endloop
  endfacet
  facet normal -0.09064 0.381124 -0.92007
    outer loop
      vertex -24.1 -61.7387 9.43875
      vertex -24.2548 -61.5757 9.52152
      vertex -24.1 -61.5757 9.50627
    endloop
  endfacet
  facet normal -0.241732 0.553703 -0.796855
    outer loop
      vertex -24.2548 -61.5757 9.52152
      vertex -24.4037 -61.5757 9.56669
      vertex -24.3662 -61.429 9.65725
    endloop
  endfacet
  facet normal -0.392379 0.553703 -0.734474
    outer loop
      vertex -24.4037 -61.5757 9.56669
      vertex -24.541 -61.5757 9.64004
      vertex -24.3662 -61.429 9.65725
    endloop
  endfacet
  facet normal -0.0961724 0.194123 -0.976252
    outer loop
      vertex -24.1 -61.7387 9.43875
      vertex -24.2747 -61.9118 9.42154
      vertex -24.268 -61.7387 9.4553
    endloop
  endfacet
  facet normal -0.284706 0.194107 -0.938757
    outer loop
      vertex -24.2747 -61.9118 9.42154
      vertex -24.4296 -61.7387 9.50431
      vertex -24.268 -61.7387 9.4553
    endloop
  endfacet
  facet normal 0.0694468 -0.705569 -0.70523
    outer loop
      vertex -24.1 -62.6957 9.72905
      vertex -24.1 -62.571 9.60429
      vertex -23.9886 -62.6957 9.74002
    endloop
  endfacet
  facet normal -0.622381 -0.193996 -0.758293
    outer loop
      vertex -24.709 -62.2613 9.69101
      vertex -24.7333 -62.0882 9.66667
      vertex -24.5785 -62.2613 9.5839
    endloop
  endfacet
  facet normal -0.435612 -0.38127 -0.815399
    outer loop
      vertex -24.4037 -62.4243 9.56669
      vertex -24.541 -62.4243 9.64004
      vertex -24.4296 -62.2613 9.50431
    endloop
  endfacet
  facet normal -0.758051 -0.194346 -0.622565
    outer loop
      vertex -24.8046 -62.2372 9.8
      vertex -24.8428 -62.0882 9.8
      vertex -24.7333 -62.0882 9.66667
    endloop
  endfacet
  facet normal 0.643901 0.553973 -0.527736
    outer loop
      vertex -23.5387 -61.5757 9.73875
      vertex -23.6 -61.4461 9.8
      vertex -23.4885 -61.5757 9.8
    endloop
  endfacet
  facet normal 0.528102 0.553964 -0.643609
    outer loop
      vertex -23.659 -61.5757 9.64004
      vertex -23.6 -61.4461 9.8
      vertex -23.5387 -61.5757 9.73875
    endloop
  endfacet
  facet normal 0.527793 0.554183 -0.643673
    outer loop
      vertex -23.6 -61.4461 9.8
      vertex -23.659 -61.5757 9.64004
      vertex -23.6105 -61.4361 9.8
    endloop
  endfacet
  facet normal 0.462543 -0.194193 -0.865068
    outer loop
      vertex -23.6024 -62.0882 9.55528
      vertex -23.7704 -62.2613 9.50431
      vertex -23.7572 -62.0882 9.47251
    endloop
  endfacet
  facet normal 0.435829 -0.381093 -0.815366
    outer loop
      vertex -23.659 -62.4243 9.64004
      vertex -23.7704 -62.2613 9.50431
      vertex -23.6215 -62.2613 9.5839
    endloop
  endfacet
  facet normal 0.46244 -0.194068 -0.865151
    outer loop
      vertex -23.6215 -62.2613 9.5839
      vertex -23.7704 -62.2613 9.50431
      vertex -23.6024 -62.0882 9.55528
    endloop
  endfacet
  facet normal 0.714919 0.380794 -0.586419
    outer loop
      vertex -23.4016 -61.7387 9.8
      vertex -23.491 -61.7387 9.69101
      vertex -23.4579 -61.633 9.8
    endloop
  endfacet
  facet normal 0.714848 0.381751 -0.585883
    outer loop
      vertex -23.4579 -61.633 9.8
      vertex -23.5387 -61.5757 9.73875
      vertex -23.4885 -61.5757 9.8
    endloop
  endfacet
  facet normal 0.714757 0.380946 -0.586517
    outer loop
      vertex -23.5387 -61.5757 9.73875
      vertex -23.4579 -61.633 9.8
      vertex -23.491 -61.7387 9.69101
    endloop
  endfacet
  facet normal 0.284645 0.194165 -0.938764
    outer loop
      vertex -23.7572 -61.9118 9.47251
      vertex -23.9253 -61.9118 9.42154
      vertex -23.7704 -61.7387 9.50431
    endloop
  endfacet
  facet normal 0.435829 0.381093 -0.815366
    outer loop
      vertex -23.6215 -61.7387 9.5839
      vertex -23.7704 -61.7387 9.50431
      vertex -23.659 -61.5757 9.64004
    endloop
  endfacet
  facet normal 0.622381 -0.193996 -0.758293
    outer loop
      vertex -23.491 -62.2613 9.69101
      vertex -23.6215 -62.2613 9.5839
      vertex -23.4667 -62.0882 9.66667
    endloop
  endfacet
  facet normal -0.0694468 -0.705569 -0.70523
    outer loop
      vertex -24.1 -62.6957 9.72905
      vertex -24.2114 -62.6957 9.74002
      vertex -24.1 -62.571 9.60429
    endloop
  endfacet
  facet normal 0.241744 -0.553696 -0.796857
    outer loop
      vertex -23.8338 -62.571 9.65725
      vertex -23.9643 -62.571 9.61766
      vertex -23.9452 -62.4243 9.52152
    endloop
  endfacet
  facet normal -0.205735 -0.705528 -0.678162
    outer loop
      vertex -24.2114 -62.6957 9.74002
      vertex -24.3662 -62.571 9.65725
      vertex -24.2357 -62.571 9.61766
    endloop
  endfacet
  facet normal -0.0980372 0 -0.995183
    outer loop
      vertex -24.2747 -62.0882 9.42154
      vertex -24.1 -61.9118 9.40433
      vertex -24.1 -62.0882 9.40433
    endloop
  endfacet
  facet normal -0.0980372 0 -0.995183
    outer loop
      vertex -24.1 -61.9118 9.40433
      vertex -24.2747 -62.0882 9.42154
      vertex -24.2747 -61.9118 9.42154
    endloop
  endfacet
  facet normal 0.0961724 -0.194123 -0.976252
    outer loop
      vertex -23.932 -62.2613 9.4553
      vertex -24.1 -62.2613 9.43875
      vertex -23.9253 -62.0882 9.42154
    endloop
  endfacet
  facet normal 0.392458 -0.553784 -0.73437
    outer loop
      vertex -23.7135 -62.571 9.72154
      vertex -23.8338 -62.571 9.65725
      vertex -23.659 -62.4243 9.64004
    endloop
  endfacet
  facet normal -0.527793 0.554183 -0.643673
    outer loop
      vertex -24.541 -61.5757 9.64004
      vertex -24.6 -61.4461 9.8
      vertex -24.5895 -61.4361 9.8
    endloop
  endfacet
  facet normal -0.528102 0.553964 -0.643609
    outer loop
      vertex -24.6 -61.4461 9.8
      vertex -24.541 -61.5757 9.64004
      vertex -24.6613 -61.5757 9.73875
    endloop
  endfacet
  facet normal -0.643711 0.553986 -0.527954
    outer loop
      vertex -24.6613 -61.5757 9.73875
      vertex -24.6673 -61.5243 9.8
      vertex -24.6 -61.4461 9.8
    endloop
  endfacet
  facet normal 0.262645 0.830573 -0.491086
    outer loop
      vertex -23.8301 -61.3043 9.8
      vertex -23.8815 -61.3043 9.77251
      vertex -23.8788 -61.2889 9.8
    endloop
  endfacet
  facet normal -0.0816382 0.553715 -0.828695
    outer loop
      vertex -24.1 -61.5757 9.50627
      vertex -24.2548 -61.5757 9.52152
      vertex -24.2357 -61.429 9.61766
    endloop
  endfacet
  facet normal -0.069485 0.705551 -0.705244
    outer loop
      vertex -24.1 -61.429 9.60429
      vertex -24.2357 -61.429 9.61766
      vertex -24.2114 -61.3043 9.74002
    endloop
  endfacet
  facet normal -0.20573 0.705524 -0.678167
    outer loop
      vertex -24.2114 -61.3043 9.74002
      vertex -24.3662 -61.429 9.65725
      vertex -24.3185 -61.3043 9.77251
    endloop
  endfacet
  facet normal -0.643997 -0.553787 -0.527814
    outer loop
      vertex -24.6673 -62.4757 9.8
      vertex -24.7115 -62.4243 9.8
      vertex -24.6613 -62.4243 9.73875
    endloop
  endfacet
  facet normal -0.0538923 -0.829942 -0.55524
    outer loop
      vertex -24.2114 -62.6957 9.74002
      vertex -24.1379 -62.7406 9.8
      vertex -24.1995 -62.7366 9.8
    endloop
  endfacet
  facet normal -0.0546162 -0.830306 -0.554626
    outer loop
      vertex -24.1379 -62.7406 9.8
      vertex -24.2114 -62.6957 9.74002
      vertex -24.1 -62.6957 9.72905
    endloop
  endfacet
  facet normal -0.33268 -0.705511 -0.625762
    outer loop
      vertex -24.4865 -62.571 9.72154
      vertex -24.4095 -62.6769 9.8
      vertex -24.4341 -62.6653 9.8
    endloop
  endfacet
  facet normal -0.333925 -0.705737 -0.624844
    outer loop
      vertex -24.4095 -62.6769 9.8
      vertex -24.4865 -62.571 9.72154
      vertex -24.3662 -62.571 9.65725
    endloop
  endfacet
  facet normal 0.392458 0.553784 -0.73437
    outer loop
      vertex -23.659 -61.5757 9.64004
      vertex -23.8338 -61.429 9.65725
      vertex -23.7135 -61.429 9.72154
    endloop
  endfacet
  facet normal 0.161494 0.830003 -0.533868
    outer loop
      vertex -23.8815 -61.3043 9.77251
      vertex -23.915 -61.2801 9.8
      vertex -23.8929 -61.2844 9.8
    endloop
  endfacet
  facet normal 0.0961722 0.194122 -0.976252
    outer loop
      vertex -23.9253 -61.9118 9.42154
      vertex -24.1 -61.9118 9.40433
      vertex -24.1 -61.7387 9.43875
    endloop
  endfacet
  facet normal 0.634475 0 -0.772944
    outer loop
      vertex -23.6024 -62.0882 9.55528
      vertex -23.4667 -61.9118 9.66667
      vertex -23.4667 -62.0882 9.66667
    endloop
  endfacet
  facet normal 0.634475 0 -0.772944
    outer loop
      vertex -23.4667 -61.9118 9.66667
      vertex -23.6024 -62.0882 9.55528
      vertex -23.6024 -61.9118 9.55528
    endloop
  endfacet
  facet normal 0.58656 -0.381082 -0.714649
    outer loop
      vertex -23.491 -62.2613 9.69101
      vertex -23.659 -62.4243 9.64004
      vertex -23.6215 -62.2613 9.5839
    endloop
  endfacet
  facet normal 0.268317 -0.381153 -0.884719
    outer loop
      vertex -23.7704 -62.2613 9.50431
      vertex -23.9452 -62.4243 9.52152
      vertex -23.932 -62.2613 9.4553
    endloop
  endfacet
  facet normal 0.529188 -0.551548 -0.644791
    outer loop
      vertex -23.7135 -62.571 9.72154
      vertex -23.6105 -62.5639 9.8
      vertex -23.6179 -62.571 9.8
    endloop
  endfacet
  facet normal 0.528375 -0.553806 -0.64352
    outer loop
      vertex -23.6105 -62.5639 9.8
      vertex -23.7135 -62.571 9.72154
      vertex -23.659 -62.4243 9.64004
    endloop
  endfacet
  facet normal 0.334034 0.705505 -0.625048
    outer loop
      vertex -23.8338 -61.429 9.65725
      vertex -23.8815 -61.3043 9.77251
      vertex -23.7135 -61.429 9.72154
    endloop
  endfacet
  facet normal 0.334113 0.705594 -0.624904
    outer loop
      vertex -23.7135 -61.429 9.72154
      vertex -23.8301 -61.3043 9.8
      vertex -23.7659 -61.3347 9.8
    endloop
  endfacet
  facet normal 0.334181 0.705618 -0.624841
    outer loop
      vertex -23.8301 -61.3043 9.8
      vertex -23.7135 -61.429 9.72154
      vertex -23.8815 -61.3043 9.77251
    endloop
  endfacet
  facet normal 0.758433 0.194309 -0.622112
    outer loop
      vertex -23.3582 -61.9081 9.8
      vertex -23.491 -61.7387 9.69101
      vertex -23.4016 -61.7387 9.8
    endloop
  endfacet
  facet normal 0.622415 -0.194046 -0.758252
    outer loop
      vertex -23.4667 -62.0882 9.66667
      vertex -23.6215 -62.2613 9.5839
      vertex -23.6024 -62.0882 9.55528
    endloop
  endfacet
  facet normal 0.527793 -0.554183 -0.643673
    outer loop
      vertex -23.659 -62.4243 9.64004
      vertex -23.6 -62.5539 9.8
      vertex -23.6105 -62.5639 9.8
    endloop
  endfacet
  facet normal 0.528102 -0.553964 -0.643609
    outer loop
      vertex -23.6 -62.5539 9.8
      vertex -23.659 -62.4243 9.64004
      vertex -23.5387 -62.4243 9.73875
    endloop
  endfacet
  facet normal 0.586489 -0.380972 -0.714766
    outer loop
      vertex -23.5387 -62.4243 9.73875
      vertex -23.659 -62.4243 9.64004
      vertex -23.491 -62.2613 9.69101
    endloop
  endfacet
  facet normal -0.069485 -0.705551 -0.705244
    outer loop
      vertex -24.2114 -62.6957 9.74002
      vertex -24.2357 -62.571 9.61766
      vertex -24.1 -62.571 9.60429
    endloop
  endfacet
  facet normal 0.0816382 -0.553715 -0.828695
    outer loop
      vertex -23.9643 -62.571 9.61766
      vertex -24.1 -62.4243 9.50627
      vertex -23.9452 -62.4243 9.52152
    endloop
  endfacet
  facet normal -0.392379 -0.553703 -0.734474
    outer loop
      vertex -24.3662 -62.571 9.65725
      vertex -24.541 -62.4243 9.64004
      vertex -24.4037 -62.4243 9.56669
    endloop
  endfacet
  facet normal -0.241732 -0.553703 -0.796855
    outer loop
      vertex -24.3662 -62.571 9.65725
      vertex -24.4037 -62.4243 9.56669
      vertex -24.2548 -62.4243 9.52152
    endloop
  endfacet
  facet normal 0.0961722 -0.194122 -0.976252
    outer loop
      vertex -24.1 -62.2613 9.43875
      vertex -24.1 -62.0882 9.40433
      vertex -23.9253 -62.0882 9.42154
    endloop
  endfacet
  facet normal -0.0961722 -0.194122 -0.976252
    outer loop
      vertex -24.1 -62.2613 9.43875
      vertex -24.2747 -62.0882 9.42154
      vertex -24.1 -62.0882 9.40433
    endloop
  endfacet
  facet normal 0.069485 -0.705551 -0.705244
    outer loop
      vertex -23.9886 -62.6957 9.74002
      vertex -24.1 -62.571 9.60429
      vertex -23.9643 -62.571 9.61766
    endloop
  endfacet
  facet normal 0.205735 -0.705528 -0.678162
    outer loop
      vertex -23.8338 -62.571 9.65725
      vertex -23.9886 -62.6957 9.74002
      vertex -23.9643 -62.571 9.61766
    endloop
  endfacet
  facet normal 0.334034 -0.705505 -0.625048
    outer loop
      vertex -23.7135 -62.571 9.72154
      vertex -23.8815 -62.6957 9.77251
      vertex -23.8338 -62.571 9.65725
    endloop
  endfacet
  facet normal -0.714848 0.381751 -0.585883
    outer loop
      vertex -24.6613 -61.5757 9.73875
      vertex -24.7421 -61.633 9.8
      vertex -24.7115 -61.5757 9.8
    endloop
  endfacet
  facet normal -0.714757 0.380946 -0.586517
    outer loop
      vertex -24.7421 -61.633 9.8
      vertex -24.6613 -61.5757 9.73875
      vertex -24.709 -61.7387 9.69101
    endloop
  endfacet
  facet normal -0.714919 0.380794 -0.586419
    outer loop
      vertex -24.709 -61.7387 9.69101
      vertex -24.7984 -61.7387 9.8
      vertex -24.7421 -61.633 9.8
    endloop
  endfacet
  facet normal 0.264876 0.829944 -0.490953
    outer loop
      vertex -23.8815 -61.3043 9.77251
      vertex -23.8929 -61.2844 9.8
      vertex -23.8788 -61.2889 9.8
    endloop
  endfacet
  facet normal -0.162106 0.829945 -0.533773
    outer loop
      vertex -24.2114 -61.3043 9.74002
      vertex -24.285 -61.2801 9.8
      vertex -24.1995 -61.2634 9.8
    endloop
  endfacet
  facet normal -0.161857 0.830139 -0.533545
    outer loop
      vertex -24.285 -61.2801 9.8
      vertex -24.2114 -61.3043 9.74002
      vertex -24.3185 -61.3043 9.77251
    endloop
  endfacet
  facet normal -0.0538923 0.829942 -0.55524
    outer loop
      vertex -24.1379 -61.2594 9.8
      vertex -24.2114 -61.3043 9.74002
      vertex -24.1995 -61.2634 9.8
    endloop
  endfacet
  facet normal -0.0546162 0.830306 -0.554626
    outer loop
      vertex -24.2114 -61.3043 9.74002
      vertex -24.1379 -61.2594 9.8
      vertex -24.1 -61.3043 9.72905
    endloop
  endfacet
  facet normal -0.334239 0.705493 -0.624951
    outer loop
      vertex -24.3662 -61.429 9.65725
      vertex -24.3699 -61.3043 9.8
      vertex -24.3185 -61.3043 9.77251
    endloop
  endfacet
  facet normal -0.33485 0.705322 -0.624817
    outer loop
      vertex -24.3699 -61.3043 9.8
      vertex -24.3662 -61.429 9.65725
      vertex -24.4095 -61.3231 9.8
    endloop
  endfacet
  facet normal -0.33268 0.705511 -0.625762
    outer loop
      vertex -24.4095 -61.3231 9.8
      vertex -24.4865 -61.429 9.72154
      vertex -24.4341 -61.3347 9.8
    endloop
  endfacet
  facet normal -0.333925 0.705737 -0.624844
    outer loop
      vertex -24.4865 -61.429 9.72154
      vertex -24.4095 -61.3231 9.8
      vertex -24.3662 -61.429 9.65725
    endloop
  endfacet
  facet normal -0.284645 0.194165 -0.938764
    outer loop
      vertex -24.2747 -61.9118 9.42154
      vertex -24.4428 -61.9118 9.47251
      vertex -24.4296 -61.7387 9.50431
    endloop
  endfacet
  facet normal -0.290167 0 -0.956976
    outer loop
      vertex -24.4428 -62.0882 9.47251
      vertex -24.2747 -61.9118 9.42154
      vertex -24.2747 -62.0882 9.42154
    endloop
  endfacet
  facet normal -0.290167 0 -0.956976
    outer loop
      vertex -24.2747 -61.9118 9.42154
      vertex -24.4428 -62.0882 9.47251
      vertex -24.4428 -61.9118 9.47251
    endloop
  endfacet
  facet normal 0.069485 0.705551 -0.705244
    outer loop
      vertex -23.9643 -61.429 9.61766
      vertex -24.1 -61.429 9.60429
      vertex -23.9886 -61.3043 9.74002
    endloop
  endfacet
  facet normal 0.0816485 0.553708 -0.828698
    outer loop
      vertex -23.9643 -61.429 9.61766
      vertex -24.1 -61.5757 9.50627
      vertex -24.1 -61.429 9.60429
    endloop
  endfacet
  facet normal -0.643711 -0.553986 -0.527954
    outer loop
      vertex -24.6 -62.5539 9.8
      vertex -24.6673 -62.4757 9.8
      vertex -24.6613 -62.4243 9.73875
    endloop
  endfacet
  facet normal 0.449639 0.705569 -0.54772
    outer loop
      vertex -23.7135 -61.429 9.72154
      vertex -23.7659 -61.3347 9.8
      vertex -23.7058 -61.373 9.8
    endloop
  endfacet
  facet normal 0.268317 0.381153 -0.884719
    outer loop
      vertex -23.932 -61.7387 9.4553
      vertex -23.9452 -61.5757 9.52152
      vertex -23.7704 -61.7387 9.50431
    endloop
  endfacet
  facet normal 0.284706 0.194107 -0.938757
    outer loop
      vertex -23.9253 -61.9118 9.42154
      vertex -23.932 -61.7387 9.4553
      vertex -23.7704 -61.7387 9.50431
    endloop
  endfacet
  facet normal 0.435612 -0.38127 -0.815399
    outer loop
      vertex -23.659 -62.4243 9.64004
      vertex -23.7963 -62.4243 9.56669
      vertex -23.7704 -62.2613 9.50431
    endloop
  endfacet
  facet normal 0.392379 -0.553703 -0.734474
    outer loop
      vertex -23.659 -62.4243 9.64004
      vertex -23.8338 -62.571 9.65725
      vertex -23.7963 -62.4243 9.56669
    endloop
  endfacet
  facet normal 0.714848 -0.381751 -0.585883
    outer loop
      vertex -23.5387 -62.4243 9.73875
      vertex -23.4579 -62.367 9.8
      vertex -23.4885 -62.4243 9.8
    endloop
  endfacet
  facet normal 0.714757 -0.380946 -0.586517
    outer loop
      vertex -23.4579 -62.367 9.8
      vertex -23.5387 -62.4243 9.73875
      vertex -23.491 -62.2613 9.69101
    endloop
  endfacet
  facet normal 0.643901 -0.553973 -0.527736
    outer loop
      vertex -23.4885 -62.4243 9.8
      vertex -23.6 -62.5539 9.8
      vertex -23.5387 -62.4243 9.73875
    endloop
  endfacet
  facet normal -0.0816485 -0.553708 -0.828698
    outer loop
      vertex -24.1 -62.571 9.60429
      vertex -24.2357 -62.571 9.61766
      vertex -24.1 -62.4243 9.50627
    endloop
  endfacet
  facet normal -0.0816382 -0.553715 -0.828695
    outer loop
      vertex -24.2357 -62.571 9.61766
      vertex -24.2548 -62.4243 9.52152
      vertex -24.1 -62.4243 9.50627
    endloop
  endfacet
  facet normal 0.264876 -0.829944 -0.490953
    outer loop
      vertex -23.8788 -62.7111 9.8
      vertex -23.8929 -62.7156 9.8
      vertex -23.8815 -62.6957 9.77251
    endloop
  endfacet
  facet normal -0.0547666 0.830261 -0.554678
    outer loop
      vertex -24.1 -61.3043 9.72905
      vertex -24.1379 -61.2594 9.8
      vertex -24.1 -61.2569 9.8
    endloop
  endfacet
  facet normal -0.263021 0.830038 -0.49179
    outer loop
      vertex -24.3185 -61.3043 9.77251
      vertex -24.3699 -61.3043 9.8
      vertex -24.3071 -61.2844 9.8
    endloop
  endfacet
  facet normal 0.205735 0.705528 -0.678162
    outer loop
      vertex -23.9643 -61.429 9.61766
      vertex -23.9886 -61.3043 9.74002
      vertex -23.8338 -61.429 9.65725
    endloop
  endfacet
  facet normal 0.241744 0.553696 -0.796857
    outer loop
      vertex -23.9452 -61.5757 9.52152
      vertex -23.9643 -61.429 9.61766
      vertex -23.8338 -61.429 9.65725
    endloop
  endfacet
  facet normal 0.0547666 0.830261 -0.554678
    outer loop
      vertex -24.0621 -61.2594 9.8
      vertex -24.1 -61.3043 9.72905
      vertex -24.1 -61.2569 9.8
    endloop
  endfacet
  facet normal 0.0538923 0.829942 -0.55524
    outer loop
      vertex -23.9886 -61.3043 9.74002
      vertex -24.0621 -61.2594 9.8
      vertex -24.0005 -61.2634 9.8
    endloop
  endfacet
  facet normal 0.0546162 0.830306 -0.554626
    outer loop
      vertex -24.0621 -61.2594 9.8
      vertex -23.9886 -61.3043 9.74002
      vertex -24.1 -61.3043 9.72905
    endloop
  endfacet
  facet normal -0.33485 -0.705322 -0.624817
    outer loop
      vertex -24.3662 -62.571 9.65725
      vertex -24.3699 -62.6957 9.8
      vertex -24.4095 -62.6769 9.8
    endloop
  endfacet
  facet normal -0.334239 -0.705493 -0.624951
    outer loop
      vertex -24.3699 -62.6957 9.8
      vertex -24.3662 -62.571 9.65725
      vertex -24.3185 -62.6957 9.77251
    endloop
  endfacet
  facet normal -0.20573 -0.705524 -0.678167
    outer loop
      vertex -24.3185 -62.6957 9.77251
      vertex -24.3662 -62.571 9.65725
      vertex -24.2114 -62.6957 9.74002
    endloop
  endfacet
  facet normal -0.263021 -0.830038 -0.49179
    outer loop
      vertex -24.3071 -62.7156 9.8
      vertex -24.3699 -62.6957 9.8
      vertex -24.3185 -62.6957 9.77251
    endloop
  endfacet
  facet normal -0.449565 -0.705574 -0.547775
    outer loop
      vertex -24.4341 -62.6653 9.8
      vertex -24.5821 -62.571 9.8
      vertex -24.4865 -62.571 9.72154
    endloop
  endfacet
  facet normal -0.529188 -0.551548 -0.644791
    outer loop
      vertex -24.5895 -62.5639 9.8
      vertex -24.4865 -62.571 9.72154
      vertex -24.5821 -62.571 9.8
    endloop
  endfacet
  facet normal -0.528375 -0.553806 -0.64352
    outer loop
      vertex -24.4865 -62.571 9.72154
      vertex -24.5895 -62.5639 9.8
      vertex -24.541 -62.4243 9.64004
    endloop
  endfacet
  facet normal 0.435612 0.38127 -0.815399
    outer loop
      vertex -23.7704 -61.7387 9.50431
      vertex -23.7963 -61.5757 9.56669
      vertex -23.659 -61.5757 9.64004
    endloop
  endfacet
  facet normal 0.268374 0.381209 -0.884678
    outer loop
      vertex -23.7704 -61.7387 9.50431
      vertex -23.9452 -61.5757 9.52152
      vertex -23.7963 -61.5757 9.56669
    endloop
  endfacet
  facet normal 0.58656 0.381082 -0.714649
    outer loop
      vertex -23.6215 -61.7387 9.5839
      vertex -23.659 -61.5757 9.64004
      vertex -23.491 -61.7387 9.69101
    endloop
  endfacet
  facet normal 0.622381 0.193996 -0.758293
    outer loop
      vertex -23.4667 -61.9118 9.66667
      vertex -23.6215 -61.7387 9.5839
      vertex -23.491 -61.7387 9.69101
    endloop
  endfacet
  facet normal 0.284645 -0.194165 -0.938764
    outer loop
      vertex -23.7704 -62.2613 9.50431
      vertex -23.9253 -62.0882 9.42154
      vertex -23.7572 -62.0882 9.47251
    endloop
  endfacet
  facet normal 0.471519 0 -0.881856
    outer loop
      vertex -23.7572 -62.0882 9.47251
      vertex -23.6024 -61.9118 9.55528
      vertex -23.6024 -62.0882 9.55528
    endloop
  endfacet
  facet normal 0.471519 0 -0.881856
    outer loop
      vertex -23.6024 -61.9118 9.55528
      vertex -23.7572 -62.0882 9.47251
      vertex -23.7572 -61.9118 9.47251
    endloop
  endfacet
  facet normal 0.0961724 0.194123 -0.976252
    outer loop
      vertex -23.9253 -61.9118 9.42154
      vertex -24.1 -61.7387 9.43875
      vertex -23.932 -61.7387 9.4553
    endloop
  endfacet
  facet normal 0.0906378 0.381125 -0.92007
    outer loop
      vertex -23.932 -61.7387 9.4553
      vertex -24.1 -61.7387 9.43875
      vertex -23.9452 -61.5757 9.52152
    endloop
  endfacet
  facet normal 0.334181 -0.705618 -0.624841
    outer loop
      vertex -23.7135 -62.571 9.72154
      vertex -23.8301 -62.6957 9.8
      vertex -23.8815 -62.6957 9.77251
    endloop
  endfacet
  facet normal 0.334113 -0.705594 -0.624904
    outer loop
      vertex -23.8301 -62.6957 9.8
      vertex -23.7135 -62.571 9.72154
      vertex -23.7659 -62.6653 9.8
    endloop
  endfacet
  facet normal -0.161494 -0.830003 -0.533868
    outer loop
      vertex -24.3071 -62.7156 9.8
      vertex -24.3185 -62.6957 9.77251
      vertex -24.285 -62.7199 9.8
    endloop
  endfacet
  facet normal 0.46244 0.194068 -0.865151
    outer loop
      vertex -23.6024 -61.9118 9.55528
      vertex -23.7704 -61.7387 9.50431
      vertex -23.6215 -61.7387 9.5839
    endloop
  endfacet
  facet normal 0.622415 0.194046 -0.758252
    outer loop
      vertex -23.6024 -61.9118 9.55528
      vertex -23.6215 -61.7387 9.5839
      vertex -23.4667 -61.9118 9.66667
    endloop
  endfacet
  facet normal -0.161857 -0.830139 -0.533545
    outer loop
      vertex -24.2114 -62.6957 9.74002
      vertex -24.285 -62.7199 9.8
      vertex -24.3185 -62.6957 9.77251
    endloop
  endfacet
  facet normal -0.162106 -0.829945 -0.533773
    outer loop
      vertex -24.285 -62.7199 9.8
      vertex -24.2114 -62.6957 9.74002
      vertex -24.1995 -62.7366 9.8
    endloop
  endfacet
  facet normal -0.0547666 -0.830261 -0.554678
    outer loop
      vertex -24.1 -62.7431 9.8
      vertex -24.1379 -62.7406 9.8
      vertex -24.1 -62.6957 9.72905
    endloop
  endfacet
  facet normal 0.290167 0 -0.956976
    outer loop
      vertex -23.9253 -62.0882 9.42154
      vertex -23.7572 -61.9118 9.47251
      vertex -23.7572 -62.0882 9.47251
    endloop
  endfacet
  facet normal 0.290167 0 -0.956976
    outer loop
      vertex -23.7572 -61.9118 9.47251
      vertex -23.9253 -62.0882 9.42154
      vertex -23.9253 -61.9118 9.42154
    endloop
  endfacet
  facet normal 0.449639 -0.705569 -0.54772
    outer loop
      vertex -23.7058 -62.627 9.8
      vertex -23.7659 -62.6653 9.8
      vertex -23.7135 -62.571 9.72154
    endloop
  endfacet
  facet normal 0.161494 -0.830003 -0.533868
    outer loop
      vertex -23.8929 -62.7156 9.8
      vertex -23.915 -62.7199 9.8
      vertex -23.8815 -62.6957 9.77251
    endloop
  endfacet
  facet normal 0.262645 -0.830573 -0.491086
    outer loop
      vertex -23.8788 -62.7111 9.8
      vertex -23.8815 -62.6957 9.77251
      vertex -23.8301 -62.6957 9.8
    endloop
  endfacet
  facet normal -0.881957 -0.471329 0
    outer loop
      vertex 16.0056 -66.6667 1.6
      vertex 15.7284 -66.148 8
      vertex 15.7284 -66.148 1.6
    endloop
  endfacet
  facet normal -0.881957 -0.471329 0
    outer loop
      vertex 15.7284 -66.148 8
      vertex 16.0056 -66.6667 1.6
      vertex 16.0056 -66.6667 8
    endloop
  endfacet
  facet normal -0.95689 -0.290451 0
    outer loop
      vertex 15.7284 -66.148 1.6
      vertex 15.5576 -65.5853 8
      vertex 15.5576 -65.5853 1.6
    endloop
  endfacet
  facet normal -0.95689 -0.290451 0
    outer loop
      vertex 15.5576 -65.5853 8
      vertex 15.7284 -66.148 1.6
      vertex 15.7284 -66.148 8
    endloop
  endfacet
  facet normal 0.634413 0.772994 -0
    outer loop
      vertex 20.6213 -62.8787 1.6
      vertex 20.1667 -62.5056 8
      vertex 20.6213 -62.8787 8
    endloop
  endfacet
  facet normal 0.634413 0.772994 0
    outer loop
      vertex 20.1667 -62.5056 8
      vertex 20.6213 -62.8787 1.6
      vertex 20.1667 -62.5056 1.6
    endloop
  endfacet
  facet normal -0.772994 0.634413 0
    outer loop
      vertex 16.0056 -63.3333 1.6
      vertex 16.3787 -62.8787 8
      vertex 16.3787 -62.8787 1.6
    endloop
  endfacet
  facet normal -0.772994 0.634413 0
    outer loop
      vertex 16.3787 -62.8787 8
      vertex 16.0056 -63.3333 1.6
      vertex 16.0056 -63.3333 8
    endloop
  endfacet
  facet normal 0.995193 -0.097938 0
    outer loop
      vertex 21.4424 -65.5853 8
      vertex 21.5 -65 1.6
      vertex 21.5 -65 8
    endloop
  endfacet
  facet normal 0.995193 -0.097938 0
    outer loop
      vertex 21.5 -65 1.6
      vertex 21.4424 -65.5853 8
      vertex 21.4424 -65.5853 1.6
    endloop
  endfacet
  facet normal 0.881957 0.471329 0
    outer loop
      vertex 21.2716 -63.852 8
      vertex 20.9944 -63.3333 1.6
      vertex 20.9944 -63.3333 8
    endloop
  endfacet
  facet normal 0.881957 0.471329 0
    outer loop
      vertex 20.9944 -63.3333 1.6
      vertex 21.2716 -63.852 8
      vertex 21.2716 -63.852 1.6
    endloop
  endfacet
  facet normal 0.881957 -0.471329 0
    outer loop
      vertex 20.9944 -66.6667 8
      vertex 21.2716 -66.148 1.6
      vertex 21.2716 -66.148 8
    endloop
  endfacet
  facet normal 0.881957 -0.471329 0
    outer loop
      vertex 21.2716 -66.148 1.6
      vertex 20.9944 -66.6667 8
      vertex 20.9944 -66.6667 1.6
    endloop
  endfacet
  facet normal 0 0 1
    outer loop
      vertex 19.3 -65 8
      vertex 21.5 -65 8
      vertex 21.4424 -64.4147 8
    endloop
  endfacet
  facet normal 0 0 1
    outer loop
      vertex 19.2846 -64.8439 8
      vertex 21.4424 -64.4147 8
      vertex 21.2716 -63.852 8
    endloop
  endfacet
  facet normal 0 0 1
    outer loop
      vertex 21.5 -65 8
      vertex 19.3 -65 8
      vertex 21.4424 -65.5853 8
    endloop
  endfacet
  facet normal 0 0 1
    outer loop
      vertex 19.2391 -64.6939 8
      vertex 21.2716 -63.852 8
      vertex 20.9944 -63.3333 8
    endloop
  endfacet
  facet normal -0 0 1
    outer loop
      vertex 19.2846 -65.1561 8
      vertex 21.4424 -65.5853 8
      vertex 19.3 -65 8
    endloop
  endfacet
  facet normal 0 0 1
    outer loop
      vertex 19.1652 -64.5555 8
      vertex 20.9944 -63.3333 8
      vertex 20.6213 -62.8787 8
    endloop
  endfacet
  facet normal 0 0 1
    outer loop
      vertex 21.4424 -65.5853 8
      vertex 19.2846 -65.1561 8
      vertex 21.2716 -66.148 8
    endloop
  endfacet
  facet normal 0 0 1
    outer loop
      vertex 19.0657 -64.4343 8
      vertex 20.6213 -62.8787 8
      vertex 20.1667 -62.5056 8
    endloop
  endfacet
  facet normal -0 0 1
    outer loop
      vertex 19.2391 -65.3061 8
      vertex 21.2716 -66.148 8
      vertex 19.2846 -65.1561 8
    endloop
  endfacet
  facet normal 0 0 1
    outer loop
      vertex 18.9445 -64.3348 8
      vertex 20.1667 -62.5056 8
      vertex 19.648 -62.2284 8
    endloop
  endfacet
  facet normal 0 0 1
    outer loop
      vertex 21.2716 -66.148 8
      vertex 19.2391 -65.3061 8
      vertex 20.9944 -66.6667 8
    endloop
  endfacet
  facet normal -0 0 1
    outer loop
      vertex 19.1652 -65.4445 8
      vertex 20.9944 -66.6667 8
      vertex 19.2391 -65.3061 8
    endloop
  endfacet
  facet normal 0 0 1
    outer loop
      vertex 21.4424 -64.4147 8
      vertex 19.2846 -64.8439 8
      vertex 19.3 -65 8
    endloop
  endfacet
  facet normal 0 0 1
    outer loop
      vertex 21.2716 -63.852 8
      vertex 19.2391 -64.6939 8
      vertex 19.2846 -64.8439 8
    endloop
  endfacet
  facet normal 0 0 1
    outer loop
      vertex 20.9944 -63.3333 8
      vertex 19.1652 -64.5555 8
      vertex 19.2391 -64.6939 8
    endloop
  endfacet
  facet normal 0 0 1
    outer loop
      vertex 18.8061 -64.2609 8
      vertex 19.648 -62.2284 8
      vertex 19.0853 -62.0576 8
    endloop
  endfacet
  facet normal 0 0 1
    outer loop
      vertex 20.6213 -62.8787 8
      vertex 19.0657 -64.4343 8
      vertex 19.1652 -64.5555 8
    endloop
  endfacet
  facet normal 0 0 1
    outer loop
      vertex 20.1667 -62.5056 8
      vertex 18.9445 -64.3348 8
      vertex 19.0657 -64.4343 8
    endloop
  endfacet
  facet normal 0 0 1
    outer loop
      vertex 19.648 -62.2284 8
      vertex 18.8061 -64.2609 8
      vertex 18.9445 -64.3348 8
    endloop
  endfacet
  facet normal 0 0 1
    outer loop
      vertex 19.0853 -62.0576 8
      vertex 18.6561 -64.2154 8
      vertex 18.8061 -64.2609 8
    endloop
  endfacet
  facet normal 0 0 1
    outer loop
      vertex 18.5 -62 8
      vertex 18.6561 -64.2154 8
      vertex 19.0853 -62.0576 8
    endloop
  endfacet
  facet normal 0 0 1
    outer loop
      vertex 18.5 -62 8
      vertex 18.5 -64.2 8
      vertex 18.6561 -64.2154 8
    endloop
  endfacet
  facet normal 0 0 1
    outer loop
      vertex 18.5 -62 8
      vertex 18.3439 -64.2154 8
      vertex 18.5 -64.2 8
    endloop
  endfacet
  facet normal -0 0 1
    outer loop
      vertex 17.9147 -62.0576 8
      vertex 18.3439 -64.2154 8
      vertex 18.5 -62 8
    endloop
  endfacet
  facet normal 0 0 1
    outer loop
      vertex 18.3439 -64.2154 8
      vertex 17.9147 -62.0576 8
      vertex 18.1939 -64.2609 8
    endloop
  endfacet
  facet normal -0 0 1
    outer loop
      vertex 17.3519 -62.2284 8
      vertex 18.1939 -64.2609 8
      vertex 17.9147 -62.0576 8
    endloop
  endfacet
  facet normal 0 0 1
    outer loop
      vertex 18.1939 -64.2609 8
      vertex 17.3519 -62.2284 8
      vertex 18.0555 -64.3348 8
    endloop
  endfacet
  facet normal -0 0 1
    outer loop
      vertex 16.8333 -62.5056 8
      vertex 18.0555 -64.3348 8
      vertex 17.3519 -62.2284 8
    endloop
  endfacet
  facet normal 0 0 1
    outer loop
      vertex 18.0555 -64.3348 8
      vertex 16.8333 -62.5056 8
      vertex 17.9343 -64.4343 8
    endloop
  endfacet
  facet normal -0 0 1
    outer loop
      vertex 16.3787 -62.8787 8
      vertex 17.9343 -64.4343 8
      vertex 16.8333 -62.5056 8
    endloop
  endfacet
  facet normal 0 0 1
    outer loop
      vertex 17.9343 -64.4343 8
      vertex 16.3787 -62.8787 8
      vertex 17.8348 -64.5555 8
    endloop
  endfacet
  facet normal -0 0 1
    outer loop
      vertex 16.0056 -63.3333 8
      vertex 17.8348 -64.5555 8
      vertex 16.3787 -62.8787 8
    endloop
  endfacet
  facet normal 0 0 1
    outer loop
      vertex 20.9944 -66.6667 8
      vertex 19.1652 -65.4445 8
      vertex 20.6213 -67.1213 8
    endloop
  endfacet
  facet normal -0 0 1
    outer loop
      vertex 19.0657 -65.5657 8
      vertex 20.6213 -67.1213 8
      vertex 19.1652 -65.4445 8
    endloop
  endfacet
  facet normal 0 0 1
    outer loop
      vertex 20.6213 -67.1213 8
      vertex 19.0657 -65.5657 8
      vertex 20.1667 -67.4944 8
    endloop
  endfacet
  facet normal -0 0 1
    outer loop
      vertex 18.9445 -65.6652 8
      vertex 20.1667 -67.4944 8
      vertex 19.0657 -65.5657 8
    endloop
  endfacet
  facet normal 0 0 1
    outer loop
      vertex 20.1667 -67.4944 8
      vertex 18.9445 -65.6652 8
      vertex 19.648 -67.7716 8
    endloop
  endfacet
  facet normal -0 0 1
    outer loop
      vertex 18.8061 -65.7391 8
      vertex 19.648 -67.7716 8
      vertex 18.9445 -65.6652 8
    endloop
  endfacet
  facet normal 0 0 1
    outer loop
      vertex 19.648 -67.7716 8
      vertex 18.8061 -65.7391 8
      vertex 19.0853 -67.9424 8
    endloop
  endfacet
  facet normal -0 0 1
    outer loop
      vertex 18.6561 -65.7846 8
      vertex 19.0853 -67.9424 8
      vertex 18.8061 -65.7391 8
    endloop
  endfacet
  facet normal -0 0 1
    outer loop
      vertex 18.5 -65.8 8
      vertex 19.0853 -67.9424 8
      vertex 18.6561 -65.7846 8
    endloop
  endfacet
  facet normal 0 0 1
    outer loop
      vertex 18.5 -65.8 8
      vertex 18.5 -68 8
      vertex 19.0853 -67.9424 8
    endloop
  endfacet
  facet normal 0 0 1
    outer loop
      vertex 18.3439 -65.7846 8
      vertex 18.5 -68 8
      vertex 18.5 -65.8 8
    endloop
  endfacet
  facet normal 0 0 1
    outer loop
      vertex 17.9147 -67.9424 8
      vertex 18.3439 -65.7846 8
      vertex 18.1939 -65.7391 8
    endloop
  endfacet
  facet normal 0 0 1
    outer loop
      vertex 17.3519 -67.7716 8
      vertex 18.1939 -65.7391 8
      vertex 18.0555 -65.6652 8
    endloop
  endfacet
  facet normal 0 0 1
    outer loop
      vertex 16.8333 -67.4944 8
      vertex 18.0555 -65.6652 8
      vertex 17.9343 -65.5657 8
    endloop
  endfacet
  facet normal 0 0 1
    outer loop
      vertex 18.3439 -65.7846 8
      vertex 17.9147 -67.9424 8
      vertex 18.5 -68 8
    endloop
  endfacet
  facet normal 0 0 1
    outer loop
      vertex 16.3787 -67.1213 8
      vertex 17.9343 -65.5657 8
      vertex 17.8348 -65.4445 8
    endloop
  endfacet
  facet normal 0 0 1
    outer loop
      vertex 16.0056 -66.6667 8
      vertex 17.8348 -65.4445 8
      vertex 17.7609 -65.3061 8
    endloop
  endfacet
  facet normal 0 0 1
    outer loop
      vertex 15.7284 -66.148 8
      vertex 17.7609 -65.3061 8
      vertex 17.7154 -65.1561 8
    endloop
  endfacet
  facet normal 0 0 1
    outer loop
      vertex 15.5576 -65.5853 8
      vertex 17.7154 -65.1561 8
      vertex 17.7 -65 8
    endloop
  endfacet
  facet normal 0 0 1
    outer loop
      vertex 17.8348 -64.5555 8
      vertex 16.0056 -63.3333 8
      vertex 17.7609 -64.6939 8
    endloop
  endfacet
  facet normal 0 0 1
    outer loop
      vertex 18.1939 -65.7391 8
      vertex 17.3519 -67.7716 8
      vertex 17.9147 -67.9424 8
    endloop
  endfacet
  facet normal -0 0 1
    outer loop
      vertex 15.7284 -63.852 8
      vertex 17.7609 -64.6939 8
      vertex 16.0056 -63.3333 8
    endloop
  endfacet
  facet normal 0 0 1
    outer loop
      vertex 18.0555 -65.6652 8
      vertex 16.8333 -67.4944 8
      vertex 17.3519 -67.7716 8
    endloop
  endfacet
  facet normal 0 0 1
    outer loop
      vertex 17.7609 -64.6939 8
      vertex 15.7284 -63.852 8
      vertex 17.7154 -64.8439 8
    endloop
  endfacet
  facet normal 0 0 1
    outer loop
      vertex 17.9343 -65.5657 8
      vertex 16.3787 -67.1213 8
      vertex 16.8333 -67.4944 8
    endloop
  endfacet
  facet normal -0 0 1
    outer loop
      vertex 15.5576 -64.4147 8
      vertex 17.7154 -64.8439 8
      vertex 15.7284 -63.852 8
    endloop
  endfacet
  facet normal 0 0 1
    outer loop
      vertex 17.8348 -65.4445 8
      vertex 16.0056 -66.6667 8
      vertex 16.3787 -67.1213 8
    endloop
  endfacet
  facet normal 0 0 1
    outer loop
      vertex 17.7154 -64.8439 8
      vertex 15.5576 -64.4147 8
      vertex 17.7 -65 8
    endloop
  endfacet
  facet normal 0 0 1
    outer loop
      vertex 17.7609 -65.3061 8
      vertex 15.7284 -66.148 8
      vertex 16.0056 -66.6667 8
    endloop
  endfacet
  facet normal 0 0 1
    outer loop
      vertex 15.5 -65 8
      vertex 17.7 -65 8
      vertex 15.5576 -64.4147 8
    endloop
  endfacet
  facet normal 0 0 1
    outer loop
      vertex 17.7154 -65.1561 8
      vertex 15.5576 -65.5853 8
      vertex 15.7284 -66.148 8
    endloop
  endfacet
  facet normal 0 0 1
    outer loop
      vertex 17.7 -65 8
      vertex 15.5 -65 8
      vertex 15.5576 -65.5853 8
    endloop
  endfacet
  facet normal 0.995193 0.097938 0
    outer loop
      vertex 21.5 -65 8
      vertex 21.4424 -64.4147 1.6
      vertex 21.4424 -64.4147 8
    endloop
  endfacet
  facet normal 0.995193 0.097938 0
    outer loop
      vertex 21.4424 -64.4147 1.6
      vertex 21.5 -65 8
      vertex 21.5 -65 1.6
    endloop
  endfacet
  facet normal -0.290404 0.956904 0
    outer loop
      vertex 17.9147 -62.0576 1.6
      vertex 17.3519 -62.2284 8
      vertex 17.9147 -62.0576 8
    endloop
  endfacet
  facet normal -0.290404 0.956904 0
    outer loop
      vertex 17.3519 -62.2284 8
      vertex 17.9147 -62.0576 1.6
      vertex 17.3519 -62.2284 1.6
    endloop
  endfacet
  facet normal 0.95689 0.290451 0
    outer loop
      vertex 21.4424 -64.4147 8
      vertex 21.2716 -63.852 1.6
      vertex 21.2716 -63.852 8
    endloop
  endfacet
  facet normal 0.95689 0.290451 0
    outer loop
      vertex 21.2716 -63.852 1.6
      vertex 21.4424 -64.4147 8
      vertex 21.4424 -64.4147 1.6
    endloop
  endfacet
  facet normal 0.95689 -0.290451 0
    outer loop
      vertex 21.2716 -66.148 8
      vertex 21.4424 -65.5853 1.6
      vertex 21.4424 -65.5853 8
    endloop
  endfacet
  facet normal 0.95689 -0.290451 0
    outer loop
      vertex 21.4424 -65.5853 1.6
      vertex 21.2716 -66.148 8
      vertex 21.2716 -66.148 1.6
    endloop
  endfacet
  facet normal 0.290451 0.95689 -0
    outer loop
      vertex 19.648 -62.2284 1.6
      vertex 19.0853 -62.0576 8
      vertex 19.648 -62.2284 8
    endloop
  endfacet
  facet normal 0.290451 0.95689 0
    outer loop
      vertex 19.0853 -62.0576 8
      vertex 19.648 -62.2284 1.6
      vertex 19.0853 -62.0576 1.6
    endloop
  endfacet
  facet normal -0.995193 -0.097938 0
    outer loop
      vertex 15.5576 -65.5853 1.6
      vertex 15.5 -65 8
      vertex 15.5 -65 1.6
    endloop
  endfacet
  facet normal -0.995193 -0.097938 0
    outer loop
      vertex 15.5 -65 8
      vertex 15.5576 -65.5853 1.6
      vertex 15.5576 -65.5853 8
    endloop
  endfacet
  facet normal -0.995193 0.097938 0
    outer loop
      vertex 15.5 -65 1.6
      vertex 15.5576 -64.4147 8
      vertex 15.5576 -64.4147 1.6
    endloop
  endfacet
  facet normal -0.995193 0.097938 0
    outer loop
      vertex 15.5576 -64.4147 8
      vertex 15.5 -65 1.6
      vertex 15.5 -65 8
    endloop
  endfacet
  facet normal -0.881957 0.471329 0
    outer loop
      vertex 15.7284 -63.852 1.6
      vertex 16.0056 -63.3333 8
      vertex 16.0056 -63.3333 1.6
    endloop
  endfacet
  facet normal -0.881957 0.471329 0
    outer loop
      vertex 16.0056 -63.3333 8
      vertex 15.7284 -63.852 1.6
      vertex 15.7284 -63.852 8
    endloop
  endfacet
  facet normal -0.097938 0.995193 0
    outer loop
      vertex 18.5 -62 1.6
      vertex 17.9147 -62.0576 8
      vertex 18.5 -62 8
    endloop
  endfacet
  facet normal -0.097938 0.995193 0
    outer loop
      vertex 17.9147 -62.0576 8
      vertex 18.5 -62 1.6
      vertex 17.9147 -62.0576 1.6
    endloop
  endfacet
  facet normal -0.097938 -0.995193 0
    outer loop
      vertex 17.9147 -67.9424 0
      vertex 18.5 -68 8
      vertex 17.9147 -67.9424 8
    endloop
  endfacet
  facet normal -0.097938 -0.995193 -0
    outer loop
      vertex 18.5 -68 8
      vertex 17.9147 -67.9424 0
      vertex 18.5 -68 0
    endloop
  endfacet
  facet normal 0.634413 -0.772994 0
    outer loop
      vertex 20.1667 -67.4944 1.6
      vertex 20.6213 -67.1213 8
      vertex 20.1667 -67.4944 8
    endloop
  endfacet
  facet normal 0.634413 -0.772994 0
    outer loop
      vertex 20.6213 -67.1213 8
      vertex 20.1667 -67.4944 1.6
      vertex 20.6213 -67.1213 1.6
    endloop
  endfacet
  facet normal -0.470588 -0.882353 0
    outer loop
      vertex 16.8438 -67.5 1.6
      vertex 16.8333 -67.4944 8
      vertex 16.8333 -67.4944 1.6
    endloop
  endfacet
  facet normal -0.4714 -0.881919 -1.71121e-06
    outer loop
      vertex 16.8333 -67.4944 8
      vertex 16.8438 -67.5 1.6
      vertex 17.3519 -67.7716 8
    endloop
  endfacet
  facet normal -0.471417 -0.881911 0
    outer loop
      vertex 17.3519 -67.7716 0
      vertex 16.8438 -67.5 1.6
      vertex 16.8438 -67.5 0
    endloop
  endfacet
  facet normal -0.471417 -0.881911 0
    outer loop
      vertex 16.8438 -67.5 1.6
      vertex 17.3519 -67.7716 0
      vertex 17.3519 -67.7716 8
    endloop
  endfacet
  facet normal 0.471329 -0.881957 -1.56217e-06
    outer loop
      vertex 19.648 -67.7716 8
      vertex 20.1562 -67.5 1.6
      vertex 20.1667 -67.4944 8
    endloop
  endfacet
  facet normal 0.471345 -0.881949 0
    outer loop
      vertex 19.648 -67.7716 0
      vertex 20.1562 -67.5 1.6
      vertex 19.648 -67.7716 8
    endloop
  endfacet
  facet normal 0.471345 -0.881949 0
    outer loop
      vertex 20.1562 -67.5 1.6
      vertex 19.648 -67.7716 0
      vertex 20.1562 -67.5 0
    endloop
  endfacet
  facet normal 0.470588 -0.882353 0
    outer loop
      vertex 20.1667 -67.4944 8
      vertex 20.1562 -67.5 1.6
      vertex 20.1667 -67.4944 1.6
    endloop
  endfacet
  facet normal 0.471329 0.881957 -0
    outer loop
      vertex 20.1667 -62.5056 1.6
      vertex 19.648 -62.2284 8
      vertex 20.1667 -62.5056 8
    endloop
  endfacet
  facet normal 0.471329 0.881957 0
    outer loop
      vertex 19.648 -62.2284 8
      vertex 20.1667 -62.5056 1.6
      vertex 19.648 -62.2284 1.6
    endloop
  endfacet
  facet normal 0.772994 0.634413 0
    outer loop
      vertex 20.9944 -63.3333 8
      vertex 20.6213 -62.8787 1.6
      vertex 20.6213 -62.8787 8
    endloop
  endfacet
  facet normal 0.772994 0.634413 0
    outer loop
      vertex 20.6213 -62.8787 1.6
      vertex 20.9944 -63.3333 8
      vertex 20.9944 -63.3333 1.6
    endloop
  endfacet
  facet normal 0.772994 -0.634413 0
    outer loop
      vertex 20.6213 -67.1213 8
      vertex 20.9944 -66.6667 1.6
      vertex 20.9944 -66.6667 8
    endloop
  endfacet
  facet normal 0.772994 -0.634413 0
    outer loop
      vertex 20.9944 -66.6667 1.6
      vertex 20.6213 -67.1213 8
      vertex 20.6213 -67.1213 1.6
    endloop
  endfacet
  facet normal 0.097938 -0.995193 0
    outer loop
      vertex 18.5 -68 0
      vertex 19.0853 -67.9424 8
      vertex 18.5 -68 8
    endloop
  endfacet
  facet normal 0.097938 -0.995193 0
    outer loop
      vertex 19.0853 -67.9424 8
      vertex 18.5 -68 0
      vertex 19.0853 -67.9424 0
    endloop
  endfacet
  facet normal -0.290404 -0.956904 0
    outer loop
      vertex 17.3519 -67.7716 0
      vertex 17.9147 -67.9424 8
      vertex 17.3519 -67.7716 8
    endloop
  endfacet
  facet normal -0.290404 -0.956904 -0
    outer loop
      vertex 17.9147 -67.9424 8
      vertex 17.3519 -67.7716 0
      vertex 17.9147 -67.9424 0
    endloop
  endfacet
  facet normal -0.634413 0.772994 0
    outer loop
      vertex 16.8333 -62.5056 1.6
      vertex 16.3787 -62.8787 8
      vertex 16.8333 -62.5056 8
    endloop
  endfacet
  facet normal -0.634413 0.772994 0
    outer loop
      vertex 16.3787 -62.8787 8
      vertex 16.8333 -62.5056 1.6
      vertex 16.3787 -62.8787 1.6
    endloop
  endfacet
  facet normal -0.95689 0.290451 0
    outer loop
      vertex 15.5576 -64.4147 1.6
      vertex 15.7284 -63.852 8
      vertex 15.7284 -63.852 1.6
    endloop
  endfacet
  facet normal -0.95689 0.290451 0
    outer loop
      vertex 15.7284 -63.852 8
      vertex 15.5576 -64.4147 1.6
      vertex 15.5576 -64.4147 8
    endloop
  endfacet
  facet normal -0.4714 0.881919 0
    outer loop
      vertex 17.3519 -62.2284 1.6
      vertex 16.8333 -62.5056 8
      vertex 17.3519 -62.2284 8
    endloop
  endfacet
  facet normal -0.4714 0.881919 0
    outer loop
      vertex 16.8333 -62.5056 8
      vertex 17.3519 -62.2284 1.6
      vertex 16.8333 -62.5056 1.6
    endloop
  endfacet
  facet normal -0.772994 -0.634413 0
    outer loop
      vertex 16.3787 -67.1213 1.6
      vertex 16.0056 -66.6667 8
      vertex 16.0056 -66.6667 1.6
    endloop
  endfacet
  facet normal -0.772994 -0.634413 0
    outer loop
      vertex 16.0056 -66.6667 8
      vertex 16.3787 -67.1213 1.6
      vertex 16.3787 -67.1213 8
    endloop
  endfacet
  facet normal -0.634413 -0.772994 0
    outer loop
      vertex 16.3787 -67.1213 1.6
      vertex 16.8333 -67.4944 8
      vertex 16.3787 -67.1213 8
    endloop
  endfacet
  facet normal -0.634413 -0.772994 -0
    outer loop
      vertex 16.8333 -67.4944 8
      vertex 16.3787 -67.1213 1.6
      vertex 16.8333 -67.4944 1.6
    endloop
  endfacet
  facet normal 0.290451 -0.95689 0
    outer loop
      vertex 19.0853 -67.9424 0
      vertex 19.648 -67.7716 8
      vertex 19.0853 -67.9424 8
    endloop
  endfacet
  facet normal 0.290451 -0.95689 0
    outer loop
      vertex 19.648 -67.7716 8
      vertex 19.0853 -67.9424 0
      vertex 19.648 -67.7716 0
    endloop
  endfacet
  facet normal 0.097938 0.995193 -0
    outer loop
      vertex 19.0853 -62.0576 1.6
      vertex 18.5 -62 8
      vertex 19.0853 -62.0576 8
    endloop
  endfacet
  facet normal 0.097938 0.995193 0
    outer loop
      vertex 18.5 -62 8
      vertex 19.0853 -62.0576 1.6
      vertex 18.5 -62 1.6
    endloop
  endfacet
  facet normal -0.995169 -0.0981781 0
    outer loop
      vertex 19.3 -65 3.18
      vertex 19.2846 -64.8439 8
      vertex 19.2846 -64.8439 3.18
    endloop
  endfacet
  facet normal -0.995169 -0.0981781 0
    outer loop
      vertex 19.2846 -64.8439 8
      vertex 19.3 -65 3.18
      vertex 19.3 -65 8
    endloop
  endfacet
  facet normal -0.634522 -0.772905 0
    outer loop
      vertex 18.9445 -64.3348 3.18
      vertex 19.0657 -64.4343 8
      vertex 18.9445 -64.3348 8
    endloop
  endfacet
  facet normal -0.634522 -0.772905 -0
    outer loop
      vertex 19.0657 -64.4343 8
      vertex 18.9445 -64.3348 3.18
      vertex 19.0657 -64.4343 3.18
    endloop
  endfacet
  facet normal 0.882123 0.471018 0
    outer loop
      vertex 17.8348 -65.4445 8
      vertex 17.7609 -65.3061 3.18
      vertex 17.7609 -65.3061 8
    endloop
  endfacet
  facet normal 0.882123 0.471018 0
    outer loop
      vertex 17.7609 -65.3061 3.18
      vertex 17.8348 -65.4445 8
      vertex 17.8348 -65.4445 3.18
    endloop
  endfacet
  facet normal -0.956944 0.290273 0
    outer loop
      vertex 19.2391 -65.3061 3.18
      vertex 19.2846 -65.1561 8
      vertex 19.2846 -65.1561 3.18
    endloop
  endfacet
  facet normal -0.956944 0.290273 0
    outer loop
      vertex 19.2846 -65.1561 8
      vertex 19.2391 -65.3061 3.18
      vertex 19.2391 -65.3061 8
    endloop
  endfacet
  facet normal -0.634522 0.772905 0
    outer loop
      vertex 19.0657 -65.5657 3.18
      vertex 18.9445 -65.6652 8
      vertex 19.0657 -65.5657 8
    endloop
  endfacet
  facet normal -0.634522 0.772905 0
    outer loop
      vertex 18.9445 -65.6652 8
      vertex 19.0657 -65.5657 3.18
      vertex 18.9445 -65.6652 3.18
    endloop
  endfacet
  facet normal 0.772905 0.634522 0
    outer loop
      vertex 17.9343 -65.5657 8
      vertex 17.8348 -65.4445 3.18
      vertex 17.8348 -65.4445 8
    endloop
  endfacet
  facet normal 0.772905 0.634522 0
    outer loop
      vertex 17.8348 -65.4445 3.18
      vertex 17.9343 -65.5657 8
      vertex 17.9343 -65.5657 3.18
    endloop
  endfacet
  facet normal -0.882123 0.471018 0
    outer loop
      vertex 19.1652 -65.4445 3.18
      vertex 19.2391 -65.3061 8
      vertex 19.2391 -65.3061 3.18
    endloop
  endfacet
  facet normal -0.882123 0.471018 0
    outer loop
      vertex 19.2391 -65.3061 8
      vertex 19.1652 -65.4445 3.18
      vertex 19.1652 -65.4445 8
    endloop
  endfacet
  facet normal -0.290273 -0.956944 0
    outer loop
      vertex 18.6561 -64.2154 3.18
      vertex 18.8061 -64.2609 8
      vertex 18.6561 -64.2154 8
    endloop
  endfacet
  facet normal -0.290273 -0.956944 -0
    outer loop
      vertex 18.8061 -64.2609 8
      vertex 18.6561 -64.2154 3.18
      vertex 18.8061 -64.2609 3.18
    endloop
  endfacet
  facet normal -0.290273 0.956944 0
    outer loop
      vertex 18.8061 -65.7391 3.18
      vertex 18.6561 -65.7846 8
      vertex 18.8061 -65.7391 8
    endloop
  endfacet
  facet normal -0.290273 0.956944 0
    outer loop
      vertex 18.6561 -65.7846 8
      vertex 18.8061 -65.7391 3.18
      vertex 18.6561 -65.7846 3.18
    endloop
  endfacet
  facet normal -0.471018 -0.882123 0
    outer loop
      vertex 18.8061 -64.2609 3.18
      vertex 18.9445 -64.3348 8
      vertex 18.8061 -64.2609 8
    endloop
  endfacet
  facet normal -0.471018 -0.882123 -0
    outer loop
      vertex 18.9445 -64.3348 8
      vertex 18.8061 -64.2609 3.18
      vertex 18.9445 -64.3348 3.18
    endloop
  endfacet
  facet normal -0.995169 0.0981781 0
    outer loop
      vertex 19.2846 -65.1561 3.18
      vertex 19.3 -65 8
      vertex 19.3 -65 3.18
    endloop
  endfacet
  facet normal -0.995169 0.0981781 0
    outer loop
      vertex 19.3 -65 8
      vertex 19.2846 -65.1561 3.18
      vertex 19.2846 -65.1561 8
    endloop
  endfacet
  facet normal 0.882123 -0.471018 0
    outer loop
      vertex 17.7609 -64.6939 8
      vertex 17.8348 -64.5555 3.18
      vertex 17.8348 -64.5555 8
    endloop
  endfacet
  facet normal 0.882123 -0.471018 0
    outer loop
      vertex 17.8348 -64.5555 3.18
      vertex 17.7609 -64.6939 8
      vertex 17.7609 -64.6939 3.18
    endloop
  endfacet
  facet normal 0 0 1
    outer loop
      vertex 19.2846 -64.8439 3.18
      vertex 19.2846 -65.1561 3.18
      vertex 19.3 -65 3.18
    endloop
  endfacet
  facet normal 0 0 1
    outer loop
      vertex 19.2391 -64.6939 3.18
      vertex 19.2846 -65.1561 3.18
      vertex 19.2846 -64.8439 3.18
    endloop
  endfacet
  facet normal 0 0 1
    outer loop
      vertex 19.2391 -64.6939 3.18
      vertex 19.2391 -65.3061 3.18
      vertex 19.2846 -65.1561 3.18
    endloop
  endfacet
  facet normal 0 0 1
    outer loop
      vertex 19.1652 -64.5555 3.18
      vertex 19.2391 -65.3061 3.18
      vertex 19.2391 -64.6939 3.18
    endloop
  endfacet
  facet normal 0 0 1
    outer loop
      vertex 19.1652 -64.5555 3.18
      vertex 19.1652 -65.4445 3.18
      vertex 19.2391 -65.3061 3.18
    endloop
  endfacet
  facet normal 0 0 1
    outer loop
      vertex 19.0657 -64.4343 3.18
      vertex 19.1652 -65.4445 3.18
      vertex 19.1652 -64.5555 3.18
    endloop
  endfacet
  facet normal 0 0 1
    outer loop
      vertex 19.0657 -64.4343 3.18
      vertex 19.0657 -65.5657 3.18
      vertex 19.1652 -65.4445 3.18
    endloop
  endfacet
  facet normal 0 0 1
    outer loop
      vertex 18.9445 -64.3348 3.18
      vertex 19.0657 -65.5657 3.18
      vertex 19.0657 -64.4343 3.18
    endloop
  endfacet
  facet normal 0 0 1
    outer loop
      vertex 18.9445 -64.3348 3.18
      vertex 18.9445 -65.6652 3.18
      vertex 19.0657 -65.5657 3.18
    endloop
  endfacet
  facet normal 0 0 1
    outer loop
      vertex 18.8061 -64.2609 3.18
      vertex 18.9445 -65.6652 3.18
      vertex 18.9445 -64.3348 3.18
    endloop
  endfacet
  facet normal 0 0 1
    outer loop
      vertex 18.8061 -64.2609 3.18
      vertex 18.8061 -65.7391 3.18
      vertex 18.9445 -65.6652 3.18
    endloop
  endfacet
  facet normal 0 0 1
    outer loop
      vertex 18.6561 -64.2154 3.18
      vertex 18.8061 -65.7391 3.18
      vertex 18.8061 -64.2609 3.18
    endloop
  endfacet
  facet normal 0 0 1
    outer loop
      vertex 18.6561 -64.2154 3.18
      vertex 18.6561 -65.7846 3.18
      vertex 18.8061 -65.7391 3.18
    endloop
  endfacet
  facet normal 0 0 1
    outer loop
      vertex 18.5 -64.2 3.18
      vertex 18.6561 -65.7846 3.18
      vertex 18.6561 -64.2154 3.18
    endloop
  endfacet
  facet normal 0 0 1
    outer loop
      vertex 18.5 -64.2 3.18
      vertex 18.5 -65.8 3.18
      vertex 18.6561 -65.7846 3.18
    endloop
  endfacet
  facet normal -0 0 1
    outer loop
      vertex 18.3439 -64.2154 3.18
      vertex 18.5 -65.8 3.18
      vertex 18.5 -64.2 3.18
    endloop
  endfacet
  facet normal 0 0 1
    outer loop
      vertex 18.3439 -64.2154 3.18
      vertex 18.3439 -65.7846 3.18
      vertex 18.5 -65.8 3.18
    endloop
  endfacet
  facet normal -0 0 1
    outer loop
      vertex 18.1939 -64.2609 3.18
      vertex 18.3439 -65.7846 3.18
      vertex 18.3439 -64.2154 3.18
    endloop
  endfacet
  facet normal 0 0 1
    outer loop
      vertex 18.1939 -64.2609 3.18
      vertex 18.1939 -65.7391 3.18
      vertex 18.3439 -65.7846 3.18
    endloop
  endfacet
  facet normal -0 0 1
    outer loop
      vertex 18.0555 -64.3348 3.18
      vertex 18.1939 -65.7391 3.18
      vertex 18.1939 -64.2609 3.18
    endloop
  endfacet
  facet normal 0 0 1
    outer loop
      vertex 18.0555 -64.3348 3.18
      vertex 18.0555 -65.6652 3.18
      vertex 18.1939 -65.7391 3.18
    endloop
  endfacet
  facet normal -0 0 1
    outer loop
      vertex 17.9343 -64.4343 3.18
      vertex 18.0555 -65.6652 3.18
      vertex 18.0555 -64.3348 3.18
    endloop
  endfacet
  facet normal 0 0 1
    outer loop
      vertex 17.9343 -64.4343 3.18
      vertex 17.9343 -65.5657 3.18
      vertex 18.0555 -65.6652 3.18
    endloop
  endfacet
  facet normal -0 0 1
    outer loop
      vertex 17.8348 -64.5555 3.18
      vertex 17.9343 -65.5657 3.18
      vertex 17.9343 -64.4343 3.18
    endloop
  endfacet
  facet normal 0 0 1
    outer loop
      vertex 17.8348 -64.5555 3.18
      vertex 17.8348 -65.4445 3.18
      vertex 17.9343 -65.5657 3.18
    endloop
  endfacet
  facet normal -0 0 1
    outer loop
      vertex 17.7609 -64.6939 3.18
      vertex 17.8348 -65.4445 3.18
      vertex 17.8348 -64.5555 3.18
    endloop
  endfacet
  facet normal 0 0 1
    outer loop
      vertex 17.7609 -64.6939 3.18
      vertex 17.7609 -65.3061 3.18
      vertex 17.8348 -65.4445 3.18
    endloop
  endfacet
  facet normal -0 0 1
    outer loop
      vertex 17.7154 -64.8439 3.18
      vertex 17.7609 -65.3061 3.18
      vertex 17.7609 -64.6939 3.18
    endloop
  endfacet
  facet normal 0 0 1
    outer loop
      vertex 17.7154 -64.8439 3.18
      vertex 17.7154 -65.1561 3.18
      vertex 17.7609 -65.3061 3.18
    endloop
  endfacet
  facet normal 0 -0 1
    outer loop
      vertex 17.7154 -65.1561 3.18
      vertex 17.7154 -64.8439 3.18
      vertex 17.7 -65 3.18
    endloop
  endfacet
  facet normal 0.772905 -0.634522 0
    outer loop
      vertex 17.8348 -64.5555 8
      vertex 17.9343 -64.4343 3.18
      vertex 17.9343 -64.4343 8
    endloop
  endfacet
  facet normal 0.772905 -0.634522 0
    outer loop
      vertex 17.9343 -64.4343 3.18
      vertex 17.8348 -64.5555 8
      vertex 17.8348 -64.5555 3.18
    endloop
  endfacet
  facet normal 0.956944 -0.290273 0
    outer loop
      vertex 17.7154 -64.8439 8
      vertex 17.7609 -64.6939 3.18
      vertex 17.7609 -64.6939 8
    endloop
  endfacet
  facet normal 0.956944 -0.290273 0
    outer loop
      vertex 17.7609 -64.6939 3.18
      vertex 17.7154 -64.8439 8
      vertex 17.7154 -64.8439 3.18
    endloop
  endfacet
  facet normal -0.956944 -0.290273 0
    outer loop
      vertex 19.2846 -64.8439 3.18
      vertex 19.2391 -64.6939 8
      vertex 19.2391 -64.6939 3.18
    endloop
  endfacet
  facet normal -0.956944 -0.290273 0
    outer loop
      vertex 19.2391 -64.6939 8
      vertex 19.2846 -64.8439 3.18
      vertex 19.2846 -64.8439 8
    endloop
  endfacet
  facet normal -0.0981781 0.995169 0
    outer loop
      vertex 18.6561 -65.7846 3.18
      vertex 18.5 -65.8 8
      vertex 18.6561 -65.7846 8
    endloop
  endfacet
  facet normal -0.0981781 0.995169 0
    outer loop
      vertex 18.5 -65.8 8
      vertex 18.6561 -65.7846 3.18
      vertex 18.5 -65.8 3.18
    endloop
  endfacet
  facet normal 0.471018 -0.882123 0
    outer loop
      vertex 18.0555 -64.3348 3.18
      vertex 18.1939 -64.2609 8
      vertex 18.0555 -64.3348 8
    endloop
  endfacet
  facet normal 0.471018 -0.882123 0
    outer loop
      vertex 18.1939 -64.2609 8
      vertex 18.0555 -64.3348 3.18
      vertex 18.1939 -64.2609 3.18
    endloop
  endfacet
  facet normal -0.0981781 -0.995169 0
    outer loop
      vertex 18.5 -64.2 3.18
      vertex 18.6561 -64.2154 8
      vertex 18.5 -64.2 8
    endloop
  endfacet
  facet normal -0.0981781 -0.995169 -0
    outer loop
      vertex 18.6561 -64.2154 8
      vertex 18.5 -64.2 3.18
      vertex 18.6561 -64.2154 3.18
    endloop
  endfacet
  facet normal 0.290273 0.956944 -0
    outer loop
      vertex 18.3439 -65.7846 3.18
      vertex 18.1939 -65.7391 8
      vertex 18.3439 -65.7846 8
    endloop
  endfacet
  facet normal 0.290273 0.956944 0
    outer loop
      vertex 18.1939 -65.7391 8
      vertex 18.3439 -65.7846 3.18
      vertex 18.1939 -65.7391 3.18
    endloop
  endfacet
  facet normal 0.0981781 -0.995169 0
    outer loop
      vertex 18.3439 -64.2154 3.18
      vertex 18.5 -64.2 8
      vertex 18.3439 -64.2154 8
    endloop
  endfacet
  facet normal 0.0981781 -0.995169 0
    outer loop
      vertex 18.5 -64.2 8
      vertex 18.3439 -64.2154 3.18
      vertex 18.5 -64.2 3.18
    endloop
  endfacet
  facet normal 0.995169 -0.0981781 0
    outer loop
      vertex 17.7 -65 8
      vertex 17.7154 -64.8439 3.18
      vertex 17.7154 -64.8439 8
    endloop
  endfacet
  facet normal 0.995169 -0.0981781 0
    outer loop
      vertex 17.7154 -64.8439 3.18
      vertex 17.7 -65 8
      vertex 17.7 -65 3.18
    endloop
  endfacet
  facet normal -0.471018 0.882123 0
    outer loop
      vertex 18.9445 -65.6652 3.18
      vertex 18.8061 -65.7391 8
      vertex 18.9445 -65.6652 8
    endloop
  endfacet
  facet normal -0.471018 0.882123 0
    outer loop
      vertex 18.8061 -65.7391 8
      vertex 18.9445 -65.6652 3.18
      vertex 18.8061 -65.7391 3.18
    endloop
  endfacet
  facet normal 0.634522 0.772905 -0
    outer loop
      vertex 18.0555 -65.6652 3.18
      vertex 17.9343 -65.5657 8
      vertex 18.0555 -65.6652 8
    endloop
  endfacet
  facet normal 0.634522 0.772905 0
    outer loop
      vertex 17.9343 -65.5657 8
      vertex 18.0555 -65.6652 3.18
      vertex 17.9343 -65.5657 3.18
    endloop
  endfacet
  facet normal -0.772905 0.634522 0
    outer loop
      vertex 19.0657 -65.5657 3.18
      vertex 19.1652 -65.4445 8
      vertex 19.1652 -65.4445 3.18
    endloop
  endfacet
  facet normal -0.772905 0.634522 0
    outer loop
      vertex 19.1652 -65.4445 8
      vertex 19.0657 -65.5657 3.18
      vertex 19.0657 -65.5657 8
    endloop
  endfacet
  facet normal -0.882123 -0.471018 0
    outer loop
      vertex 19.2391 -64.6939 3.18
      vertex 19.1652 -64.5555 8
      vertex 19.1652 -64.5555 3.18
    endloop
  endfacet
  facet normal -0.882123 -0.471018 0
    outer loop
      vertex 19.1652 -64.5555 8
      vertex 19.2391 -64.6939 3.18
      vertex 19.2391 -64.6939 8
    endloop
  endfacet
  facet normal 0.0981781 0.995169 -0
    outer loop
      vertex 18.5 -65.8 3.18
      vertex 18.3439 -65.7846 8
      vertex 18.5 -65.8 8
    endloop
  endfacet
  facet normal 0.0981781 0.995169 0
    outer loop
      vertex 18.3439 -65.7846 8
      vertex 18.5 -65.8 3.18
      vertex 18.3439 -65.7846 3.18
    endloop
  endfacet
  facet normal 0.995169 0.0981781 0
    outer loop
      vertex 17.7154 -65.1561 8
      vertex 17.7 -65 3.18
      vertex 17.7 -65 8
    endloop
  endfacet
  facet normal 0.995169 0.0981781 0
    outer loop
      vertex 17.7 -65 3.18
      vertex 17.7154 -65.1561 8
      vertex 17.7154 -65.1561 3.18
    endloop
  endfacet
  facet normal -0.772905 -0.634522 0
    outer loop
      vertex 19.1652 -64.5555 3.18
      vertex 19.0657 -64.4343 8
      vertex 19.0657 -64.4343 3.18
    endloop
  endfacet
  facet normal -0.772905 -0.634522 0
    outer loop
      vertex 19.0657 -64.4343 8
      vertex 19.1652 -64.5555 3.18
      vertex 19.1652 -64.5555 8
    endloop
  endfacet
  facet normal 0.290273 -0.956944 0
    outer loop
      vertex 18.1939 -64.2609 3.18
      vertex 18.3439 -64.2154 8
      vertex 18.1939 -64.2609 8
    endloop
  endfacet
  facet normal 0.290273 -0.956944 0
    outer loop
      vertex 18.3439 -64.2154 8
      vertex 18.1939 -64.2609 3.18
      vertex 18.3439 -64.2154 3.18
    endloop
  endfacet
  facet normal 0.956944 0.290273 0
    outer loop
      vertex 17.7609 -65.3061 8
      vertex 17.7154 -65.1561 3.18
      vertex 17.7154 -65.1561 8
    endloop
  endfacet
  facet normal 0.956944 0.290273 0
    outer loop
      vertex 17.7154 -65.1561 3.18
      vertex 17.7609 -65.3061 8
      vertex 17.7609 -65.3061 3.18
    endloop
  endfacet
  facet normal 0.471018 0.882123 -0
    outer loop
      vertex 18.1939 -65.7391 3.18
      vertex 18.0555 -65.6652 8
      vertex 18.1939 -65.7391 8
    endloop
  endfacet
  facet normal 0.471018 0.882123 0
    outer loop
      vertex 18.0555 -65.6652 8
      vertex 18.1939 -65.7391 3.18
      vertex 18.0555 -65.6652 3.18
    endloop
  endfacet
  facet normal 0.634522 -0.772905 0
    outer loop
      vertex 17.9343 -64.4343 3.18
      vertex 18.0555 -64.3348 8
      vertex 17.9343 -64.4343 8
    endloop
  endfacet
  facet normal 0.634522 -0.772905 0
    outer loop
      vertex 18.0555 -64.3348 8
      vertex 17.9343 -64.4343 3.18
      vertex 18.0555 -64.3348 3.18
    endloop
  endfacet
endsolid OpenSCAD_Model
