solid OpenSCAD_Model
  facet normal 0.671553 0.740957 -0
    outer loop
      vertex -2.29967 -2.80216 -0.0199995
      vertex -2.56326 -2.56326 2.98
      vertex -2.29967 -2.80216 2.98
    endloop
  endfacet
  facet normal 0.671553 0.740957 0
    outer loop
      vertex -2.56326 -2.56326 2.98
      vertex -2.29967 -2.80216 -0.0199995
      vertex -2.56326 -2.56326 -0.0199995
    endloop
  endfacet
  facet normal 0.941541 -0.336897 0
    outer loop
      vertex -3.46891 1.05228 2.98
      vertex -3.34906 1.38723 -0.0199995
      vertex -3.34906 1.38723 2.98
    endloop
  endfacet
  facet normal 0.941541 -0.336897 0
    outer loop
      vertex -3.34906 1.38723 -0.0199995
      vertex -3.46891 1.05228 2.98
      vertex -3.46891 1.05228 -0.0199995
    endloop
  endfacet
  facet normal -0.98918 -0.146708 0
    outer loop
      vertex 3.60754 0.355311 -0.0199995
      vertex 3.55535 0.707202 2.98
      vertex 3.55535 0.707202 -0.0199995
    endloop
  endfacet
  facet normal -0.98918 -0.146708 0
    outer loop
      vertex 3.55535 0.707202 2.98
      vertex 3.60754 0.355311 -0.0199995
      vertex 3.60754 0.355311 2.98
    endloop
  endfacet
  facet normal -0.998795 -0.0490808 0
    outer loop
      vertex 3.625 0 -0.0199995
      vertex 3.60754 0.355311 2.98
      vertex 3.60754 0.355311 -0.0199995
    endloop
  endfacet
  facet normal -0.998795 -0.0490808 0
    outer loop
      vertex 3.60754 0.355311 2.98
      vertex 3.625 0 -0.0199995
      vertex 3.625 0 2.98
    endloop
  endfacet
  facet normal 0.514086 0.857738 -0
    outer loop
      vertex -1.70881 -3.19696 -0.0199995
      vertex -2.01394 -3.01408 2.98
      vertex -1.70881 -3.19696 2.98
    endloop
  endfacet
  facet normal 0.514086 0.857738 0
    outer loop
      vertex -2.01394 -3.01408 2.98
      vertex -1.70881 -3.19696 -0.0199995
      vertex -2.01394 -3.01408 -0.0199995
    endloop
  endfacet
  facet normal -0.671553 -0.740957 0
    outer loop
      vertex 2.29967 2.80216 -0.0199995
      vertex 2.56326 2.56326 2.98
      vertex 2.29967 2.80216 2.98
    endloop
  endfacet
  facet normal -0.671553 -0.740957 -0
    outer loop
      vertex 2.56326 2.56326 2.98
      vertex 2.29967 2.80216 -0.0199995
      vertex 2.56326 2.56326 -0.0199995
    endloop
  endfacet
  facet normal 0.146708 0.98918 -0
    outer loop
      vertex -0.355311 -3.60754 -0.0199995
      vertex -0.707202 -3.55535 2.98
      vertex -0.355311 -3.60754 2.98
    endloop
  endfacet
  facet normal 0.146708 0.98918 0
    outer loop
      vertex -0.707202 -3.55535 2.98
      vertex -0.355311 -3.60754 -0.0199995
      vertex -0.707202 -3.55535 -0.0199995
    endloop
  endfacet
  facet normal -0.740957 -0.671553 0
    outer loop
      vertex 2.80216 2.29967 -0.0199995
      vertex 2.56326 2.56326 2.98
      vertex 2.56326 2.56326 -0.0199995
    endloop
  endfacet
  facet normal -0.740957 -0.671553 0
    outer loop
      vertex 2.56326 2.56326 2.98
      vertex 2.80216 2.29967 -0.0199995
      vertex 2.80216 2.29967 2.98
    endloop
  endfacet
  facet normal -0.427564 -0.903985 0
    outer loop
      vertex 1.38723 3.34906 -0.0199995
      vertex 1.70881 3.19696 2.98
      vertex 1.38723 3.34906 2.98
    endloop
  endfacet
  facet normal -0.427564 -0.903985 -0
    outer loop
      vertex 1.70881 3.19696 2.98
      vertex 1.38723 3.34906 -0.0199995
      vertex 1.70881 3.19696 -0.0199995
    endloop
  endfacet
  facet normal -0.0490808 0.998795 0
    outer loop
      vertex 0.355311 -3.60754 -0.0199995
      vertex 0 -3.625 2.98
      vertex 0.355311 -3.60754 2.98
    endloop
  endfacet
  facet normal -0.0490808 0.998795 0
    outer loop
      vertex 0 -3.625 2.98
      vertex 0.355311 -3.60754 -0.0199995
      vertex 0 -3.625 -0.0199995
    endloop
  endfacet
  facet normal -0.98918 0.146708 0
    outer loop
      vertex 3.55535 -0.707202 -0.0199995
      vertex 3.60754 -0.355311 2.98
      vertex 3.60754 -0.355311 -0.0199995
    endloop
  endfacet
  facet normal -0.98918 0.146708 0
    outer loop
      vertex 3.60754 -0.355311 2.98
      vertex 3.55535 -0.707202 -0.0199995
      vertex 3.55535 -0.707202 2.98
    endloop
  endfacet
  facet normal -0.903985 -0.427564 0
    outer loop
      vertex 3.34906 1.38723 -0.0199995
      vertex 3.19696 1.70881 2.98
      vertex 3.19696 1.70881 -0.0199995
    endloop
  endfacet
  facet normal -0.903985 -0.427564 0
    outer loop
      vertex 3.19696 1.70881 2.98
      vertex 3.34906 1.38723 -0.0199995
      vertex 3.34906 1.38723 2.98
    endloop
  endfacet
  facet normal 0.242987 -0.97003 0
    outer loop
      vertex -1.05228 3.46891 -0.0199995
      vertex -0.707202 3.55535 2.98
      vertex -1.05228 3.46891 2.98
    endloop
  endfacet
  facet normal 0.242987 -0.97003 0
    outer loop
      vertex -0.707202 3.55535 2.98
      vertex -1.05228 3.46891 -0.0199995
      vertex -0.707202 3.55535 -0.0199995
    endloop
  endfacet
  facet normal 0.803197 -0.595714 0
    outer loop
      vertex -3.01408 2.01394 2.98
      vertex -2.80216 2.29967 -0.0199995
      vertex -2.80216 2.29967 2.98
    endloop
  endfacet
  facet normal 0.803197 -0.595714 0
    outer loop
      vertex -2.80216 2.29967 -0.0199995
      vertex -3.01408 2.01394 2.98
      vertex -3.01408 2.01394 -0.0199995
    endloop
  endfacet
  facet normal -0.242987 -0.97003 0
    outer loop
      vertex 0.707202 3.55535 -0.0199995
      vertex 1.05228 3.46891 2.98
      vertex 0.707202 3.55535 2.98
    endloop
  endfacet
  facet normal -0.242987 -0.97003 -0
    outer loop
      vertex 1.05228 3.46891 2.98
      vertex 0.707202 3.55535 -0.0199995
      vertex 1.05228 3.46891 -0.0199995
    endloop
  endfacet
  facet normal -0.336897 -0.941541 0
    outer loop
      vertex 1.05228 3.46891 -0.0199995
      vertex 1.38723 3.34906 2.98
      vertex 1.05228 3.46891 2.98
    endloop
  endfacet
  facet normal -0.336897 -0.941541 -0
    outer loop
      vertex 1.38723 3.34906 2.98
      vertex 1.05228 3.46891 -0.0199995
      vertex 1.38723 3.34906 -0.0199995
    endloop
  endfacet
  facet normal -0.941541 -0.336897 0
    outer loop
      vertex 3.46891 1.05228 -0.0199995
      vertex 3.34906 1.38723 2.98
      vertex 3.34906 1.38723 -0.0199995
    endloop
  endfacet
  facet normal -0.941541 -0.336897 0
    outer loop
      vertex 3.34906 1.38723 2.98
      vertex 3.46891 1.05228 -0.0199995
      vertex 3.46891 1.05228 2.98
    endloop
  endfacet
  facet normal -0.595714 -0.803197 0
    outer loop
      vertex 2.01394 3.01408 -0.0199995
      vertex 2.29967 2.80216 2.98
      vertex 2.01394 3.01408 2.98
    endloop
  endfacet
  facet normal -0.595714 -0.803197 -0
    outer loop
      vertex 2.29967 2.80216 2.98
      vertex 2.01394 3.01408 -0.0199995
      vertex 2.29967 2.80216 -0.0199995
    endloop
  endfacet
  facet normal 0.857738 0.514086 0
    outer loop
      vertex -3.01408 -2.01394 2.98
      vertex -3.19696 -1.70881 -0.0199995
      vertex -3.19696 -1.70881 2.98
    endloop
  endfacet
  facet normal 0.857738 0.514086 0
    outer loop
      vertex -3.19696 -1.70881 -0.0199995
      vertex -3.01408 -2.01394 2.98
      vertex -3.01408 -2.01394 -0.0199995
    endloop
  endfacet
  facet normal -0.514086 -0.857738 0
    outer loop
      vertex 1.70881 3.19696 -0.0199995
      vertex 2.01394 3.01408 2.98
      vertex 1.70881 3.19696 2.98
    endloop
  endfacet
  facet normal -0.514086 -0.857738 -0
    outer loop
      vertex 2.01394 3.01408 2.98
      vertex 1.70881 3.19696 -0.0199995
      vertex 2.01394 3.01408 -0.0199995
    endloop
  endfacet
  facet normal -0.941541 0.336897 0
    outer loop
      vertex 3.34906 -1.38723 -0.0199995
      vertex 3.46891 -1.05228 2.98
      vertex 3.46891 -1.05228 -0.0199995
    endloop
  endfacet
  facet normal -0.941541 0.336897 0
    outer loop
      vertex 3.46891 -1.05228 2.98
      vertex 3.34906 -1.38723 -0.0199995
      vertex 3.34906 -1.38723 2.98
    endloop
  endfacet
  facet normal 0.857738 -0.514086 0
    outer loop
      vertex -3.19696 1.70881 2.98
      vertex -3.01408 2.01394 -0.0199995
      vertex -3.01408 2.01394 2.98
    endloop
  endfacet
  facet normal 0.857738 -0.514086 0
    outer loop
      vertex -3.01408 2.01394 -0.0199995
      vertex -3.19696 1.70881 2.98
      vertex -3.19696 1.70881 -0.0199995
    endloop
  endfacet
  facet normal 0.97003 0.242987 0
    outer loop
      vertex -3.46891 -1.05228 2.98
      vertex -3.55535 -0.707202 -0.0199995
      vertex -3.55535 -0.707202 2.98
    endloop
  endfacet
  facet normal 0.97003 0.242987 0
    outer loop
      vertex -3.55535 -0.707202 -0.0199995
      vertex -3.46891 -1.05228 2.98
      vertex -3.46891 -1.05228 -0.0199995
    endloop
  endfacet
  facet normal -0.0490808 -0.998795 0
    outer loop
      vertex 0 3.625 -0.0199995
      vertex 0.355311 3.60754 2.98
      vertex 0 3.625 2.98
    endloop
  endfacet
  facet normal -0.0490808 -0.998795 -0
    outer loop
      vertex 0.355311 3.60754 2.98
      vertex 0 3.625 -0.0199995
      vertex 0.355311 3.60754 -0.0199995
    endloop
  endfacet
  facet normal -0.857738 -0.514086 0
    outer loop
      vertex 3.19696 1.70881 -0.0199995
      vertex 3.01408 2.01394 2.98
      vertex 3.01408 2.01394 -0.0199995
    endloop
  endfacet
  facet normal -0.857738 -0.514086 0
    outer loop
      vertex 3.01408 2.01394 2.98
      vertex 3.19696 1.70881 -0.0199995
      vertex 3.19696 1.70881 2.98
    endloop
  endfacet
  facet normal 0.941541 0.336897 0
    outer loop
      vertex -3.34906 -1.38723 2.98
      vertex -3.46891 -1.05228 -0.0199995
      vertex -3.46891 -1.05228 2.98
    endloop
  endfacet
  facet normal 0.941541 0.336897 0
    outer loop
      vertex -3.46891 -1.05228 -0.0199995
      vertex -3.34906 -1.38723 2.98
      vertex -3.34906 -1.38723 -0.0199995
    endloop
  endfacet
  facet normal 0.671553 -0.740957 0
    outer loop
      vertex -2.56326 2.56326 -0.0199995
      vertex -2.29967 2.80216 2.98
      vertex -2.56326 2.56326 2.98
    endloop
  endfacet
  facet normal 0.671553 -0.740957 0
    outer loop
      vertex -2.29967 2.80216 2.98
      vertex -2.56326 2.56326 -0.0199995
      vertex -2.29967 2.80216 -0.0199995
    endloop
  endfacet
  facet normal -0.97003 0.242987 0
    outer loop
      vertex 3.46891 -1.05228 -0.0199995
      vertex 3.55535 -0.707202 2.98
      vertex 3.55535 -0.707202 -0.0199995
    endloop
  endfacet
  facet normal -0.97003 0.242987 0
    outer loop
      vertex 3.55535 -0.707202 2.98
      vertex 3.46891 -1.05228 -0.0199995
      vertex 3.46891 -1.05228 2.98
    endloop
  endfacet
  facet normal 0.514086 -0.857738 0
    outer loop
      vertex -2.01394 3.01408 -0.0199995
      vertex -1.70881 3.19696 2.98
      vertex -2.01394 3.01408 2.98
    endloop
  endfacet
  facet normal 0.514086 -0.857738 0
    outer loop
      vertex -1.70881 3.19696 2.98
      vertex -2.01394 3.01408 -0.0199995
      vertex -1.70881 3.19696 -0.0199995
    endloop
  endfacet
  facet normal 0.998795 0.0490808 0
    outer loop
      vertex -3.60754 -0.355311 2.98
      vertex -3.625 0 -0.0199995
      vertex -3.625 0 2.98
    endloop
  endfacet
  facet normal 0.998795 0.0490808 0
    outer loop
      vertex -3.625 0 -0.0199995
      vertex -3.60754 -0.355311 2.98
      vertex -3.60754 -0.355311 -0.0199995
    endloop
  endfacet
  facet normal 0.97003 -0.242987 0
    outer loop
      vertex -3.55535 0.707202 2.98
      vertex -3.46891 1.05228 -0.0199995
      vertex -3.46891 1.05228 2.98
    endloop
  endfacet
  facet normal 0.97003 -0.242987 0
    outer loop
      vertex -3.46891 1.05228 -0.0199995
      vertex -3.55535 0.707202 2.98
      vertex -3.55535 0.707202 -0.0199995
    endloop
  endfacet
  facet normal -0.427564 0.903985 0
    outer loop
      vertex 1.70881 -3.19696 -0.0199995
      vertex 1.38723 -3.34906 2.98
      vertex 1.70881 -3.19696 2.98
    endloop
  endfacet
  facet normal -0.427564 0.903985 0
    outer loop
      vertex 1.38723 -3.34906 2.98
      vertex 1.70881 -3.19696 -0.0199995
      vertex 1.38723 -3.34906 -0.0199995
    endloop
  endfacet
  facet normal 0.336897 -0.941541 0
    outer loop
      vertex -1.38723 3.34906 -0.0199995
      vertex -1.05228 3.46891 2.98
      vertex -1.38723 3.34906 2.98
    endloop
  endfacet
  facet normal 0.336897 -0.941541 0
    outer loop
      vertex -1.05228 3.46891 2.98
      vertex -1.38723 3.34906 -0.0199995
      vertex -1.05228 3.46891 -0.0199995
    endloop
  endfacet
  facet normal -0.514086 0.857738 0
    outer loop
      vertex 2.01394 -3.01408 -0.0199995
      vertex 1.70881 -3.19696 2.98
      vertex 2.01394 -3.01408 2.98
    endloop
  endfacet
  facet normal -0.514086 0.857738 0
    outer loop
      vertex 1.70881 -3.19696 2.98
      vertex 2.01394 -3.01408 -0.0199995
      vertex 1.70881 -3.19696 -0.0199995
    endloop
  endfacet
  facet normal -0.146708 0.98918 0
    outer loop
      vertex 0.707202 -3.55535 -0.0199995
      vertex 0.355311 -3.60754 2.98
      vertex 0.707202 -3.55535 2.98
    endloop
  endfacet
  facet normal -0.146708 0.98918 0
    outer loop
      vertex 0.355311 -3.60754 2.98
      vertex 0.707202 -3.55535 -0.0199995
      vertex 0.355311 -3.60754 -0.0199995
    endloop
  endfacet
  facet normal -0.740957 0.671553 0
    outer loop
      vertex 2.56326 -2.56326 -0.0199995
      vertex 2.80216 -2.29967 2.98
      vertex 2.80216 -2.29967 -0.0199995
    endloop
  endfacet
  facet normal -0.740957 0.671553 0
    outer loop
      vertex 2.80216 -2.29967 2.98
      vertex 2.56326 -2.56326 -0.0199995
      vertex 2.56326 -2.56326 2.98
    endloop
  endfacet
  facet normal -0.803197 0.595714 0
    outer loop
      vertex 2.80216 -2.29967 -0.0199995
      vertex 3.01408 -2.01394 2.98
      vertex 3.01408 -2.01394 -0.0199995
    endloop
  endfacet
  facet normal -0.803197 0.595714 0
    outer loop
      vertex 3.01408 -2.01394 2.98
      vertex 2.80216 -2.29967 -0.0199995
      vertex 2.80216 -2.29967 2.98
    endloop
  endfacet
  facet normal 0.427564 -0.903985 0
    outer loop
      vertex -1.70881 3.19696 -0.0199995
      vertex -1.38723 3.34906 2.98
      vertex -1.70881 3.19696 2.98
    endloop
  endfacet
  facet normal 0.427564 -0.903985 0
    outer loop
      vertex -1.38723 3.34906 2.98
      vertex -1.70881 3.19696 -0.0199995
      vertex -1.38723 3.34906 -0.0199995
    endloop
  endfacet
  facet normal 0.595714 -0.803197 0
    outer loop
      vertex -2.29967 2.80216 -0.0199995
      vertex -2.01394 3.01408 2.98
      vertex -2.29967 2.80216 2.98
    endloop
  endfacet
  facet normal 0.595714 -0.803197 0
    outer loop
      vertex -2.01394 3.01408 2.98
      vertex -2.29967 2.80216 -0.0199995
      vertex -2.01394 3.01408 -0.0199995
    endloop
  endfacet
  facet normal 0.98918 -0.146708 0
    outer loop
      vertex -3.60754 0.355311 2.98
      vertex -3.55535 0.707202 -0.0199995
      vertex -3.55535 0.707202 2.98
    endloop
  endfacet
  facet normal 0.98918 -0.146708 0
    outer loop
      vertex -3.55535 0.707202 -0.0199995
      vertex -3.60754 0.355311 2.98
      vertex -3.60754 0.355311 -0.0199995
    endloop
  endfacet
  facet normal 0.242987 0.97003 -0
    outer loop
      vertex -0.707202 -3.55535 -0.0199995
      vertex -1.05228 -3.46891 2.98
      vertex -0.707202 -3.55535 2.98
    endloop
  endfacet
  facet normal 0.242987 0.97003 0
    outer loop
      vertex -1.05228 -3.46891 2.98
      vertex -0.707202 -3.55535 -0.0199995
      vertex -1.05228 -3.46891 -0.0199995
    endloop
  endfacet
  facet normal -0.97003 -0.242987 0
    outer loop
      vertex 3.55535 0.707202 -0.0199995
      vertex 3.46891 1.05228 2.98
      vertex 3.46891 1.05228 -0.0199995
    endloop
  endfacet
  facet normal -0.97003 -0.242987 0
    outer loop
      vertex 3.46891 1.05228 2.98
      vertex 3.55535 0.707202 -0.0199995
      vertex 3.55535 0.707202 2.98
    endloop
  endfacet
  facet normal -0.803197 -0.595714 0
    outer loop
      vertex 3.01408 2.01394 -0.0199995
      vertex 2.80216 2.29967 2.98
      vertex 2.80216 2.29967 -0.0199995
    endloop
  endfacet
  facet normal -0.803197 -0.595714 0
    outer loop
      vertex 2.80216 2.29967 2.98
      vertex 3.01408 2.01394 -0.0199995
      vertex 3.01408 2.01394 2.98
    endloop
  endfacet
  facet normal 0.803197 0.595714 0
    outer loop
      vertex -2.80216 -2.29967 2.98
      vertex -3.01408 -2.01394 -0.0199995
      vertex -3.01408 -2.01394 2.98
    endloop
  endfacet
  facet normal 0.803197 0.595714 0
    outer loop
      vertex -3.01408 -2.01394 -0.0199995
      vertex -2.80216 -2.29967 2.98
      vertex -2.80216 -2.29967 -0.0199995
    endloop
  endfacet
  facet normal 0.903985 0.427564 0
    outer loop
      vertex -3.19696 -1.70881 2.98
      vertex -3.34906 -1.38723 -0.0199995
      vertex -3.34906 -1.38723 2.98
    endloop
  endfacet
  facet normal 0.903985 0.427564 0
    outer loop
      vertex -3.34906 -1.38723 -0.0199995
      vertex -3.19696 -1.70881 2.98
      vertex -3.19696 -1.70881 -0.0199995
    endloop
  endfacet
  facet normal -0.146708 -0.98918 0
    outer loop
      vertex 0.355311 3.60754 -0.0199995
      vertex 0.707202 3.55535 2.98
      vertex 0.355311 3.60754 2.98
    endloop
  endfacet
  facet normal -0.146708 -0.98918 -0
    outer loop
      vertex 0.707202 3.55535 2.98
      vertex 0.355311 3.60754 -0.0199995
      vertex 0.707202 3.55535 -0.0199995
    endloop
  endfacet
  facet normal 0.0490808 -0.998795 0
    outer loop
      vertex -0.355311 3.60754 -0.0199995
      vertex 0 3.625 2.98
      vertex -0.355311 3.60754 2.98
    endloop
  endfacet
  facet normal 0.0490808 -0.998795 0
    outer loop
      vertex 0 3.625 2.98
      vertex -0.355311 3.60754 -0.0199995
      vertex 0 3.625 -0.0199995
    endloop
  endfacet
  facet normal 0.427564 0.903985 -0
    outer loop
      vertex -1.38723 -3.34906 -0.0199995
      vertex -1.70881 -3.19696 2.98
      vertex -1.38723 -3.34906 2.98
    endloop
  endfacet
  facet normal 0.427564 0.903985 0
    outer loop
      vertex -1.70881 -3.19696 2.98
      vertex -1.38723 -3.34906 -0.0199995
      vertex -1.70881 -3.19696 -0.0199995
    endloop
  endfacet
  facet normal -0.595714 0.803197 0
    outer loop
      vertex 2.29967 -2.80216 -0.0199995
      vertex 2.01394 -3.01408 2.98
      vertex 2.29967 -2.80216 2.98
    endloop
  endfacet
  facet normal -0.595714 0.803197 0
    outer loop
      vertex 2.01394 -3.01408 2.98
      vertex 2.29967 -2.80216 -0.0199995
      vertex 2.01394 -3.01408 -0.0199995
    endloop
  endfacet
  facet normal -0.998795 0.0490808 0
    outer loop
      vertex 3.60754 -0.355311 -0.0199995
      vertex 3.625 0 2.98
      vertex 3.625 0 -0.0199995
    endloop
  endfacet
  facet normal -0.998795 0.0490808 0
    outer loop
      vertex 3.625 0 2.98
      vertex 3.60754 -0.355311 -0.0199995
      vertex 3.60754 -0.355311 2.98
    endloop
  endfacet
  facet normal 0.146708 -0.98918 0
    outer loop
      vertex -0.707202 3.55535 -0.0199995
      vertex -0.355311 3.60754 2.98
      vertex -0.707202 3.55535 2.98
    endloop
  endfacet
  facet normal 0.146708 -0.98918 0
    outer loop
      vertex -0.355311 3.60754 2.98
      vertex -0.707202 3.55535 -0.0199995
      vertex -0.355311 3.60754 -0.0199995
    endloop
  endfacet
  facet normal 0.98918 0.146708 0
    outer loop
      vertex -3.55535 -0.707202 2.98
      vertex -3.60754 -0.355311 -0.0199995
      vertex -3.60754 -0.355311 2.98
    endloop
  endfacet
  facet normal 0.98918 0.146708 0
    outer loop
      vertex -3.60754 -0.355311 -0.0199995
      vertex -3.55535 -0.707202 2.98
      vertex -3.55535 -0.707202 -0.0199995
    endloop
  endfacet
  facet normal -0.336897 0.941541 0
    outer loop
      vertex 1.38723 -3.34906 -0.0199995
      vertex 1.05228 -3.46891 2.98
      vertex 1.38723 -3.34906 2.98
    endloop
  endfacet
  facet normal -0.336897 0.941541 0
    outer loop
      vertex 1.05228 -3.46891 2.98
      vertex 1.38723 -3.34906 -0.0199995
      vertex 1.05228 -3.46891 -0.0199995
    endloop
  endfacet
  facet normal -0.242987 0.97003 0
    outer loop
      vertex 1.05228 -3.46891 -0.0199995
      vertex 0.707202 -3.55535 2.98
      vertex 1.05228 -3.46891 2.98
    endloop
  endfacet
  facet normal -0.242987 0.97003 0
    outer loop
      vertex 0.707202 -3.55535 2.98
      vertex 1.05228 -3.46891 -0.0199995
      vertex 0.707202 -3.55535 -0.0199995
    endloop
  endfacet
  facet normal 0.903985 -0.427564 0
    outer loop
      vertex -3.34906 1.38723 2.98
      vertex -3.19696 1.70881 -0.0199995
      vertex -3.19696 1.70881 2.98
    endloop
  endfacet
  facet normal 0.903985 -0.427564 0
    outer loop
      vertex -3.19696 1.70881 -0.0199995
      vertex -3.34906 1.38723 2.98
      vertex -3.34906 1.38723 -0.0199995
    endloop
  endfacet
  facet normal 0.740957 0.671553 0
    outer loop
      vertex -2.56326 -2.56326 2.98
      vertex -2.80216 -2.29967 -0.0199995
      vertex -2.80216 -2.29967 2.98
    endloop
  endfacet
  facet normal 0.740957 0.671553 0
    outer loop
      vertex -2.80216 -2.29967 -0.0199995
      vertex -2.56326 -2.56326 2.98
      vertex -2.56326 -2.56326 -0.0199995
    endloop
  endfacet
  facet normal 0.595714 0.803197 -0
    outer loop
      vertex -2.01394 -3.01408 -0.0199995
      vertex -2.29967 -2.80216 2.98
      vertex -2.01394 -3.01408 2.98
    endloop
  endfacet
  facet normal 0.595714 0.803197 0
    outer loop
      vertex -2.29967 -2.80216 2.98
      vertex -2.01394 -3.01408 -0.0199995
      vertex -2.29967 -2.80216 -0.0199995
    endloop
  endfacet
  facet normal -0.903985 0.427564 0
    outer loop
      vertex 3.19696 -1.70881 -0.0199995
      vertex 3.34906 -1.38723 2.98
      vertex 3.34906 -1.38723 -0.0199995
    endloop
  endfacet
  facet normal -0.903985 0.427564 0
    outer loop
      vertex 3.34906 -1.38723 2.98
      vertex 3.19696 -1.70881 -0.0199995
      vertex 3.19696 -1.70881 2.98
    endloop
  endfacet
  facet normal -0.857738 0.514086 0
    outer loop
      vertex 3.01408 -2.01394 -0.0199995
      vertex 3.19696 -1.70881 2.98
      vertex 3.19696 -1.70881 -0.0199995
    endloop
  endfacet
  facet normal -0.857738 0.514086 0
    outer loop
      vertex 3.19696 -1.70881 2.98
      vertex 3.01408 -2.01394 -0.0199995
      vertex 3.01408 -2.01394 2.98
    endloop
  endfacet
  facet normal 0.740957 -0.671553 0
    outer loop
      vertex -2.80216 2.29967 2.98
      vertex -2.56326 2.56326 -0.0199995
      vertex -2.56326 2.56326 2.98
    endloop
  endfacet
  facet normal 0.740957 -0.671553 0
    outer loop
      vertex -2.56326 2.56326 -0.0199995
      vertex -2.80216 2.29967 2.98
      vertex -2.80216 2.29967 -0.0199995
    endloop
  endfacet
  facet normal 0.0490808 0.998795 -0
    outer loop
      vertex 0 -3.625 -0.0199995
      vertex -0.355311 -3.60754 2.98
      vertex 0 -3.625 2.98
    endloop
  endfacet
  facet normal 0.0490808 0.998795 0
    outer loop
      vertex -0.355311 -3.60754 2.98
      vertex 0 -3.625 -0.0199995
      vertex -0.355311 -3.60754 -0.0199995
    endloop
  endfacet
  facet normal 0.998795 -0.0490808 0
    outer loop
      vertex -3.625 0 2.98
      vertex -3.60754 0.355311 -0.0199995
      vertex -3.60754 0.355311 2.98
    endloop
  endfacet
  facet normal 0.998795 -0.0490808 0
    outer loop
      vertex -3.60754 0.355311 -0.0199995
      vertex -3.625 0 2.98
      vertex -3.625 0 -0.0199995
    endloop
  endfacet
  facet normal 0.336897 0.941541 -0
    outer loop
      vertex -1.05228 -3.46891 -0.0199995
      vertex -1.38723 -3.34906 2.98
      vertex -1.05228 -3.46891 2.98
    endloop
  endfacet
  facet normal 0.336897 0.941541 0
    outer loop
      vertex -1.38723 -3.34906 2.98
      vertex -1.05228 -3.46891 -0.0199995
      vertex -1.38723 -3.34906 -0.0199995
    endloop
  endfacet
  facet normal -0.671553 0.740957 0
    outer loop
      vertex 2.56326 -2.56326 -0.0199995
      vertex 2.29967 -2.80216 2.98
      vertex 2.56326 -2.56326 2.98
    endloop
  endfacet
  facet normal -0.671553 0.740957 0
    outer loop
      vertex 2.29967 -2.80216 2.98
      vertex 2.56326 -2.56326 -0.0199995
      vertex 2.29967 -2.80216 -0.0199995
    endloop
  endfacet
  facet normal 0.0490821 -0.998795 0
    outer loop
      vertex 5.38238 1.19422 -0.0199995
      vertex 5.5 1.2 2.98
      vertex 5.38238 1.19422 2.98
    endloop
  endfacet
  facet normal 0.0490821 -0.998795 0
    outer loop
      vertex 5.5 1.2 2.98
      vertex 5.38238 1.19422 -0.0199995
      vertex 5.5 1.2 -0.0199995
    endloop
  endfacet
  facet normal -0.989176 -0.146736 0
    outer loop
      vertex 6.69422 0.11762 -0.0199995
      vertex 6.67694 0.234108 2.98
      vertex 6.67694 0.234108 -0.0199995
    endloop
  endfacet
  facet normal -0.989176 -0.146736 0
    outer loop
      vertex 6.67694 0.234108 2.98
      vertex 6.69422 0.11762 -0.0199995
      vertex 6.69422 0.11762 2.98
    endloop
  endfacet
  facet normal -0.998795 -0.0490821 0
    outer loop
      vertex 6.7 0 -0.0199995
      vertex 6.69422 0.11762 2.98
      vertex 6.69422 0.11762 -0.0199995
    endloop
  endfacet
  facet normal -0.998795 -0.0490821 0
    outer loop
      vertex 6.69422 0.11762 2.98
      vertex 6.7 0 -0.0199995
      vertex 6.7 0 2.98
    endloop
  endfacet
  facet normal -0.970039 -0.242949 0
    outer loop
      vertex 6.67694 0.234108 -0.0199995
      vertex 6.64833 0.348341 2.98
      vertex 6.64833 0.348341 -0.0199995
    endloop
  endfacet
  facet normal -0.970039 -0.242949 0
    outer loop
      vertex 6.64833 0.348341 2.98
      vertex 6.67694 0.234108 -0.0199995
      vertex 6.67694 0.234108 2.98
    endloop
  endfacet
  facet normal 0.0490821 0.998795 -0
    outer loop
      vertex 5.5 -1.2 -0.0199995
      vertex 5.38238 -1.19422 2.98
      vertex 5.5 -1.2 2.98
    endloop
  endfacet
  facet normal 0.0490821 0.998795 0
    outer loop
      vertex 5.38238 -1.19422 2.98
      vertex 5.5 -1.2 -0.0199995
      vertex 5.38238 -1.19422 -0.0199995
    endloop
  endfacet
  facet normal -0.80321 -0.595697 0
    outer loop
      vertex 6.49776 0.666684 -0.0199995
      vertex 6.42761 0.761271 2.98
      vertex 6.42761 0.761271 -0.0199995
    endloop
  endfacet
  facet normal -0.80321 -0.595697 0
    outer loop
      vertex 6.42761 0.761271 2.98
      vertex 6.49776 0.666684 -0.0199995
      vertex 6.49776 0.666684 2.98
    endloop
  endfacet
  facet normal -0.59569 -0.803215 0
    outer loop
      vertex 6.16668 0.997763 -0.0199995
      vertex 6.26127 0.927612 2.98
      vertex 6.16668 0.997763 2.98
    endloop
  endfacet
  facet normal -0.59569 -0.803215 -0
    outer loop
      vertex 6.26127 0.927612 2.98
      vertex 6.16668 0.997763 -0.0199995
      vertex 6.26127 0.927612 -0.0199995
    endloop
  endfacet
  facet normal 0.941553 -0.336866 0
    outer loop
      vertex 4.35167 0.348341 2.98
      vertex 4.39134 0.45922 -0.0199995
      vertex 4.39134 0.45922 2.98
    endloop
  endfacet
  facet normal 0.941553 -0.336866 0
    outer loop
      vertex 4.39134 0.45922 -0.0199995
      vertex 4.35167 0.348341 2.98
      vertex 4.35167 0.348341 -0.0199995
    endloop
  endfacet
  facet normal -0.998795 0.0490821 0
    outer loop
      vertex 6.69422 -0.11762 -0.0199995
      vertex 6.7 0 2.98
      vertex 6.7 0 -0.0199995
    endloop
  endfacet
  facet normal -0.998795 0.0490821 0
    outer loop
      vertex 6.7 0 2.98
      vertex 6.69422 -0.11762 -0.0199995
      vertex 6.69422 -0.11762 2.98
    endloop
  endfacet
  facet normal 0.427542 -0.903995 0
    outer loop
      vertex 4.93432 1.0583 -0.0199995
      vertex 5.04078 1.10865 2.98
      vertex 4.93432 1.0583 2.98
    endloop
  endfacet
  facet normal 0.427542 -0.903995 0
    outer loop
      vertex 5.04078 1.10865 2.98
      vertex 4.93432 1.0583 -0.0199995
      vertex 5.04078 1.10865 -0.0199995
    endloop
  endfacet
  facet normal 0.146733 -0.989176 0
    outer loop
      vertex 5.26589 1.17694 -0.0199995
      vertex 5.38238 1.19422 2.98
      vertex 5.26589 1.17694 2.98
    endloop
  endfacet
  facet normal 0.146733 -0.989176 0
    outer loop
      vertex 5.38238 1.19422 2.98
      vertex 5.26589 1.17694 -0.0199995
      vertex 5.38238 1.19422 -0.0199995
    endloop
  endfacet
  facet normal 0.740973 -0.671535 0
    outer loop
      vertex 4.57239 0.761271 2.98
      vertex 4.65147 0.848528 -0.0199995
      vertex 4.65147 0.848528 2.98
    endloop
  endfacet
  facet normal 0.740973 -0.671535 0
    outer loop
      vertex 4.65147 0.848528 -0.0199995
      vertex 4.57239 0.761271 2.98
      vertex 4.57239 0.761271 -0.0199995
    endloop
  endfacet
  facet normal -0.427542 -0.903995 0
    outer loop
      vertex 5.95922 1.10865 -0.0199995
      vertex 6.06568 1.0583 2.98
      vertex 5.95922 1.10865 2.98
    endloop
  endfacet
  facet normal -0.427542 -0.903995 -0
    outer loop
      vertex 6.06568 1.0583 2.98
      vertex 5.95922 1.10865 -0.0199995
      vertex 6.06568 1.0583 -0.0199995
    endloop
  endfacet
  facet normal 0.857698 -0.514154 0
    outer loop
      vertex 4.44169 0.565676 2.98
      vertex 4.50224 0.666684 -0.0199995
      vertex 4.50224 0.666684 2.98
    endloop
  endfacet
  facet normal 0.857698 -0.514154 0
    outer loop
      vertex 4.50224 0.666684 -0.0199995
      vertex 4.44169 0.565676 2.98
      vertex 4.44169 0.565676 -0.0199995
    endloop
  endfacet
  facet normal -0.336939 0.941527 0
    outer loop
      vertex 5.95922 -1.10865 -0.0199995
      vertex 5.84834 -1.14833 2.98
      vertex 5.95922 -1.10865 2.98
    endloop
  endfacet
  facet normal -0.336939 0.941527 0
    outer loop
      vertex 5.84834 -1.14833 2.98
      vertex 5.95922 -1.10865 -0.0199995
      vertex 5.84834 -1.14833 -0.0199995
    endloop
  endfacet
  facet normal 0.336939 -0.941527 0
    outer loop
      vertex 5.04078 1.10865 -0.0199995
      vertex 5.15166 1.14833 2.98
      vertex 5.04078 1.10865 2.98
    endloop
  endfacet
  facet normal 0.336939 -0.941527 0
    outer loop
      vertex 5.15166 1.14833 2.98
      vertex 5.04078 1.10865 -0.0199995
      vertex 5.15166 1.14833 -0.0199995
    endloop
  endfacet
  facet normal 0.59573 -0.803184 0
    outer loop
      vertex 4.73873 0.927612 -0.0199995
      vertex 4.83331 0.997763 2.98
      vertex 4.73873 0.927612 2.98
    endloop
  endfacet
  facet normal 0.59573 -0.803184 0
    outer loop
      vertex 4.83331 0.997763 2.98
      vertex 4.73873 0.927612 -0.0199995
      vertex 4.83331 0.997763 -0.0199995
    endloop
  endfacet
  facet normal 0.998795 0.0490821 0
    outer loop
      vertex 4.30578 -0.11762 2.98
      vertex 4.3 0 -0.0199995
      vertex 4.3 0 2.98
    endloop
  endfacet
  facet normal 0.998795 0.0490821 0
    outer loop
      vertex 4.3 0 -0.0199995
      vertex 4.30578 -0.11762 2.98
      vertex 4.30578 -0.11762 -0.0199995
    endloop
  endfacet
  facet normal 0.80321 0.595697 0
    outer loop
      vertex 4.57239 -0.761271 2.98
      vertex 4.50224 -0.666684 -0.0199995
      vertex 4.50224 -0.666684 2.98
    endloop
  endfacet
  facet normal 0.80321 0.595697 0
    outer loop
      vertex 4.50224 -0.666684 -0.0199995
      vertex 4.57239 -0.761271 2.98
      vertex 4.57239 -0.761271 -0.0199995
    endloop
  endfacet
  facet normal -0.989176 0.146736 0
    outer loop
      vertex 6.67694 -0.234108 -0.0199995
      vertex 6.69422 -0.11762 2.98
      vertex 6.69422 -0.11762 -0.0199995
    endloop
  endfacet
  facet normal -0.989176 0.146736 0
    outer loop
      vertex 6.69422 -0.11762 2.98
      vertex 6.67694 -0.234108 -0.0199995
      vertex 6.67694 -0.234108 2.98
    endloop
  endfacet
  facet normal -0.941526 -0.336941 0
    outer loop
      vertex 6.64833 0.348341 -0.0199995
      vertex 6.60865 0.45922 2.98
      vertex 6.60865 0.45922 -0.0199995
    endloop
  endfacet
  facet normal -0.941526 -0.336941 0
    outer loop
      vertex 6.60865 0.45922 2.98
      vertex 6.64833 0.348341 -0.0199995
      vertex 6.64833 0.348341 2.98
    endloop
  endfacet
  facet normal 0.857698 0.514154 0
    outer loop
      vertex 4.50224 -0.666684 2.98
      vertex 4.44169 -0.565676 -0.0199995
      vertex 4.44169 -0.565676 2.98
    endloop
  endfacet
  facet normal 0.857698 0.514154 0
    outer loop
      vertex 4.44169 -0.565676 -0.0199995
      vertex 4.50224 -0.666684 2.98
      vertex 4.50224 -0.666684 -0.0199995
    endloop
  endfacet
  facet normal -0.80321 0.595697 0
    outer loop
      vertex 6.42761 -0.761271 -0.0199995
      vertex 6.49776 -0.666684 2.98
      vertex 6.49776 -0.666684 -0.0199995
    endloop
  endfacet
  facet normal -0.80321 0.595697 0
    outer loop
      vertex 6.49776 -0.666684 2.98
      vertex 6.42761 -0.761271 -0.0199995
      vertex 6.42761 -0.761271 2.98
    endloop
  endfacet
  facet normal -0.336939 -0.941527 0
    outer loop
      vertex 5.84834 1.14833 -0.0199995
      vertex 5.95922 1.10865 2.98
      vertex 5.84834 1.14833 2.98
    endloop
  endfacet
  facet normal -0.336939 -0.941527 -0
    outer loop
      vertex 5.95922 1.10865 2.98
      vertex 5.84834 1.14833 -0.0199995
      vertex 5.95922 1.10865 -0.0199995
    endloop
  endfacet
  facet normal -0.740973 -0.671535 0
    outer loop
      vertex 6.42761 0.761271 -0.0199995
      vertex 6.34853 0.848528 2.98
      vertex 6.34853 0.848528 -0.0199995
    endloop
  endfacet
  facet normal -0.740973 -0.671535 0
    outer loop
      vertex 6.34853 0.848528 2.98
      vertex 6.42761 0.761271 -0.0199995
      vertex 6.42761 0.761271 2.98
    endloop
  endfacet
  facet normal 0.903989 -0.427556 0
    outer loop
      vertex 4.39134 0.45922 2.98
      vertex 4.44169 0.565676 -0.0199995
      vertex 4.44169 0.565676 2.98
    endloop
  endfacet
  facet normal 0.903989 -0.427556 0
    outer loop
      vertex 4.44169 0.565676 -0.0199995
      vertex 4.39134 0.45922 2.98
      vertex 4.39134 0.45922 -0.0199995
    endloop
  endfacet
  facet normal -0.146733 -0.989176 0
    outer loop
      vertex 5.61762 1.19422 -0.0199995
      vertex 5.73411 1.17694 2.98
      vertex 5.61762 1.19422 2.98
    endloop
  endfacet
  facet normal -0.146733 -0.989176 -0
    outer loop
      vertex 5.73411 1.17694 2.98
      vertex 5.61762 1.19422 -0.0199995
      vertex 5.73411 1.17694 -0.0199995
    endloop
  endfacet
  facet normal -0.514102 0.857729 0
    outer loop
      vertex 6.16668 -0.997763 -0.0199995
      vertex 6.06568 -1.0583 2.98
      vertex 6.16668 -0.997763 2.98
    endloop
  endfacet
  facet normal -0.514102 0.857729 0
    outer loop
      vertex 6.06568 -1.0583 2.98
      vertex 6.16668 -0.997763 -0.0199995
      vertex 6.06568 -1.0583 -0.0199995
    endloop
  endfacet
  facet normal -0.514102 -0.857729 0
    outer loop
      vertex 6.06568 1.0583 -0.0199995
      vertex 6.16668 0.997763 2.98
      vertex 6.06568 1.0583 2.98
    endloop
  endfacet
  facet normal -0.514102 -0.857729 -0
    outer loop
      vertex 6.16668 0.997763 2.98
      vertex 6.06568 1.0583 -0.0199995
      vertex 6.16668 0.997763 -0.0199995
    endloop
  endfacet
  facet normal 0.242955 -0.970038 0
    outer loop
      vertex 5.15166 1.14833 -0.0199995
      vertex 5.26589 1.17694 2.98
      vertex 5.15166 1.14833 2.98
    endloop
  endfacet
  facet normal 0.242955 -0.970038 0
    outer loop
      vertex 5.26589 1.17694 2.98
      vertex 5.15166 1.14833 -0.0199995
      vertex 5.26589 1.17694 -0.0199995
    endloop
  endfacet
  facet normal 0.903989 0.427556 0
    outer loop
      vertex 4.44169 -0.565676 2.98
      vertex 4.39134 -0.45922 -0.0199995
      vertex 4.39134 -0.45922 2.98
    endloop
  endfacet
  facet normal 0.903989 0.427556 0
    outer loop
      vertex 4.39134 -0.45922 -0.0199995
      vertex 4.44169 -0.565676 2.98
      vertex 4.44169 -0.565676 -0.0199995
    endloop
  endfacet
  facet normal -0.903989 -0.427556 0
    outer loop
      vertex 6.60865 0.45922 -0.0199995
      vertex 6.5583 0.565676 2.98
      vertex 6.5583 0.565676 -0.0199995
    endloop
  endfacet
  facet normal -0.903989 -0.427556 0
    outer loop
      vertex 6.5583 0.565676 2.98
      vertex 6.60865 0.45922 -0.0199995
      vertex 6.60865 0.45922 2.98
    endloop
  endfacet
  facet normal -0.671541 0.740967 0
    outer loop
      vertex 6.34853 -0.848528 -0.0199995
      vertex 6.26127 -0.927612 2.98
      vertex 6.34853 -0.848528 2.98
    endloop
  endfacet
  facet normal -0.671541 0.740967 0
    outer loop
      vertex 6.26127 -0.927612 2.98
      vertex 6.34853 -0.848528 -0.0199995
      vertex 6.26127 -0.927612 -0.0199995
    endloop
  endfacet
  facet normal 0.998795 -0.0490821 0
    outer loop
      vertex 4.3 0 2.98
      vertex 4.30578 0.11762 -0.0199995
      vertex 4.30578 0.11762 2.98
    endloop
  endfacet
  facet normal 0.998795 -0.0490821 0
    outer loop
      vertex 4.30578 0.11762 -0.0199995
      vertex 4.3 0 2.98
      vertex 4.3 0 -0.0199995
    endloop
  endfacet
  facet normal 0.989176 0.146736 0
    outer loop
      vertex 4.32306 -0.234108 2.98
      vertex 4.30578 -0.11762 -0.0199995
      vertex 4.30578 -0.11762 2.98
    endloop
  endfacet
  facet normal 0.989176 0.146736 0
    outer loop
      vertex 4.30578 -0.11762 -0.0199995
      vertex 4.32306 -0.234108 2.98
      vertex 4.32306 -0.234108 -0.0199995
    endloop
  endfacet
  facet normal 0.59573 0.803184 -0
    outer loop
      vertex 4.83331 -0.997763 -0.0199995
      vertex 4.73873 -0.927612 2.98
      vertex 4.83331 -0.997763 2.98
    endloop
  endfacet
  facet normal 0.59573 0.803184 0
    outer loop
      vertex 4.73873 -0.927612 2.98
      vertex 4.83331 -0.997763 -0.0199995
      vertex 4.73873 -0.927612 -0.0199995
    endloop
  endfacet
  facet normal -0.146733 0.989176 0
    outer loop
      vertex 5.73411 -1.17694 -0.0199995
      vertex 5.61762 -1.19422 2.98
      vertex 5.73411 -1.17694 2.98
    endloop
  endfacet
  facet normal -0.146733 0.989176 0
    outer loop
      vertex 5.61762 -1.19422 2.98
      vertex 5.73411 -1.17694 -0.0199995
      vertex 5.61762 -1.19422 -0.0199995
    endloop
  endfacet
  facet normal 0.941553 0.336866 0
    outer loop
      vertex 4.39134 -0.45922 2.98
      vertex 4.35167 -0.348341 -0.0199995
      vertex 4.35167 -0.348341 2.98
    endloop
  endfacet
  facet normal 0.941553 0.336866 0
    outer loop
      vertex 4.35167 -0.348341 -0.0199995
      vertex 4.39134 -0.45922 2.98
      vertex 4.39134 -0.45922 -0.0199995
    endloop
  endfacet
  facet normal -0.59569 0.803215 0
    outer loop
      vertex 6.26127 -0.927612 -0.0199995
      vertex 6.16668 -0.997763 2.98
      vertex 6.26127 -0.927612 2.98
    endloop
  endfacet
  facet normal -0.59569 0.803215 0
    outer loop
      vertex 6.16668 -0.997763 2.98
      vertex 6.26127 -0.927612 -0.0199995
      vertex 6.16668 -0.997763 -0.0199995
    endloop
  endfacet
  facet normal -0.427542 0.903995 0
    outer loop
      vertex 6.06568 -1.0583 -0.0199995
      vertex 5.95922 -1.10865 2.98
      vertex 6.06568 -1.0583 2.98
    endloop
  endfacet
  facet normal -0.427542 0.903995 0
    outer loop
      vertex 5.95922 -1.10865 2.98
      vertex 6.06568 -1.0583 -0.0199995
      vertex 5.95922 -1.10865 -0.0199995
    endloop
  endfacet
  facet normal 0.740973 0.671535 0
    outer loop
      vertex 4.65147 -0.848528 2.98
      vertex 4.57239 -0.761271 -0.0199995
      vertex 4.57239 -0.761271 2.98
    endloop
  endfacet
  facet normal 0.740973 0.671535 0
    outer loop
      vertex 4.57239 -0.761271 -0.0199995
      vertex 4.65147 -0.848528 2.98
      vertex 4.65147 -0.848528 -0.0199995
    endloop
  endfacet
  facet normal 0.671541 0.740967 -0
    outer loop
      vertex 4.73873 -0.927612 -0.0199995
      vertex 4.65147 -0.848528 2.98
      vertex 4.73873 -0.927612 2.98
    endloop
  endfacet
  facet normal 0.671541 0.740967 0
    outer loop
      vertex 4.65147 -0.848528 2.98
      vertex 4.73873 -0.927612 -0.0199995
      vertex 4.65147 -0.848528 -0.0199995
    endloop
  endfacet
  facet normal 0.242955 0.970038 -0
    outer loop
      vertex 5.26589 -1.17694 -0.0199995
      vertex 5.15166 -1.14833 2.98
      vertex 5.26589 -1.17694 2.98
    endloop
  endfacet
  facet normal 0.242955 0.970038 0
    outer loop
      vertex 5.15166 -1.14833 2.98
      vertex 5.26589 -1.17694 -0.0199995
      vertex 5.15166 -1.14833 -0.0199995
    endloop
  endfacet
  facet normal -0.0490821 -0.998795 0
    outer loop
      vertex 5.5 1.2 -0.0199995
      vertex 5.61762 1.19422 2.98
      vertex 5.5 1.2 2.98
    endloop
  endfacet
  facet normal -0.0490821 -0.998795 -0
    outer loop
      vertex 5.61762 1.19422 2.98
      vertex 5.5 1.2 -0.0199995
      vertex 5.61762 1.19422 -0.0199995
    endloop
  endfacet
  facet normal -0.903989 0.427556 0
    outer loop
      vertex 6.5583 -0.565676 -0.0199995
      vertex 6.60865 -0.45922 2.98
      vertex 6.60865 -0.45922 -0.0199995
    endloop
  endfacet
  facet normal -0.903989 0.427556 0
    outer loop
      vertex 6.60865 -0.45922 2.98
      vertex 6.5583 -0.565676 -0.0199995
      vertex 6.5583 -0.565676 2.98
    endloop
  endfacet
  facet normal 0.514065 -0.857751 0
    outer loop
      vertex 4.83331 0.997763 -0.0199995
      vertex 4.93432 1.0583 2.98
      vertex 4.83331 0.997763 2.98
    endloop
  endfacet
  facet normal 0.514065 -0.857751 0
    outer loop
      vertex 4.93432 1.0583 2.98
      vertex 4.83331 0.997763 -0.0199995
      vertex 4.93432 1.0583 -0.0199995
    endloop
  endfacet
  facet normal -0.671541 -0.740967 0
    outer loop
      vertex 6.26127 0.927612 -0.0199995
      vertex 6.34853 0.848528 2.98
      vertex 6.26127 0.927612 2.98
    endloop
  endfacet
  facet normal -0.671541 -0.740967 -0
    outer loop
      vertex 6.34853 0.848528 2.98
      vertex 6.26127 0.927612 -0.0199995
      vertex 6.34853 0.848528 -0.0199995
    endloop
  endfacet
  facet normal 0.970039 -0.242949 0
    outer loop
      vertex 4.32306 0.234108 2.98
      vertex 4.35167 0.348341 -0.0199995
      vertex 4.35167 0.348341 2.98
    endloop
  endfacet
  facet normal 0.970039 -0.242949 0
    outer loop
      vertex 4.35167 0.348341 -0.0199995
      vertex 4.32306 0.234108 2.98
      vertex 4.32306 0.234108 -0.0199995
    endloop
  endfacet
  facet normal -0.970039 0.242949 0
    outer loop
      vertex 6.64833 -0.348341 -0.0199995
      vertex 6.67694 -0.234108 2.98
      vertex 6.67694 -0.234108 -0.0199995
    endloop
  endfacet
  facet normal -0.970039 0.242949 0
    outer loop
      vertex 6.67694 -0.234108 2.98
      vertex 6.64833 -0.348341 -0.0199995
      vertex 6.64833 -0.348341 2.98
    endloop
  endfacet
  facet normal -0.242955 0.970038 0
    outer loop
      vertex 5.84834 -1.14833 -0.0199995
      vertex 5.73411 -1.17694 2.98
      vertex 5.84834 -1.14833 2.98
    endloop
  endfacet
  facet normal -0.242955 0.970038 0
    outer loop
      vertex 5.73411 -1.17694 2.98
      vertex 5.84834 -1.14833 -0.0199995
      vertex 5.73411 -1.17694 -0.0199995
    endloop
  endfacet
  facet normal -0.740973 0.671535 0
    outer loop
      vertex 6.34853 -0.848528 -0.0199995
      vertex 6.42761 -0.761271 2.98
      vertex 6.42761 -0.761271 -0.0199995
    endloop
  endfacet
  facet normal -0.740973 0.671535 0
    outer loop
      vertex 6.42761 -0.761271 2.98
      vertex 6.34853 -0.848528 -0.0199995
      vertex 6.34853 -0.848528 2.98
    endloop
  endfacet
  facet normal -0.857736 -0.514091 0
    outer loop
      vertex 6.5583 0.565676 -0.0199995
      vertex 6.49776 0.666684 2.98
      vertex 6.49776 0.666684 -0.0199995
    endloop
  endfacet
  facet normal -0.857736 -0.514091 0
    outer loop
      vertex 6.49776 0.666684 2.98
      vertex 6.5583 0.565676 -0.0199995
      vertex 6.5583 0.565676 2.98
    endloop
  endfacet
  facet normal -0.0490821 0.998795 0
    outer loop
      vertex 5.61762 -1.19422 -0.0199995
      vertex 5.5 -1.2 2.98
      vertex 5.61762 -1.19422 2.98
    endloop
  endfacet
  facet normal -0.0490821 0.998795 0
    outer loop
      vertex 5.5 -1.2 2.98
      vertex 5.61762 -1.19422 -0.0199995
      vertex 5.5 -1.2 -0.0199995
    endloop
  endfacet
  facet normal 0.970039 0.242949 0
    outer loop
      vertex 4.35167 -0.348341 2.98
      vertex 4.32306 -0.234108 -0.0199995
      vertex 4.32306 -0.234108 2.98
    endloop
  endfacet
  facet normal 0.970039 0.242949 0
    outer loop
      vertex 4.32306 -0.234108 -0.0199995
      vertex 4.35167 -0.348341 2.98
      vertex 4.35167 -0.348341 -0.0199995
    endloop
  endfacet
  facet normal 0.671541 -0.740967 0
    outer loop
      vertex 4.65147 0.848528 -0.0199995
      vertex 4.73873 0.927612 2.98
      vertex 4.65147 0.848528 2.98
    endloop
  endfacet
  facet normal 0.671541 -0.740967 0
    outer loop
      vertex 4.73873 0.927612 2.98
      vertex 4.65147 0.848528 -0.0199995
      vertex 4.73873 0.927612 -0.0199995
    endloop
  endfacet
  facet normal 0.514065 0.857751 -0
    outer loop
      vertex 4.93432 -1.0583 -0.0199995
      vertex 4.83331 -0.997763 2.98
      vertex 4.93432 -1.0583 2.98
    endloop
  endfacet
  facet normal 0.514065 0.857751 0
    outer loop
      vertex 4.83331 -0.997763 2.98
      vertex 4.93432 -1.0583 -0.0199995
      vertex 4.83331 -0.997763 -0.0199995
    endloop
  endfacet
  facet normal 0.336939 0.941527 -0
    outer loop
      vertex 5.15166 -1.14833 -0.0199995
      vertex 5.04078 -1.10865 2.98
      vertex 5.15166 -1.14833 2.98
    endloop
  endfacet
  facet normal 0.336939 0.941527 0
    outer loop
      vertex 5.04078 -1.10865 2.98
      vertex 5.15166 -1.14833 -0.0199995
      vertex 5.04078 -1.10865 -0.0199995
    endloop
  endfacet
  facet normal -0.857736 0.514091 0
    outer loop
      vertex 6.49776 -0.666684 -0.0199995
      vertex 6.5583 -0.565676 2.98
      vertex 6.5583 -0.565676 -0.0199995
    endloop
  endfacet
  facet normal -0.857736 0.514091 0
    outer loop
      vertex 6.5583 -0.565676 2.98
      vertex 6.49776 -0.666684 -0.0199995
      vertex 6.49776 -0.666684 2.98
    endloop
  endfacet
  facet normal -0.941526 0.336941 0
    outer loop
      vertex 6.60865 -0.45922 -0.0199995
      vertex 6.64833 -0.348341 2.98
      vertex 6.64833 -0.348341 -0.0199995
    endloop
  endfacet
  facet normal -0.941526 0.336941 0
    outer loop
      vertex 6.64833 -0.348341 2.98
      vertex 6.60865 -0.45922 -0.0199995
      vertex 6.60865 -0.45922 2.98
    endloop
  endfacet
  facet normal 0.427542 0.903995 -0
    outer loop
      vertex 5.04078 -1.10865 -0.0199995
      vertex 4.93432 -1.0583 2.98
      vertex 5.04078 -1.10865 2.98
    endloop
  endfacet
  facet normal 0.427542 0.903995 0
    outer loop
      vertex 4.93432 -1.0583 2.98
      vertex 5.04078 -1.10865 -0.0199995
      vertex 4.93432 -1.0583 -0.0199995
    endloop
  endfacet
  facet normal 0.989176 -0.146736 0
    outer loop
      vertex 4.30578 0.11762 2.98
      vertex 4.32306 0.234108 -0.0199995
      vertex 4.32306 0.234108 2.98
    endloop
  endfacet
  facet normal 0.989176 -0.146736 0
    outer loop
      vertex 4.32306 0.234108 -0.0199995
      vertex 4.30578 0.11762 2.98
      vertex 4.30578 0.11762 -0.0199995
    endloop
  endfacet
  facet normal -0.242955 -0.970038 0
    outer loop
      vertex 5.73411 1.17694 -0.0199995
      vertex 5.84834 1.14833 2.98
      vertex 5.73411 1.17694 2.98
    endloop
  endfacet
  facet normal -0.242955 -0.970038 -0
    outer loop
      vertex 5.84834 1.14833 2.98
      vertex 5.73411 1.17694 -0.0199995
      vertex 5.84834 1.14833 -0.0199995
    endloop
  endfacet
  facet normal 0.80321 -0.595697 0
    outer loop
      vertex 4.50224 0.666684 2.98
      vertex 4.57239 0.761271 -0.0199995
      vertex 4.57239 0.761271 2.98
    endloop
  endfacet
  facet normal 0.80321 -0.595697 0
    outer loop
      vertex 4.57239 0.761271 -0.0199995
      vertex 4.50224 0.666684 2.98
      vertex 4.50224 0.666684 -0.0199995
    endloop
  endfacet
  facet normal 0.146733 0.989176 -0
    outer loop
      vertex 5.38238 -1.19422 -0.0199995
      vertex 5.26589 -1.17694 2.98
      vertex 5.38238 -1.19422 2.98
    endloop
  endfacet
  facet normal 0.146733 0.989176 0
    outer loop
      vertex 5.26589 -1.17694 2.98
      vertex 5.38238 -1.19422 -0.0199995
      vertex 5.26589 -1.17694 -0.0199995
    endloop
  endfacet
  facet normal -0.0490418 0.998797 0
    outer loop
      vertex -27.2159 20.0385 -0.0199995
      vertex -28 20 2.98
      vertex -27.2159 20.0385 2.98
    endloop
  endfacet
  facet normal -0.0490418 0.998797 0
    outer loop
      vertex -28 20 2.98
      vertex -27.2159 20.0385 -0.0199995
      vertex -28 20 -0.0199995
    endloop
  endfacet
  facet normal -0.90402 0.427489 0
    outer loop
      vertex -20.9446 24.2288 -0.0199995
      vertex -20.609 24.9385 2.98
      vertex -20.609 24.9385 -0.0199995
    endloop
  endfacet
  facet normal -0.90402 0.427489 0
    outer loop
      vertex -20.609 24.9385 2.98
      vertex -20.9446 24.2288 -0.0199995
      vertex -20.9446 24.2288 2.98
    endloop
  endfacet
  facet normal -0.989176 -0.146733 0
    outer loop
      vertex -20.0385 28.7841 -0.0199995
      vertex -20.1537 29.5607 2.98
      vertex -20.1537 29.5607 -0.0199995
    endloop
  endfacet
  facet normal -0.989176 -0.146733 0
    outer loop
      vertex -20.1537 29.5607 2.98
      vertex -20.0385 28.7841 -0.0199995
      vertex -20.0385 28.7841 2.98
    endloop
  endfacet
  facet normal -0.998797 -0.0490418 0
    outer loop
      vertex -20 28 -0.0199995
      vertex -20.0385 28.7841 2.98
      vertex -20.0385 28.7841 -0.0199995
    endloop
  endfacet
  facet normal -0.998797 -0.0490418 0
    outer loop
      vertex -20.0385 28.7841 2.98
      vertex -20 28 -0.0199995
      vertex -20 28 2.98
    endloop
  endfacet
  facet normal -0.146733 -0.989176 0
    outer loop
      vertex -27.2159 35.9615 -0.0199995
      vertex -26.4393 35.8463 2.98
      vertex -27.2159 35.9615 2.98
    endloop
  endfacet
  facet normal -0.146733 -0.989176 -0
    outer loop
      vertex -26.4393 35.8463 2.98
      vertex -27.2159 35.9615 -0.0199995
      vertex -26.4393 35.8463 -0.0199995
    endloop
  endfacet
  facet normal -0.514084 -0.85774 0
    outer loop
      vertex -24.2288 35.0554 -0.0199995
      vertex -23.5554 34.6518 2.98
      vertex -24.2288 35.0554 2.98
    endloop
  endfacet
  facet normal -0.514084 -0.85774 -0
    outer loop
      vertex -23.5554 34.6518 2.98
      vertex -24.2288 35.0554 -0.0199995
      vertex -23.5554 34.6518 -0.0199995
    endloop
  endfacet
  facet normal 0.514084 0.85774 -0
    outer loop
      vertex -31.7712 20.9446 -0.0199995
      vertex -32.4446 21.3482 2.98
      vertex -31.7712 20.9446 2.98
    endloop
  endfacet
  facet normal 0.514084 0.85774 0
    outer loop
      vertex -32.4446 21.3482 2.98
      vertex -31.7712 20.9446 -0.0199995
      vertex -32.4446 21.3482 -0.0199995
    endloop
  endfacet
  facet normal -0.336901 -0.94154 0
    outer loop
      vertex -25.6777 35.6555 -0.0199995
      vertex -24.9385 35.391 2.98
      vertex -25.6777 35.6555 2.98
    endloop
  endfacet
  facet normal -0.336901 -0.94154 -0
    outer loop
      vertex -24.9385 35.391 2.98
      vertex -25.6777 35.6555 -0.0199995
      vertex -24.9385 35.391 -0.0199995
    endloop
  endfacet
  facet normal -0.146733 0.989176 0
    outer loop
      vertex -26.4393 20.1537 -0.0199995
      vertex -27.2159 20.0385 2.98
      vertex -26.4393 20.1537 2.98
    endloop
  endfacet
  facet normal -0.146733 0.989176 0
    outer loop
      vertex -27.2159 20.0385 2.98
      vertex -26.4393 20.1537 -0.0199995
      vertex -27.2159 20.0385 -0.0199995
    endloop
  endfacet
  facet normal 0.998797 0.0490418 0
    outer loop
      vertex -35.9615 27.2159 2.98
      vertex -36 28 -0.0199995
      vertex -36 28 2.98
    endloop
  endfacet
  facet normal 0.998797 0.0490418 0
    outer loop
      vertex -36 28 -0.0199995
      vertex -35.9615 27.2159 2.98
      vertex -35.9615 27.2159 -0.0199995
    endloop
  endfacet
  facet normal -0.998797 0.0490418 0
    outer loop
      vertex -20.0385 27.2159 -0.0199995
      vertex -20 28 2.98
      vertex -20 28 -0.0199995
    endloop
  endfacet
  facet normal -0.998797 0.0490418 0
    outer loop
      vertex -20 28 2.98
      vertex -20.0385 27.2159 -0.0199995
      vertex -20.0385 27.2159 2.98
    endloop
  endfacet
  facet normal 0.741023 -0.67148 0
    outer loop
      vertex -34.1841 33.0751 2.98
      vertex -33.6569 33.6569 -0.0199995
      vertex -33.6569 33.6569 2.98
    endloop
  endfacet
  facet normal 0.741023 -0.67148 0
    outer loop
      vertex -33.6569 33.6569 -0.0199995
      vertex -34.1841 33.0751 2.98
      vertex -34.1841 33.0751 -0.0199995
    endloop
  endfacet
  facet normal 0.85774 -0.514084 0
    outer loop
      vertex -35.0554 31.7712 2.98
      vertex -34.6518 32.4446 -0.0199995
      vertex -34.6518 32.4446 2.98
    endloop
  endfacet
  facet normal 0.85774 -0.514084 0
    outer loop
      vertex -34.6518 32.4446 -0.0199995
      vertex -35.0554 31.7712 2.98
      vertex -35.0554 31.7712 -0.0199995
    endloop
  endfacet
  facet normal 0.146733 0.989176 -0
    outer loop
      vertex -28.7841 20.0385 -0.0199995
      vertex -29.5607 20.1537 2.98
      vertex -28.7841 20.0385 2.98
    endloop
  endfacet
  facet normal 0.146733 0.989176 0
    outer loop
      vertex -29.5607 20.1537 2.98
      vertex -28.7841 20.0385 -0.0199995
      vertex -29.5607 20.1537 -0.0199995
    endloop
  endfacet
  facet normal -0.0490418 -0.998797 0
    outer loop
      vertex -28 36 -0.0199995
      vertex -27.2159 35.9615 2.98
      vertex -28 36 2.98
    endloop
  endfacet
  facet normal -0.0490418 -0.998797 -0
    outer loop
      vertex -27.2159 35.9615 2.98
      vertex -28 36 -0.0199995
      vertex -27.2159 35.9615 -0.0199995
    endloop
  endfacet
  facet normal -0.85774 -0.514084 0
    outer loop
      vertex -20.9446 31.7712 -0.0199995
      vertex -21.3482 32.4446 2.98
      vertex -21.3482 32.4446 -0.0199995
    endloop
  endfacet
  facet normal -0.85774 -0.514084 0
    outer loop
      vertex -21.3482 32.4446 2.98
      vertex -20.9446 31.7712 -0.0199995
      vertex -20.9446 31.7712 2.98
    endloop
  endfacet
  facet normal 0.336901 -0.94154 0
    outer loop
      vertex -31.0615 35.391 -0.0199995
      vertex -30.3223 35.6555 2.98
      vertex -31.0615 35.391 2.98
    endloop
  endfacet
  facet normal 0.336901 -0.94154 0
    outer loop
      vertex -30.3223 35.6555 2.98
      vertex -31.0615 35.391 -0.0199995
      vertex -30.3223 35.6555 -0.0199995
    endloop
  endfacet
  facet normal -0.243015 -0.970023 0
    outer loop
      vertex -26.4393 35.8463 -0.0199995
      vertex -25.6777 35.6555 2.98
      vertex -26.4393 35.8463 2.98
    endloop
  endfacet
  facet normal -0.243015 -0.970023 -0
    outer loop
      vertex -25.6777 35.6555 2.98
      vertex -26.4393 35.8463 -0.0199995
      vertex -25.6777 35.6555 -0.0199995
    endloop
  endfacet
  facet normal 0.514084 -0.85774 0
    outer loop
      vertex -32.4446 34.6518 -0.0199995
      vertex -31.7712 35.0554 2.98
      vertex -32.4446 34.6518 2.98
    endloop
  endfacet
  facet normal 0.514084 -0.85774 0
    outer loop
      vertex -31.7712 35.0554 2.98
      vertex -32.4446 34.6518 -0.0199995
      vertex -31.7712 35.0554 -0.0199995
    endloop
  endfacet
  facet normal 0.90402 -0.427489 0
    outer loop
      vertex -35.391 31.0615 2.98
      vertex -35.0554 31.7712 -0.0199995
      vertex -35.0554 31.7712 2.98
    endloop
  endfacet
  facet normal 0.90402 -0.427489 0
    outer loop
      vertex -35.0554 31.7712 -0.0199995
      vertex -35.391 31.0615 2.98
      vertex -35.391 31.0615 -0.0199995
    endloop
  endfacet
  facet normal 0.243015 0.970023 -0
    outer loop
      vertex -29.5607 20.1537 -0.0199995
      vertex -30.3223 20.3445 2.98
      vertex -29.5607 20.1537 2.98
    endloop
  endfacet
  facet normal 0.243015 0.970023 0
    outer loop
      vertex -30.3223 20.3445 2.98
      vertex -29.5607 20.1537 -0.0199995
      vertex -30.3223 20.3445 -0.0199995
    endloop
  endfacet
  facet normal -0.514084 0.85774 0
    outer loop
      vertex -23.5554 21.3482 -0.0199995
      vertex -24.2288 20.9446 2.98
      vertex -23.5554 21.3482 2.98
    endloop
  endfacet
  facet normal -0.514084 0.85774 0
    outer loop
      vertex -24.2288 20.9446 2.98
      vertex -23.5554 21.3482 -0.0199995
      vertex -24.2288 20.9446 -0.0199995
    endloop
  endfacet
  facet normal -0.595773 0.803153 0
    outer loop
      vertex -22.9249 21.8159 -0.0199995
      vertex -23.5554 21.3482 2.98
      vertex -22.9249 21.8159 2.98
    endloop
  endfacet
  facet normal -0.595773 0.803153 0
    outer loop
      vertex -23.5554 21.3482 2.98
      vertex -22.9249 21.8159 -0.0199995
      vertex -23.5554 21.3482 -0.0199995
    endloop
  endfacet
  facet normal -0.989176 0.146733 0
    outer loop
      vertex -20.1537 26.4393 -0.0199995
      vertex -20.0385 27.2159 2.98
      vertex -20.0385 27.2159 -0.0199995
    endloop
  endfacet
  facet normal -0.989176 0.146733 0
    outer loop
      vertex -20.0385 27.2159 2.98
      vertex -20.1537 26.4393 -0.0199995
      vertex -20.1537 26.4393 2.98
    endloop
  endfacet
  facet normal 0.595773 -0.803153 0
    outer loop
      vertex -33.0751 34.1841 -0.0199995
      vertex -32.4446 34.6518 2.98
      vertex -33.0751 34.1841 2.98
    endloop
  endfacet
  facet normal 0.595773 -0.803153 0
    outer loop
      vertex -32.4446 34.6518 2.98
      vertex -33.0751 34.1841 -0.0199995
      vertex -32.4446 34.6518 -0.0199995
    endloop
  endfacet
  facet normal -0.427489 -0.90402 0
    outer loop
      vertex -24.9385 35.391 -0.0199995
      vertex -24.2288 35.0554 2.98
      vertex -24.9385 35.391 2.98
    endloop
  endfacet
  facet normal -0.427489 -0.90402 -0
    outer loop
      vertex -24.2288 35.0554 2.98
      vertex -24.9385 35.391 -0.0199995
      vertex -24.2288 35.0554 -0.0199995
    endloop
  endfacet
  facet normal -0.970023 0.243015 0
    outer loop
      vertex -20.3445 25.6777 -0.0199995
      vertex -20.1537 26.4393 2.98
      vertex -20.1537 26.4393 -0.0199995
    endloop
  endfacet
  facet normal -0.970023 0.243015 0
    outer loop
      vertex -20.1537 26.4393 2.98
      vertex -20.3445 25.6777 -0.0199995
      vertex -20.3445 25.6777 2.98
    endloop
  endfacet
  facet normal -0.94154 -0.336901 0
    outer loop
      vertex -20.3445 30.3223 -0.0199995
      vertex -20.609 31.0615 2.98
      vertex -20.609 31.0615 -0.0199995
    endloop
  endfacet
  facet normal -0.94154 -0.336901 0
    outer loop
      vertex -20.609 31.0615 2.98
      vertex -20.3445 30.3223 -0.0199995
      vertex -20.3445 30.3223 2.98
    endloop
  endfacet
  facet normal -0.94154 0.336901 0
    outer loop
      vertex -20.609 24.9385 -0.0199995
      vertex -20.3445 25.6777 2.98
      vertex -20.3445 25.6777 -0.0199995
    endloop
  endfacet
  facet normal -0.94154 0.336901 0
    outer loop
      vertex -20.3445 25.6777 2.98
      vertex -20.609 24.9385 -0.0199995
      vertex -20.609 24.9385 2.98
    endloop
  endfacet
  facet normal -0.803153 -0.595773 0
    outer loop
      vertex -21.3482 32.4446 -0.0199995
      vertex -21.8159 33.0751 2.98
      vertex -21.8159 33.0751 -0.0199995
    endloop
  endfacet
  facet normal -0.803153 -0.595773 0
    outer loop
      vertex -21.8159 33.0751 2.98
      vertex -21.3482 32.4446 -0.0199995
      vertex -21.3482 32.4446 2.98
    endloop
  endfacet
  facet normal 0.94154 -0.336901 0
    outer loop
      vertex -35.6555 30.3223 2.98
      vertex -35.391 31.0615 -0.0199995
      vertex -35.391 31.0615 2.98
    endloop
  endfacet
  facet normal 0.94154 -0.336901 0
    outer loop
      vertex -35.391 31.0615 -0.0199995
      vertex -35.6555 30.3223 2.98
      vertex -35.6555 30.3223 -0.0199995
    endloop
  endfacet
  facet normal 0.741023 0.67148 0
    outer loop
      vertex -33.6569 22.3431 2.98
      vertex -34.1841 22.9249 -0.0199995
      vertex -34.1841 22.9249 2.98
    endloop
  endfacet
  facet normal 0.741023 0.67148 0
    outer loop
      vertex -34.1841 22.9249 -0.0199995
      vertex -33.6569 22.3431 2.98
      vertex -33.6569 22.3431 -0.0199995
    endloop
  endfacet
  facet normal 0.67148 -0.741023 0
    outer loop
      vertex -33.6569 33.6569 -0.0199995
      vertex -33.0751 34.1841 2.98
      vertex -33.6569 33.6569 2.98
    endloop
  endfacet
  facet normal 0.67148 -0.741023 0
    outer loop
      vertex -33.0751 34.1841 2.98
      vertex -33.6569 33.6569 -0.0199995
      vertex -33.0751 34.1841 -0.0199995
    endloop
  endfacet
  facet normal -0.427489 0.90402 0
    outer loop
      vertex -24.2288 20.9446 -0.0199995
      vertex -24.9385 20.609 2.98
      vertex -24.2288 20.9446 2.98
    endloop
  endfacet
  facet normal -0.427489 0.90402 0
    outer loop
      vertex -24.9385 20.609 2.98
      vertex -24.2288 20.9446 -0.0199995
      vertex -24.9385 20.609 -0.0199995
    endloop
  endfacet
  facet normal -0.67148 0.741023 0
    outer loop
      vertex -22.3431 22.3431 -0.0199995
      vertex -22.9249 21.8159 2.98
      vertex -22.3431 22.3431 2.98
    endloop
  endfacet
  facet normal -0.67148 0.741023 0
    outer loop
      vertex -22.9249 21.8159 2.98
      vertex -22.3431 22.3431 -0.0199995
      vertex -22.9249 21.8159 -0.0199995
    endloop
  endfacet
  facet normal 0.336901 0.94154 -0
    outer loop
      vertex -30.3223 20.3445 -0.0199995
      vertex -31.0615 20.609 2.98
      vertex -30.3223 20.3445 2.98
    endloop
  endfacet
  facet normal 0.336901 0.94154 0
    outer loop
      vertex -31.0615 20.609 2.98
      vertex -30.3223 20.3445 -0.0199995
      vertex -31.0615 20.609 -0.0199995
    endloop
  endfacet
  facet normal -0.67148 -0.741023 0
    outer loop
      vertex -22.9249 34.1841 -0.0199995
      vertex -22.3431 33.6569 2.98
      vertex -22.9249 34.1841 2.98
    endloop
  endfacet
  facet normal -0.67148 -0.741023 -0
    outer loop
      vertex -22.3431 33.6569 2.98
      vertex -22.9249 34.1841 -0.0199995
      vertex -22.3431 33.6569 -0.0199995
    endloop
  endfacet
  facet normal -0.243015 0.970023 0
    outer loop
      vertex -25.6777 20.3445 -0.0199995
      vertex -26.4393 20.1537 2.98
      vertex -25.6777 20.3445 2.98
    endloop
  endfacet
  facet normal -0.243015 0.970023 0
    outer loop
      vertex -26.4393 20.1537 2.98
      vertex -25.6777 20.3445 -0.0199995
      vertex -26.4393 20.1537 -0.0199995
    endloop
  endfacet
  facet normal 0.94154 0.336901 0
    outer loop
      vertex -35.391 24.9385 2.98
      vertex -35.6555 25.6777 -0.0199995
      vertex -35.6555 25.6777 2.98
    endloop
  endfacet
  facet normal 0.94154 0.336901 0
    outer loop
      vertex -35.6555 25.6777 -0.0199995
      vertex -35.391 24.9385 2.98
      vertex -35.391 24.9385 -0.0199995
    endloop
  endfacet
  facet normal -0.595773 -0.803153 0
    outer loop
      vertex -23.5554 34.6518 -0.0199995
      vertex -22.9249 34.1841 2.98
      vertex -23.5554 34.6518 2.98
    endloop
  endfacet
  facet normal -0.595773 -0.803153 -0
    outer loop
      vertex -22.9249 34.1841 2.98
      vertex -23.5554 34.6518 -0.0199995
      vertex -22.9249 34.1841 -0.0199995
    endloop
  endfacet
  facet normal -0.90402 -0.427489 0
    outer loop
      vertex -20.609 31.0615 -0.0199995
      vertex -20.9446 31.7712 2.98
      vertex -20.9446 31.7712 -0.0199995
    endloop
  endfacet
  facet normal -0.90402 -0.427489 0
    outer loop
      vertex -20.9446 31.7712 2.98
      vertex -20.609 31.0615 -0.0199995
      vertex -20.609 31.0615 2.98
    endloop
  endfacet
  facet normal 0.803153 -0.595773 0
    outer loop
      vertex -34.6518 32.4446 2.98
      vertex -34.1841 33.0751 -0.0199995
      vertex -34.1841 33.0751 2.98
    endloop
  endfacet
  facet normal 0.803153 -0.595773 0
    outer loop
      vertex -34.1841 33.0751 -0.0199995
      vertex -34.6518 32.4446 2.98
      vertex -34.6518 32.4446 -0.0199995
    endloop
  endfacet
  facet normal 0.989176 -0.146733 0
    outer loop
      vertex -35.9615 28.7841 2.98
      vertex -35.8463 29.5607 -0.0199995
      vertex -35.8463 29.5607 2.98
    endloop
  endfacet
  facet normal 0.989176 -0.146733 0
    outer loop
      vertex -35.8463 29.5607 -0.0199995
      vertex -35.9615 28.7841 2.98
      vertex -35.9615 28.7841 -0.0199995
    endloop
  endfacet
  facet normal -0.85774 0.514084 0
    outer loop
      vertex -21.3482 23.5554 -0.0199995
      vertex -20.9446 24.2288 2.98
      vertex -20.9446 24.2288 -0.0199995
    endloop
  endfacet
  facet normal -0.85774 0.514084 0
    outer loop
      vertex -20.9446 24.2288 2.98
      vertex -21.3482 23.5554 -0.0199995
      vertex -21.3482 23.5554 2.98
    endloop
  endfacet
  facet normal -0.970023 -0.243015 0
    outer loop
      vertex -20.1537 29.5607 -0.0199995
      vertex -20.3445 30.3223 2.98
      vertex -20.3445 30.3223 -0.0199995
    endloop
  endfacet
  facet normal -0.970023 -0.243015 0
    outer loop
      vertex -20.3445 30.3223 2.98
      vertex -20.1537 29.5607 -0.0199995
      vertex -20.1537 29.5607 2.98
    endloop
  endfacet
  facet normal -0.336901 0.94154 0
    outer loop
      vertex -24.9385 20.609 -0.0199995
      vertex -25.6777 20.3445 2.98
      vertex -24.9385 20.609 2.98
    endloop
  endfacet
  facet normal -0.336901 0.94154 0
    outer loop
      vertex -25.6777 20.3445 2.98
      vertex -24.9385 20.609 -0.0199995
      vertex -25.6777 20.3445 -0.0199995
    endloop
  endfacet
  facet normal 0.146733 -0.989176 0
    outer loop
      vertex -29.5607 35.8463 -0.0199995
      vertex -28.7841 35.9615 2.98
      vertex -29.5607 35.8463 2.98
    endloop
  endfacet
  facet normal 0.146733 -0.989176 0
    outer loop
      vertex -28.7841 35.9615 2.98
      vertex -29.5607 35.8463 -0.0199995
      vertex -28.7841 35.9615 -0.0199995
    endloop
  endfacet
  facet normal 0.85774 0.514084 0
    outer loop
      vertex -34.6518 23.5554 2.98
      vertex -35.0554 24.2288 -0.0199995
      vertex -35.0554 24.2288 2.98
    endloop
  endfacet
  facet normal 0.85774 0.514084 0
    outer loop
      vertex -35.0554 24.2288 -0.0199995
      vertex -34.6518 23.5554 2.98
      vertex -34.6518 23.5554 -0.0199995
    endloop
  endfacet
  facet normal 0.0490418 -0.998797 0
    outer loop
      vertex -28.7841 35.9615 -0.0199995
      vertex -28 36 2.98
      vertex -28.7841 35.9615 2.98
    endloop
  endfacet
  facet normal 0.0490418 -0.998797 0
    outer loop
      vertex -28 36 2.98
      vertex -28.7841 35.9615 -0.0199995
      vertex -28 36 -0.0199995
    endloop
  endfacet
  facet normal 0.243015 -0.970023 0
    outer loop
      vertex -30.3223 35.6555 -0.0199995
      vertex -29.5607 35.8463 2.98
      vertex -30.3223 35.6555 2.98
    endloop
  endfacet
  facet normal 0.243015 -0.970023 0
    outer loop
      vertex -29.5607 35.8463 2.98
      vertex -30.3223 35.6555 -0.0199995
      vertex -29.5607 35.8463 -0.0199995
    endloop
  endfacet
  facet normal 0.427489 -0.90402 0
    outer loop
      vertex -31.7712 35.0554 -0.0199995
      vertex -31.0615 35.391 2.98
      vertex -31.7712 35.0554 2.98
    endloop
  endfacet
  facet normal 0.427489 -0.90402 0
    outer loop
      vertex -31.0615 35.391 2.98
      vertex -31.7712 35.0554 -0.0199995
      vertex -31.0615 35.391 -0.0199995
    endloop
  endfacet
  facet normal -0.803153 0.595773 0
    outer loop
      vertex -21.8159 22.9249 -0.0199995
      vertex -21.3482 23.5554 2.98
      vertex -21.3482 23.5554 -0.0199995
    endloop
  endfacet
  facet normal -0.803153 0.595773 0
    outer loop
      vertex -21.3482 23.5554 2.98
      vertex -21.8159 22.9249 -0.0199995
      vertex -21.8159 22.9249 2.98
    endloop
  endfacet
  facet normal -0.741023 -0.67148 0
    outer loop
      vertex -21.8159 33.0751 -0.0199995
      vertex -22.3431 33.6569 2.98
      vertex -22.3431 33.6569 -0.0199995
    endloop
  endfacet
  facet normal -0.741023 -0.67148 0
    outer loop
      vertex -22.3431 33.6569 2.98
      vertex -21.8159 33.0751 -0.0199995
      vertex -21.8159 33.0751 2.98
    endloop
  endfacet
  facet normal 0.970023 0.243015 0
    outer loop
      vertex -35.6555 25.6777 2.98
      vertex -35.8463 26.4393 -0.0199995
      vertex -35.8463 26.4393 2.98
    endloop
  endfacet
  facet normal 0.970023 0.243015 0
    outer loop
      vertex -35.8463 26.4393 -0.0199995
      vertex -35.6555 25.6777 2.98
      vertex -35.6555 25.6777 -0.0199995
    endloop
  endfacet
  facet normal 0.803153 0.595773 0
    outer loop
      vertex -34.1841 22.9249 2.98
      vertex -34.6518 23.5554 -0.0199995
      vertex -34.6518 23.5554 2.98
    endloop
  endfacet
  facet normal 0.803153 0.595773 0
    outer loop
      vertex -34.6518 23.5554 -0.0199995
      vertex -34.1841 22.9249 2.98
      vertex -34.1841 22.9249 -0.0199995
    endloop
  endfacet
  facet normal 0.970023 -0.243015 0
    outer loop
      vertex -35.8463 29.5607 2.98
      vertex -35.6555 30.3223 -0.0199995
      vertex -35.6555 30.3223 2.98
    endloop
  endfacet
  facet normal 0.970023 -0.243015 0
    outer loop
      vertex -35.6555 30.3223 -0.0199995
      vertex -35.8463 29.5607 2.98
      vertex -35.8463 29.5607 -0.0199995
    endloop
  endfacet
  facet normal 0.90402 0.427489 0
    outer loop
      vertex -35.0554 24.2288 2.98
      vertex -35.391 24.9385 -0.0199995
      vertex -35.391 24.9385 2.98
    endloop
  endfacet
  facet normal 0.90402 0.427489 0
    outer loop
      vertex -35.391 24.9385 -0.0199995
      vertex -35.0554 24.2288 2.98
      vertex -35.0554 24.2288 -0.0199995
    endloop
  endfacet
  facet normal 0.989176 0.146733 0
    outer loop
      vertex -35.8463 26.4393 2.98
      vertex -35.9615 27.2159 -0.0199995
      vertex -35.9615 27.2159 2.98
    endloop
  endfacet
  facet normal 0.989176 0.146733 0
    outer loop
      vertex -35.9615 27.2159 -0.0199995
      vertex -35.8463 26.4393 2.98
      vertex -35.8463 26.4393 -0.0199995
    endloop
  endfacet
  facet normal -0.741023 0.67148 0
    outer loop
      vertex -22.3431 22.3431 -0.0199995
      vertex -21.8159 22.9249 2.98
      vertex -21.8159 22.9249 -0.0199995
    endloop
  endfacet
  facet normal -0.741023 0.67148 0
    outer loop
      vertex -21.8159 22.9249 2.98
      vertex -22.3431 22.3431 -0.0199995
      vertex -22.3431 22.3431 2.98
    endloop
  endfacet
  facet normal 0.67148 0.741023 -0
    outer loop
      vertex -33.0751 21.8159 -0.0199995
      vertex -33.6569 22.3431 2.98
      vertex -33.0751 21.8159 2.98
    endloop
  endfacet
  facet normal 0.67148 0.741023 0
    outer loop
      vertex -33.6569 22.3431 2.98
      vertex -33.0751 21.8159 -0.0199995
      vertex -33.6569 22.3431 -0.0199995
    endloop
  endfacet
  facet normal 0.0490418 0.998797 -0
    outer loop
      vertex -28 20 -0.0199995
      vertex -28.7841 20.0385 2.98
      vertex -28 20 2.98
    endloop
  endfacet
  facet normal 0.0490418 0.998797 0
    outer loop
      vertex -28.7841 20.0385 2.98
      vertex -28 20 -0.0199995
      vertex -28.7841 20.0385 -0.0199995
    endloop
  endfacet
  facet normal 0.998797 -0.0490418 0
    outer loop
      vertex -36 28 2.98
      vertex -35.9615 28.7841 -0.0199995
      vertex -35.9615 28.7841 2.98
    endloop
  endfacet
  facet normal 0.998797 -0.0490418 0
    outer loop
      vertex -35.9615 28.7841 -0.0199995
      vertex -36 28 2.98
      vertex -36 28 -0.0199995
    endloop
  endfacet
  facet normal 0.595773 0.803153 -0
    outer loop
      vertex -32.4446 21.3482 -0.0199995
      vertex -33.0751 21.8159 2.98
      vertex -32.4446 21.3482 2.98
    endloop
  endfacet
  facet normal 0.595773 0.803153 0
    outer loop
      vertex -33.0751 21.8159 2.98
      vertex -32.4446 21.3482 -0.0199995
      vertex -33.0751 21.8159 -0.0199995
    endloop
  endfacet
  facet normal 0.427489 0.90402 -0
    outer loop
      vertex -31.0615 20.609 -0.0199995
      vertex -31.7712 20.9446 2.98
      vertex -31.0615 20.609 2.98
    endloop
  endfacet
  facet normal 0.427489 0.90402 0
    outer loop
      vertex -31.7712 20.9446 2.98
      vertex -31.0615 20.609 -0.0199995
      vertex -31.7712 20.9446 -0.0199995
    endloop
  endfacet
  facet normal 0.941548 0.336879 0
    outer loop
      vertex -7.39104 24.9385 2.98
      vertex -7.65552 25.6777 -0.0199995
      vertex -7.65552 25.6777 2.98
    endloop
  endfacet
  facet normal 0.941548 0.336879 0
    outer loop
      vertex -7.65552 25.6777 -0.0199995
      vertex -7.39104 24.9385 2.98
      vertex -7.39104 24.9385 -0.0199995
    endloop
  endfacet
  facet normal -0.0490395 -0.998797 0
    outer loop
      vertex 0 36 -0.0199995
      vertex 0.784137 35.9615 2.98
      vertex 0 36 2.98
    endloop
  endfacet
  facet normal -0.0490395 -0.998797 -0
    outer loop
      vertex 0.784137 35.9615 2.98
      vertex 0 36 -0.0199995
      vertex 0.784137 35.9615 -0.0199995
    endloop
  endfacet
  facet normal -0.671543 0.740965 0
    outer loop
      vertex 5.65685 22.3431 -0.0199995
      vertex 5.07515 21.8159 2.98
      vertex 5.65685 22.3431 2.98
    endloop
  endfacet
  facet normal -0.671543 0.740965 0
    outer loop
      vertex 5.07515 21.8159 2.98
      vertex 5.65685 22.3431 -0.0199995
      vertex 5.07515 21.8159 -0.0199995
    endloop
  endfacet
  facet normal -0.595718 -0.803194 0
    outer loop
      vertex 4.44456 34.6518 -0.0199995
      vertex 5.07515 34.1841 2.98
      vertex 4.44456 34.6518 2.98
    endloop
  endfacet
  facet normal -0.595718 -0.803194 -0
    outer loop
      vertex 5.07515 34.1841 2.98
      vertex 4.44456 34.6518 -0.0199995
      vertex 5.07515 34.1841 -0.0199995
    endloop
  endfacet
  facet normal 0.998795 -0.0490672 0
    outer loop
      vertex -8 28 2.98
      vertex -7.96148 28.7841 -0.0199995
      vertex -7.96148 28.7841 2.98
    endloop
  endfacet
  facet normal 0.998795 -0.0490672 0
    outer loop
      vertex -7.96148 28.7841 -0.0199995
      vertex -8 28 2.98
      vertex -8 28 -0.0199995
    endloop
  endfacet
  facet normal 0.514089 0.857737 -0
    outer loop
      vertex -3.77117 20.9446 -0.0199995
      vertex -4.44456 21.3482 2.98
      vertex -3.77117 20.9446 2.98
    endloop
  endfacet
  facet normal 0.514089 0.857737 0
    outer loop
      vertex -4.44456 21.3482 2.98
      vertex -3.77117 20.9446 -0.0199995
      vertex -4.44456 21.3482 -0.0199995
    endloop
  endfacet
  facet normal -0.803165 0.595756 0
    outer loop
      vertex 6.18408 22.9249 -0.0199995
      vertex 6.65176 23.5554 2.98
      vertex 6.65176 23.5554 -0.0199995
    endloop
  endfacet
  facet normal -0.803165 0.595756 0
    outer loop
      vertex 6.65176 23.5554 2.98
      vertex 6.18408 22.9249 -0.0199995
      vertex 6.18408 22.9249 2.98
    endloop
  endfacet
  facet normal 0.970035 0.242967 0
    outer loop
      vertex -7.65552 25.6777 2.98
      vertex -7.84628 26.4393 -0.0199995
      vertex -7.84628 26.4393 2.98
    endloop
  endfacet
  facet normal 0.970035 0.242967 0
    outer loop
      vertex -7.84628 26.4393 -0.0199995
      vertex -7.65552 25.6777 2.98
      vertex -7.65552 25.6777 -0.0199995
    endloop
  endfacet
  facet normal 0.998795 0.0490672 0
    outer loop
      vertex -7.96148 27.2159 2.98
      vertex -8 28 -0.0199995
      vertex -8 28 2.98
    endloop
  endfacet
  facet normal 0.998795 0.0490672 0
    outer loop
      vertex -8 28 -0.0199995
      vertex -7.96148 27.2159 2.98
      vertex -7.96148 27.2159 -0.0199995
    endloop
  endfacet
  facet normal -0.989176 -0.146733 0
    outer loop
      vertex 7.96148 28.7841 -0.0199995
      vertex 7.84628 29.5607 2.98
      vertex 7.84628 29.5607 -0.0199995
    endloop
  endfacet
  facet normal -0.989176 -0.146733 0
    outer loop
      vertex 7.84628 29.5607 2.98
      vertex 7.96148 28.7841 -0.0199995
      vertex 7.96148 28.7841 2.98
    endloop
  endfacet
  facet normal 0.146736 -0.989176 0
    outer loop
      vertex -1.56072 35.8463 -0.0199995
      vertex -0.784137 35.9615 2.98
      vertex -1.56072 35.8463 2.98
    endloop
  endfacet
  facet normal 0.146736 -0.989176 0
    outer loop
      vertex -0.784137 35.9615 2.98
      vertex -1.56072 35.8463 -0.0199995
      vertex -0.784137 35.9615 -0.0199995
    endloop
  endfacet
  facet normal 0.0490395 0.998797 -0
    outer loop
      vertex 0 20 -0.0199995
      vertex -0.784137 20.0385 2.98
      vertex 0 20 2.98
    endloop
  endfacet
  facet normal 0.0490395 0.998797 0
    outer loop
      vertex -0.784137 20.0385 2.98
      vertex 0 20 -0.0199995
      vertex -0.784137 20.0385 -0.0199995
    endloop
  endfacet
  facet normal -0.803165 -0.595756 0
    outer loop
      vertex 6.65176 32.4446 -0.0199995
      vertex 6.18408 33.0751 2.98
      vertex 6.18408 33.0751 -0.0199995
    endloop
  endfacet
  facet normal -0.803165 -0.595756 0
    outer loop
      vertex 6.18408 33.0751 2.98
      vertex 6.65176 32.4446 -0.0199995
      vertex 6.65176 32.4446 2.98
    endloop
  endfacet
  facet normal -0.941548 -0.336879 0
    outer loop
      vertex 7.65552 30.3223 -0.0199995
      vertex 7.39104 31.0615 2.98
      vertex 7.39104 31.0615 -0.0199995
    endloop
  endfacet
  facet normal -0.941548 -0.336879 0
    outer loop
      vertex 7.39104 31.0615 2.98
      vertex 7.65552 30.3223 -0.0199995
      vertex 7.65552 30.3223 2.98
    endloop
  endfacet
  facet normal 0.903986 -0.427562 0
    outer loop
      vertex -7.39104 31.0615 2.98
      vertex -7.05537 31.7712 -0.0199995
      vertex -7.05537 31.7712 2.98
    endloop
  endfacet
  facet normal 0.903986 -0.427562 0
    outer loop
      vertex -7.05537 31.7712 -0.0199995
      vertex -7.39104 31.0615 2.98
      vertex -7.39104 31.0615 -0.0199995
    endloop
  endfacet
  facet normal 0.595718 0.803194 -0
    outer loop
      vertex -4.44456 21.3482 -0.0199995
      vertex -5.07515 21.8159 2.98
      vertex -4.44456 21.3482 2.98
    endloop
  endfacet
  facet normal 0.595718 0.803194 0
    outer loop
      vertex -5.07515 21.8159 2.98
      vertex -4.44456 21.3482 -0.0199995
      vertex -5.07515 21.8159 -0.0199995
    endloop
  endfacet
  facet normal -0.336905 -0.941539 0
    outer loop
      vertex 2.32228 35.6555 -0.0199995
      vertex 3.06147 35.391 2.98
      vertex 2.32228 35.6555 2.98
    endloop
  endfacet
  facet normal -0.336905 -0.941539 -0
    outer loop
      vertex 3.06147 35.391 2.98
      vertex 2.32228 35.6555 -0.0199995
      vertex 3.06147 35.391 -0.0199995
    endloop
  endfacet
  facet normal -0.998795 -0.0490672 0
    outer loop
      vertex 8 28 -0.0199995
      vertex 7.96148 28.7841 2.98
      vertex 7.96148 28.7841 -0.0199995
    endloop
  endfacet
  facet normal -0.998795 -0.0490672 0
    outer loop
      vertex 7.96148 28.7841 2.98
      vertex 8 28 -0.0199995
      vertex 8 28 2.98
    endloop
  endfacet
  facet normal -0.998795 0.0490672 0
    outer loop
      vertex 7.96148 27.2159 -0.0199995
      vertex 8 28 2.98
      vertex 8 28 -0.0199995
    endloop
  endfacet
  facet normal -0.998795 0.0490672 0
    outer loop
      vertex 8 28 2.98
      vertex 7.96148 27.2159 -0.0199995
      vertex 7.96148 27.2159 2.98
    endloop
  endfacet
  facet normal -0.595718 0.803194 0
    outer loop
      vertex 5.07515 21.8159 -0.0199995
      vertex 4.44456 21.3482 2.98
      vertex 5.07515 21.8159 2.98
    endloop
  endfacet
  facet normal -0.595718 0.803194 0
    outer loop
      vertex 4.44456 21.3482 2.98
      vertex 5.07515 21.8159 -0.0199995
      vertex 4.44456 21.3482 -0.0199995
    endloop
  endfacet
  facet normal 0.243027 -0.970019 0
    outer loop
      vertex -2.32228 35.6555 -0.0199995
      vertex -1.56072 35.8463 2.98
      vertex -2.32228 35.6555 2.98
    endloop
  endfacet
  facet normal 0.243027 -0.970019 0
    outer loop
      vertex -1.56072 35.8463 2.98
      vertex -2.32228 35.6555 -0.0199995
      vertex -1.56072 35.8463 -0.0199995
    endloop
  endfacet
  facet normal -0.970035 -0.242967 0
    outer loop
      vertex 7.84628 29.5607 -0.0199995
      vertex 7.65552 30.3223 2.98
      vertex 7.65552 30.3223 -0.0199995
    endloop
  endfacet
  facet normal -0.970035 -0.242967 0
    outer loop
      vertex 7.65552 30.3223 2.98
      vertex 7.84628 29.5607 -0.0199995
      vertex 7.84628 29.5607 2.98
    endloop
  endfacet
  facet normal -0.243027 0.970019 0
    outer loop
      vertex 2.32228 20.3445 -0.0199995
      vertex 1.56072 20.1537 2.98
      vertex 2.32228 20.3445 2.98
    endloop
  endfacet
  facet normal -0.243027 0.970019 0
    outer loop
      vertex 1.56072 20.1537 2.98
      vertex 2.32228 20.3445 -0.0199995
      vertex 1.56072 20.1537 -0.0199995
    endloop
  endfacet
  facet normal -0.970035 0.242967 0
    outer loop
      vertex 7.65552 25.6777 -0.0199995
      vertex 7.84628 26.4393 2.98
      vertex 7.84628 26.4393 -0.0199995
    endloop
  endfacet
  facet normal -0.970035 0.242967 0
    outer loop
      vertex 7.84628 26.4393 2.98
      vertex 7.65552 25.6777 -0.0199995
      vertex 7.65552 25.6777 2.98
    endloop
  endfacet
  facet normal 0.671543 -0.740965 0
    outer loop
      vertex -5.65685 33.6569 -0.0199995
      vertex -5.07515 34.1841 2.98
      vertex -5.65685 33.6569 2.98
    endloop
  endfacet
  facet normal 0.671543 -0.740965 0
    outer loop
      vertex -5.07515 34.1841 2.98
      vertex -5.65685 33.6569 -0.0199995
      vertex -5.07515 34.1841 -0.0199995
    endloop
  endfacet
  facet normal -0.671543 -0.740965 0
    outer loop
      vertex 5.07515 34.1841 -0.0199995
      vertex 5.65685 33.6569 2.98
      vertex 5.07515 34.1841 2.98
    endloop
  endfacet
  facet normal -0.671543 -0.740965 -0
    outer loop
      vertex 5.65685 33.6569 2.98
      vertex 5.07515 34.1841 -0.0199995
      vertex 5.65685 33.6569 -0.0199995
    endloop
  endfacet
  facet normal 0.970035 -0.242967 0
    outer loop
      vertex -7.84628 29.5607 2.98
      vertex -7.65552 30.3223 -0.0199995
      vertex -7.65552 30.3223 2.98
    endloop
  endfacet
  facet normal 0.970035 -0.242967 0
    outer loop
      vertex -7.65552 30.3223 -0.0199995
      vertex -7.84628 29.5607 2.98
      vertex -7.84628 29.5607 -0.0199995
    endloop
  endfacet
  facet normal 0.427489 -0.90402 0
    outer loop
      vertex -3.77117 35.0554 -0.0199995
      vertex -3.06147 35.391 2.98
      vertex -3.77117 35.0554 2.98
    endloop
  endfacet
  facet normal 0.427489 -0.90402 0
    outer loop
      vertex -3.06147 35.391 2.98
      vertex -3.77117 35.0554 -0.0199995
      vertex -3.06147 35.391 -0.0199995
    endloop
  endfacet
  facet normal -0.903986 0.427562 0
    outer loop
      vertex 7.05537 24.2288 -0.0199995
      vertex 7.39104 24.9385 2.98
      vertex 7.39104 24.9385 -0.0199995
    endloop
  endfacet
  facet normal -0.903986 0.427562 0
    outer loop
      vertex 7.39104 24.9385 2.98
      vertex 7.05537 24.2288 -0.0199995
      vertex 7.05537 24.2288 2.98
    endloop
  endfacet
  facet normal 0.0490395 -0.998797 0
    outer loop
      vertex -0.784137 35.9615 -0.0199995
      vertex 0 36 2.98
      vertex -0.784137 35.9615 2.98
    endloop
  endfacet
  facet normal 0.0490395 -0.998797 0
    outer loop
      vertex 0 36 2.98
      vertex -0.784137 35.9615 -0.0199995
      vertex 0 36 -0.0199995
    endloop
  endfacet
  facet normal 0.595718 -0.803194 0
    outer loop
      vertex -5.07515 34.1841 -0.0199995
      vertex -4.44456 34.6518 2.98
      vertex -5.07515 34.1841 2.98
    endloop
  endfacet
  facet normal 0.595718 -0.803194 0
    outer loop
      vertex -4.44456 34.6518 2.98
      vertex -5.07515 34.1841 -0.0199995
      vertex -4.44456 34.6518 -0.0199995
    endloop
  endfacet
  facet normal 0.336905 -0.941539 0
    outer loop
      vertex -3.06147 35.391 -0.0199995
      vertex -2.32228 35.6555 2.98
      vertex -3.06147 35.391 2.98
    endloop
  endfacet
  facet normal 0.336905 -0.941539 0
    outer loop
      vertex -2.32228 35.6555 2.98
      vertex -3.06147 35.391 -0.0199995
      vertex -2.32228 35.6555 -0.0199995
    endloop
  endfacet
  facet normal -0.427489 -0.90402 0
    outer loop
      vertex 3.06147 35.391 -0.0199995
      vertex 3.77117 35.0554 2.98
      vertex 3.06147 35.391 2.98
    endloop
  endfacet
  facet normal -0.427489 -0.90402 -0
    outer loop
      vertex 3.77117 35.0554 2.98
      vertex 3.06147 35.391 -0.0199995
      vertex 3.77117 35.0554 -0.0199995
    endloop
  endfacet
  facet normal -0.903986 -0.427562 0
    outer loop
      vertex 7.39104 31.0615 -0.0199995
      vertex 7.05537 31.7712 2.98
      vertex 7.05537 31.7712 -0.0199995
    endloop
  endfacet
  facet normal -0.903986 -0.427562 0
    outer loop
      vertex 7.05537 31.7712 2.98
      vertex 7.39104 31.0615 -0.0199995
      vertex 7.39104 31.0615 2.98
    endloop
  endfacet
  facet normal -0.857734 -0.514093 0
    outer loop
      vertex 7.05537 31.7712 -0.0199995
      vertex 6.65176 32.4446 2.98
      vertex 6.65176 32.4446 -0.0199995
    endloop
  endfacet
  facet normal -0.857734 -0.514093 0
    outer loop
      vertex 6.65176 32.4446 2.98
      vertex 7.05537 31.7712 -0.0199995
      vertex 7.05537 31.7712 2.98
    endloop
  endfacet
  facet normal 0.903986 0.427562 0
    outer loop
      vertex -7.05537 24.2288 2.98
      vertex -7.39104 24.9385 -0.0199995
      vertex -7.39104 24.9385 2.98
    endloop
  endfacet
  facet normal 0.903986 0.427562 0
    outer loop
      vertex -7.39104 24.9385 -0.0199995
      vertex -7.05537 24.2288 2.98
      vertex -7.05537 24.2288 -0.0199995
    endloop
  endfacet
  facet normal -0.941548 0.336879 0
    outer loop
      vertex 7.39104 24.9385 -0.0199995
      vertex 7.65552 25.6777 2.98
      vertex 7.65552 25.6777 -0.0199995
    endloop
  endfacet
  facet normal -0.941548 0.336879 0
    outer loop
      vertex 7.65552 25.6777 2.98
      vertex 7.39104 24.9385 -0.0199995
      vertex 7.39104 24.9385 2.98
    endloop
  endfacet
  facet normal -0.146736 0.989176 0
    outer loop
      vertex 1.56072 20.1537 -0.0199995
      vertex 0.784137 20.0385 2.98
      vertex 1.56072 20.1537 2.98
    endloop
  endfacet
  facet normal -0.146736 0.989176 0
    outer loop
      vertex 0.784137 20.0385 2.98
      vertex 1.56072 20.1537 -0.0199995
      vertex 0.784137 20.0385 -0.0199995
    endloop
  endfacet
  facet normal 0.427489 0.90402 -0
    outer loop
      vertex -3.06147 20.609 -0.0199995
      vertex -3.77117 20.9446 2.98
      vertex -3.06147 20.609 2.98
    endloop
  endfacet
  facet normal 0.427489 0.90402 0
    outer loop
      vertex -3.77117 20.9446 2.98
      vertex -3.06147 20.609 -0.0199995
      vertex -3.77117 20.9446 -0.0199995
    endloop
  endfacet
  facet normal -0.514089 -0.857737 0
    outer loop
      vertex 3.77117 35.0554 -0.0199995
      vertex 4.44456 34.6518 2.98
      vertex 3.77117 35.0554 2.98
    endloop
  endfacet
  facet normal -0.514089 -0.857737 -0
    outer loop
      vertex 4.44456 34.6518 2.98
      vertex 3.77117 35.0554 -0.0199995
      vertex 4.44456 34.6518 -0.0199995
    endloop
  endfacet
  facet normal -0.741004 -0.671501 0
    outer loop
      vertex 6.18408 33.0751 -0.0199995
      vertex 5.65685 33.6569 2.98
      vertex 5.65685 33.6569 -0.0199995
    endloop
  endfacet
  facet normal -0.741004 -0.671501 0
    outer loop
      vertex 5.65685 33.6569 2.98
      vertex 6.18408 33.0751 -0.0199995
      vertex 6.18408 33.0751 2.98
    endloop
  endfacet
  facet normal 0.741004 -0.671501 0
    outer loop
      vertex -6.18408 33.0751 2.98
      vertex -5.65685 33.6569 -0.0199995
      vertex -5.65685 33.6569 2.98
    endloop
  endfacet
  facet normal 0.741004 -0.671501 0
    outer loop
      vertex -5.65685 33.6569 -0.0199995
      vertex -6.18408 33.0751 2.98
      vertex -6.18408 33.0751 -0.0199995
    endloop
  endfacet
  facet normal -0.989176 0.146733 0
    outer loop
      vertex 7.84628 26.4393 -0.0199995
      vertex 7.96148 27.2159 2.98
      vertex 7.96148 27.2159 -0.0199995
    endloop
  endfacet
  facet normal -0.989176 0.146733 0
    outer loop
      vertex 7.96148 27.2159 2.98
      vertex 7.84628 26.4393 -0.0199995
      vertex 7.84628 26.4393 2.98
    endloop
  endfacet
  facet normal -0.0490395 0.998797 0
    outer loop
      vertex 0.784137 20.0385 -0.0199995
      vertex 0 20 2.98
      vertex 0.784137 20.0385 2.98
    endloop
  endfacet
  facet normal -0.0490395 0.998797 0
    outer loop
      vertex 0 20 2.98
      vertex 0.784137 20.0385 -0.0199995
      vertex 0 20 -0.0199995
    endloop
  endfacet
  facet normal 0.514089 -0.857737 0
    outer loop
      vertex -4.44456 34.6518 -0.0199995
      vertex -3.77117 35.0554 2.98
      vertex -4.44456 34.6518 2.98
    endloop
  endfacet
  facet normal 0.514089 -0.857737 0
    outer loop
      vertex -3.77117 35.0554 2.98
      vertex -4.44456 34.6518 -0.0199995
      vertex -3.77117 35.0554 -0.0199995
    endloop
  endfacet
  facet normal 0.803165 -0.595756 0
    outer loop
      vertex -6.65176 32.4446 2.98
      vertex -6.18408 33.0751 -0.0199995
      vertex -6.18408 33.0751 2.98
    endloop
  endfacet
  facet normal 0.803165 -0.595756 0
    outer loop
      vertex -6.18408 33.0751 -0.0199995
      vertex -6.65176 32.4446 2.98
      vertex -6.65176 32.4446 -0.0199995
    endloop
  endfacet
  facet normal 0.741004 0.671501 0
    outer loop
      vertex -5.65685 22.3431 2.98
      vertex -6.18408 22.9249 -0.0199995
      vertex -6.18408 22.9249 2.98
    endloop
  endfacet
  facet normal 0.741004 0.671501 0
    outer loop
      vertex -6.18408 22.9249 -0.0199995
      vertex -5.65685 22.3431 2.98
      vertex -5.65685 22.3431 -0.0199995
    endloop
  endfacet
  facet normal 0.671543 0.740965 -0
    outer loop
      vertex -5.07515 21.8159 -0.0199995
      vertex -5.65685 22.3431 2.98
      vertex -5.07515 21.8159 2.98
    endloop
  endfacet
  facet normal 0.671543 0.740965 0
    outer loop
      vertex -5.65685 22.3431 2.98
      vertex -5.07515 21.8159 -0.0199995
      vertex -5.65685 22.3431 -0.0199995
    endloop
  endfacet
  facet normal 0.803165 0.595756 0
    outer loop
      vertex -6.18408 22.9249 2.98
      vertex -6.65176 23.5554 -0.0199995
      vertex -6.65176 23.5554 2.98
    endloop
  endfacet
  facet normal 0.803165 0.595756 0
    outer loop
      vertex -6.65176 23.5554 -0.0199995
      vertex -6.18408 22.9249 2.98
      vertex -6.18408 22.9249 -0.0199995
    endloop
  endfacet
  facet normal 0.989176 0.146733 0
    outer loop
      vertex -7.84628 26.4393 2.98
      vertex -7.96148 27.2159 -0.0199995
      vertex -7.96148 27.2159 2.98
    endloop
  endfacet
  facet normal 0.989176 0.146733 0
    outer loop
      vertex -7.96148 27.2159 -0.0199995
      vertex -7.84628 26.4393 2.98
      vertex -7.84628 26.4393 -0.0199995
    endloop
  endfacet
  facet normal -0.514089 0.857737 0
    outer loop
      vertex 4.44456 21.3482 -0.0199995
      vertex 3.77117 20.9446 2.98
      vertex 4.44456 21.3482 2.98
    endloop
  endfacet
  facet normal -0.514089 0.857737 0
    outer loop
      vertex 3.77117 20.9446 2.98
      vertex 4.44456 21.3482 -0.0199995
      vertex 3.77117 20.9446 -0.0199995
    endloop
  endfacet
  facet normal 0.989176 -0.146733 0
    outer loop
      vertex -7.96148 28.7841 2.98
      vertex -7.84628 29.5607 -0.0199995
      vertex -7.84628 29.5607 2.98
    endloop
  endfacet
  facet normal 0.989176 -0.146733 0
    outer loop
      vertex -7.84628 29.5607 -0.0199995
      vertex -7.96148 28.7841 2.98
      vertex -7.96148 28.7841 -0.0199995
    endloop
  endfacet
  facet normal -0.146736 -0.989176 0
    outer loop
      vertex 0.784137 35.9615 -0.0199995
      vertex 1.56072 35.8463 2.98
      vertex 0.784137 35.9615 2.98
    endloop
  endfacet
  facet normal -0.146736 -0.989176 -0
    outer loop
      vertex 1.56072 35.8463 2.98
      vertex 0.784137 35.9615 -0.0199995
      vertex 1.56072 35.8463 -0.0199995
    endloop
  endfacet
  facet normal -0.857734 0.514093 0
    outer loop
      vertex 6.65176 23.5554 -0.0199995
      vertex 7.05537 24.2288 2.98
      vertex 7.05537 24.2288 -0.0199995
    endloop
  endfacet
  facet normal -0.857734 0.514093 0
    outer loop
      vertex 7.05537 24.2288 2.98
      vertex 6.65176 23.5554 -0.0199995
      vertex 6.65176 23.5554 2.98
    endloop
  endfacet
  facet normal -0.427489 0.90402 0
    outer loop
      vertex 3.77117 20.9446 -0.0199995
      vertex 3.06147 20.609 2.98
      vertex 3.77117 20.9446 2.98
    endloop
  endfacet
  facet normal -0.427489 0.90402 0
    outer loop
      vertex 3.06147 20.609 2.98
      vertex 3.77117 20.9446 -0.0199995
      vertex 3.06147 20.609 -0.0199995
    endloop
  endfacet
  facet normal -0.336905 0.941539 0
    outer loop
      vertex 3.06147 20.609 -0.0199995
      vertex 2.32228 20.3445 2.98
      vertex 3.06147 20.609 2.98
    endloop
  endfacet
  facet normal -0.336905 0.941539 0
    outer loop
      vertex 2.32228 20.3445 2.98
      vertex 3.06147 20.609 -0.0199995
      vertex 2.32228 20.3445 -0.0199995
    endloop
  endfacet
  facet normal -0.243027 -0.970019 0
    outer loop
      vertex 1.56072 35.8463 -0.0199995
      vertex 2.32228 35.6555 2.98
      vertex 1.56072 35.8463 2.98
    endloop
  endfacet
  facet normal -0.243027 -0.970019 -0
    outer loop
      vertex 2.32228 35.6555 2.98
      vertex 1.56072 35.8463 -0.0199995
      vertex 2.32228 35.6555 -0.0199995
    endloop
  endfacet
  facet normal 0.146736 0.989176 -0
    outer loop
      vertex -0.784137 20.0385 -0.0199995
      vertex -1.56072 20.1537 2.98
      vertex -0.784137 20.0385 2.98
    endloop
  endfacet
  facet normal 0.146736 0.989176 0
    outer loop
      vertex -1.56072 20.1537 2.98
      vertex -0.784137 20.0385 -0.0199995
      vertex -1.56072 20.1537 -0.0199995
    endloop
  endfacet
  facet normal 0.243027 0.970019 -0
    outer loop
      vertex -1.56072 20.1537 -0.0199995
      vertex -2.32228 20.3445 2.98
      vertex -1.56072 20.1537 2.98
    endloop
  endfacet
  facet normal 0.243027 0.970019 0
    outer loop
      vertex -2.32228 20.3445 2.98
      vertex -1.56072 20.1537 -0.0199995
      vertex -2.32228 20.3445 -0.0199995
    endloop
  endfacet
  facet normal 0.336905 0.941539 -0
    outer loop
      vertex -2.32228 20.3445 -0.0199995
      vertex -3.06147 20.609 2.98
      vertex -2.32228 20.3445 2.98
    endloop
  endfacet
  facet normal 0.336905 0.941539 0
    outer loop
      vertex -3.06147 20.609 2.98
      vertex -2.32228 20.3445 -0.0199995
      vertex -3.06147 20.609 -0.0199995
    endloop
  endfacet
  facet normal 0.857734 -0.514093 0
    outer loop
      vertex -7.05537 31.7712 2.98
      vertex -6.65176 32.4446 -0.0199995
      vertex -6.65176 32.4446 2.98
    endloop
  endfacet
  facet normal 0.857734 -0.514093 0
    outer loop
      vertex -6.65176 32.4446 -0.0199995
      vertex -7.05537 31.7712 2.98
      vertex -7.05537 31.7712 -0.0199995
    endloop
  endfacet
  facet normal 0.857734 0.514093 0
    outer loop
      vertex -6.65176 23.5554 2.98
      vertex -7.05537 24.2288 -0.0199995
      vertex -7.05537 24.2288 2.98
    endloop
  endfacet
  facet normal 0.857734 0.514093 0
    outer loop
      vertex -7.05537 24.2288 -0.0199995
      vertex -6.65176 23.5554 2.98
      vertex -6.65176 23.5554 -0.0199995
    endloop
  endfacet
  facet normal -0.741004 0.671501 0
    outer loop
      vertex 5.65685 22.3431 -0.0199995
      vertex 6.18408 22.9249 2.98
      vertex 6.18408 22.9249 -0.0199995
    endloop
  endfacet
  facet normal -0.741004 0.671501 0
    outer loop
      vertex 6.18408 22.9249 2.98
      vertex 5.65685 22.3431 -0.0199995
      vertex 5.65685 22.3431 2.98
    endloop
  endfacet
  facet normal 0.941548 -0.336879 0
    outer loop
      vertex -7.65552 30.3223 2.98
      vertex -7.39104 31.0615 -0.0199995
      vertex -7.39104 31.0615 2.98
    endloop
  endfacet
  facet normal 0.941548 -0.336879 0
    outer loop
      vertex -7.39104 31.0615 -0.0199995
      vertex -7.65552 30.3223 2.98
      vertex -7.65552 30.3223 -0.0199995
    endloop
  endfacet
  facet normal 0.336901 0.94154 -0
    outer loop
      vertex 25.6777 20.3445 -0.0199995
      vertex 24.9385 20.609 2.98
      vertex 25.6777 20.3445 2.98
    endloop
  endfacet
  facet normal 0.336901 0.94154 0
    outer loop
      vertex 24.9385 20.609 2.98
      vertex 25.6777 20.3445 -0.0199995
      vertex 24.9385 20.609 -0.0199995
    endloop
  endfacet
  facet normal -0.989176 -0.146733 0
    outer loop
      vertex 35.9615 28.7841 -0.0199995
      vertex 35.8463 29.5607 2.98
      vertex 35.8463 29.5607 -0.0199995
    endloop
  endfacet
  facet normal -0.989176 -0.146733 0
    outer loop
      vertex 35.8463 29.5607 2.98
      vertex 35.9615 28.7841 -0.0199995
      vertex 35.9615 28.7841 2.98
    endloop
  endfacet
  facet normal -0.998797 -0.0490418 0
    outer loop
      vertex 36 28 -0.0199995
      vertex 35.9615 28.7841 2.98
      vertex 35.9615 28.7841 -0.0199995
    endloop
  endfacet
  facet normal -0.998797 -0.0490418 0
    outer loop
      vertex 35.9615 28.7841 2.98
      vertex 36 28 -0.0199995
      vertex 36 28 2.98
    endloop
  endfacet
  facet normal -0.970023 -0.243015 0
    outer loop
      vertex 35.8463 29.5607 -0.0199995
      vertex 35.6555 30.3223 2.98
      vertex 35.6555 30.3223 -0.0199995
    endloop
  endfacet
  facet normal -0.970023 -0.243015 0
    outer loop
      vertex 35.6555 30.3223 2.98
      vertex 35.8463 29.5607 -0.0199995
      vertex 35.8463 29.5607 2.98
    endloop
  endfacet
  facet normal 0.989176 -0.146733 0
    outer loop
      vertex 20.0385 28.7841 2.98
      vertex 20.1537 29.5607 -0.0199995
      vertex 20.1537 29.5607 2.98
    endloop
  endfacet
  facet normal 0.989176 -0.146733 0
    outer loop
      vertex 20.1537 29.5607 -0.0199995
      vertex 20.0385 28.7841 2.98
      vertex 20.0385 28.7841 -0.0199995
    endloop
  endfacet
  facet normal 0.243015 0.970023 -0
    outer loop
      vertex 26.4393 20.1537 -0.0199995
      vertex 25.6777 20.3445 2.98
      vertex 26.4393 20.1537 2.98
    endloop
  endfacet
  facet normal 0.243015 0.970023 0
    outer loop
      vertex 25.6777 20.3445 2.98
      vertex 26.4393 20.1537 -0.0199995
      vertex 25.6777 20.3445 -0.0199995
    endloop
  endfacet
  facet normal -0.336901 -0.94154 0
    outer loop
      vertex 30.3223 35.6555 -0.0199995
      vertex 31.0615 35.391 2.98
      vertex 30.3223 35.6555 2.98
    endloop
  endfacet
  facet normal -0.336901 -0.94154 -0
    outer loop
      vertex 31.0615 35.391 2.98
      vertex 30.3223 35.6555 -0.0199995
      vertex 31.0615 35.391 -0.0199995
    endloop
  endfacet
  facet normal 0.514084 -0.85774 0
    outer loop
      vertex 23.5554 34.6518 -0.0199995
      vertex 24.2288 35.0554 2.98
      vertex 23.5554 34.6518 2.98
    endloop
  endfacet
  facet normal 0.514084 -0.85774 0
    outer loop
      vertex 24.2288 35.0554 2.98
      vertex 23.5554 34.6518 -0.0199995
      vertex 24.2288 35.0554 -0.0199995
    endloop
  endfacet
  facet normal 0.90402 0.427489 0
    outer loop
      vertex 20.9446 24.2288 2.98
      vertex 20.609 24.9385 -0.0199995
      vertex 20.609 24.9385 2.98
    endloop
  endfacet
  facet normal 0.90402 0.427489 0
    outer loop
      vertex 20.609 24.9385 -0.0199995
      vertex 20.9446 24.2288 2.98
      vertex 20.9446 24.2288 -0.0199995
    endloop
  endfacet
  facet normal 0.243015 -0.970023 0
    outer loop
      vertex 25.6777 35.6555 -0.0199995
      vertex 26.4393 35.8463 2.98
      vertex 25.6777 35.6555 2.98
    endloop
  endfacet
  facet normal 0.243015 -0.970023 0
    outer loop
      vertex 26.4393 35.8463 2.98
      vertex 25.6777 35.6555 -0.0199995
      vertex 26.4393 35.8463 -0.0199995
    endloop
  endfacet
  facet normal 0.85774 0.514084 0
    outer loop
      vertex 21.3482 23.5554 2.98
      vertex 20.9446 24.2288 -0.0199995
      vertex 20.9446 24.2288 2.98
    endloop
  endfacet
  facet normal 0.85774 0.514084 0
    outer loop
      vertex 20.9446 24.2288 -0.0199995
      vertex 21.3482 23.5554 2.98
      vertex 21.3482 23.5554 -0.0199995
    endloop
  endfacet
  facet normal -0.243015 0.970023 0
    outer loop
      vertex 30.3223 20.3445 -0.0199995
      vertex 29.5607 20.1537 2.98
      vertex 30.3223 20.3445 2.98
    endloop
  endfacet
  facet normal -0.243015 0.970023 0
    outer loop
      vertex 29.5607 20.1537 2.98
      vertex 30.3223 20.3445 -0.0199995
      vertex 29.5607 20.1537 -0.0199995
    endloop
  endfacet
  facet normal 0.595773 0.803153 -0
    outer loop
      vertex 23.5554 21.3482 -0.0199995
      vertex 22.9249 21.8159 2.98
      vertex 23.5554 21.3482 2.98
    endloop
  endfacet
  facet normal 0.595773 0.803153 0
    outer loop
      vertex 22.9249 21.8159 2.98
      vertex 23.5554 21.3482 -0.0199995
      vertex 22.9249 21.8159 -0.0199995
    endloop
  endfacet
  facet normal -0.514084 0.85774 0
    outer loop
      vertex 32.4446 21.3482 -0.0199995
      vertex 31.7712 20.9446 2.98
      vertex 32.4446 21.3482 2.98
    endloop
  endfacet
  facet normal -0.514084 0.85774 0
    outer loop
      vertex 31.7712 20.9446 2.98
      vertex 32.4446 21.3482 -0.0199995
      vertex 31.7712 20.9446 -0.0199995
    endloop
  endfacet
  facet normal -0.803153 0.595773 0
    outer loop
      vertex 34.1841 22.9249 -0.0199995
      vertex 34.6518 23.5554 2.98
      vertex 34.6518 23.5554 -0.0199995
    endloop
  endfacet
  facet normal -0.803153 0.595773 0
    outer loop
      vertex 34.6518 23.5554 2.98
      vertex 34.1841 22.9249 -0.0199995
      vertex 34.1841 22.9249 2.98
    endloop
  endfacet
  facet normal -0.146733 -0.989176 0
    outer loop
      vertex 28.7841 35.9615 -0.0199995
      vertex 29.5607 35.8463 2.98
      vertex 28.7841 35.9615 2.98
    endloop
  endfacet
  facet normal -0.146733 -0.989176 -0
    outer loop
      vertex 29.5607 35.8463 2.98
      vertex 28.7841 35.9615 -0.0199995
      vertex 29.5607 35.8463 -0.0199995
    endloop
  endfacet
  facet normal 0.595773 -0.803153 0
    outer loop
      vertex 22.9249 34.1841 -0.0199995
      vertex 23.5554 34.6518 2.98
      vertex 22.9249 34.1841 2.98
    endloop
  endfacet
  facet normal 0.595773 -0.803153 0
    outer loop
      vertex 23.5554 34.6518 2.98
      vertex 22.9249 34.1841 -0.0199995
      vertex 23.5554 34.6518 -0.0199995
    endloop
  endfacet
  facet normal -0.427489 0.90402 0
    outer loop
      vertex 31.7712 20.9446 -0.0199995
      vertex 31.0615 20.609 2.98
      vertex 31.7712 20.9446 2.98
    endloop
  endfacet
  facet normal -0.427489 0.90402 0
    outer loop
      vertex 31.0615 20.609 2.98
      vertex 31.7712 20.9446 -0.0199995
      vertex 31.0615 20.609 -0.0199995
    endloop
  endfacet
  facet normal 0.803153 -0.595773 0
    outer loop
      vertex 21.3482 32.4446 2.98
      vertex 21.8159 33.0751 -0.0199995
      vertex 21.8159 33.0751 2.98
    endloop
  endfacet
  facet normal 0.803153 -0.595773 0
    outer loop
      vertex 21.8159 33.0751 -0.0199995
      vertex 21.3482 32.4446 2.98
      vertex 21.3482 32.4446 -0.0199995
    endloop
  endfacet
  facet normal -0.989176 0.146733 0
    outer loop
      vertex 35.8463 26.4393 -0.0199995
      vertex 35.9615 27.2159 2.98
      vertex 35.9615 27.2159 -0.0199995
    endloop
  endfacet
  facet normal -0.989176 0.146733 0
    outer loop
      vertex 35.9615 27.2159 2.98
      vertex 35.8463 26.4393 -0.0199995
      vertex 35.8463 26.4393 2.98
    endloop
  endfacet
  facet normal 0.94154 -0.336901 0
    outer loop
      vertex 20.3445 30.3223 2.98
      vertex 20.609 31.0615 -0.0199995
      vertex 20.609 31.0615 2.98
    endloop
  endfacet
  facet normal 0.94154 -0.336901 0
    outer loop
      vertex 20.609 31.0615 -0.0199995
      vertex 20.3445 30.3223 2.98
      vertex 20.3445 30.3223 -0.0199995
    endloop
  endfacet
  facet normal -0.427489 -0.90402 0
    outer loop
      vertex 31.0615 35.391 -0.0199995
      vertex 31.7712 35.0554 2.98
      vertex 31.0615 35.391 2.98
    endloop
  endfacet
  facet normal -0.427489 -0.90402 -0
    outer loop
      vertex 31.7712 35.0554 2.98
      vertex 31.0615 35.391 -0.0199995
      vertex 31.7712 35.0554 -0.0199995
    endloop
  endfacet
  facet normal 0.94154 0.336901 0
    outer loop
      vertex 20.609 24.9385 2.98
      vertex 20.3445 25.6777 -0.0199995
      vertex 20.3445 25.6777 2.98
    endloop
  endfacet
  facet normal 0.94154 0.336901 0
    outer loop
      vertex 20.3445 25.6777 -0.0199995
      vertex 20.609 24.9385 2.98
      vertex 20.609 24.9385 -0.0199995
    endloop
  endfacet
  facet normal -0.970023 0.243015 0
    outer loop
      vertex 35.6555 25.6777 -0.0199995
      vertex 35.8463 26.4393 2.98
      vertex 35.8463 26.4393 -0.0199995
    endloop
  endfacet
  facet normal -0.970023 0.243015 0
    outer loop
      vertex 35.8463 26.4393 2.98
      vertex 35.6555 25.6777 -0.0199995
      vertex 35.6555 25.6777 2.98
    endloop
  endfacet
  facet normal 0.0490418 -0.998797 0
    outer loop
      vertex 27.2159 35.9615 -0.0199995
      vertex 28 36 2.98
      vertex 27.2159 35.9615 2.98
    endloop
  endfacet
  facet normal 0.0490418 -0.998797 0
    outer loop
      vertex 28 36 2.98
      vertex 27.2159 35.9615 -0.0199995
      vertex 28 36 -0.0199995
    endloop
  endfacet
  facet normal 0.427489 -0.90402 0
    outer loop
      vertex 24.2288 35.0554 -0.0199995
      vertex 24.9385 35.391 2.98
      vertex 24.2288 35.0554 2.98
    endloop
  endfacet
  facet normal 0.427489 -0.90402 0
    outer loop
      vertex 24.9385 35.391 2.98
      vertex 24.2288 35.0554 -0.0199995
      vertex 24.9385 35.391 -0.0199995
    endloop
  endfacet
  facet normal 0.67148 -0.741023 0
    outer loop
      vertex 22.3431 33.6569 -0.0199995
      vertex 22.9249 34.1841 2.98
      vertex 22.3431 33.6569 2.98
    endloop
  endfacet
  facet normal 0.67148 -0.741023 0
    outer loop
      vertex 22.9249 34.1841 2.98
      vertex 22.3431 33.6569 -0.0199995
      vertex 22.9249 34.1841 -0.0199995
    endloop
  endfacet
  facet normal -0.336901 0.94154 0
    outer loop
      vertex 31.0615 20.609 -0.0199995
      vertex 30.3223 20.3445 2.98
      vertex 31.0615 20.609 2.98
    endloop
  endfacet
  facet normal -0.336901 0.94154 0
    outer loop
      vertex 30.3223 20.3445 2.98
      vertex 31.0615 20.609 -0.0199995
      vertex 30.3223 20.3445 -0.0199995
    endloop
  endfacet
  facet normal 0.336901 -0.94154 0
    outer loop
      vertex 24.9385 35.391 -0.0199995
      vertex 25.6777 35.6555 2.98
      vertex 24.9385 35.391 2.98
    endloop
  endfacet
  facet normal 0.336901 -0.94154 0
    outer loop
      vertex 25.6777 35.6555 2.98
      vertex 24.9385 35.391 -0.0199995
      vertex 25.6777 35.6555 -0.0199995
    endloop
  endfacet
  facet normal -0.803153 -0.595773 0
    outer loop
      vertex 34.6518 32.4446 -0.0199995
      vertex 34.1841 33.0751 2.98
      vertex 34.1841 33.0751 -0.0199995
    endloop
  endfacet
  facet normal -0.803153 -0.595773 0
    outer loop
      vertex 34.1841 33.0751 2.98
      vertex 34.6518 32.4446 -0.0199995
      vertex 34.6518 32.4446 2.98
    endloop
  endfacet
  facet normal 0.85774 -0.514084 0
    outer loop
      vertex 20.9446 31.7712 2.98
      vertex 21.3482 32.4446 -0.0199995
      vertex 21.3482 32.4446 2.98
    endloop
  endfacet
  facet normal 0.85774 -0.514084 0
    outer loop
      vertex 21.3482 32.4446 -0.0199995
      vertex 20.9446 31.7712 2.98
      vertex 20.9446 31.7712 -0.0199995
    endloop
  endfacet
  facet normal -0.998797 0.0490418 0
    outer loop
      vertex 35.9615 27.2159 -0.0199995
      vertex 36 28 2.98
      vertex 36 28 -0.0199995
    endloop
  endfacet
  facet normal -0.998797 0.0490418 0
    outer loop
      vertex 36 28 2.98
      vertex 35.9615 27.2159 -0.0199995
      vertex 35.9615 27.2159 2.98
    endloop
  endfacet
  facet normal -0.90402 0.427489 0
    outer loop
      vertex 35.0554 24.2288 -0.0199995
      vertex 35.391 24.9385 2.98
      vertex 35.391 24.9385 -0.0199995
    endloop
  endfacet
  facet normal -0.90402 0.427489 0
    outer loop
      vertex 35.391 24.9385 2.98
      vertex 35.0554 24.2288 -0.0199995
      vertex 35.0554 24.2288 2.98
    endloop
  endfacet
  facet normal -0.595773 -0.803153 0
    outer loop
      vertex 32.4446 34.6518 -0.0199995
      vertex 33.0751 34.1841 2.98
      vertex 32.4446 34.6518 2.98
    endloop
  endfacet
  facet normal -0.595773 -0.803153 -0
    outer loop
      vertex 33.0751 34.1841 2.98
      vertex 32.4446 34.6518 -0.0199995
      vertex 33.0751 34.1841 -0.0199995
    endloop
  endfacet
  facet normal 0.514084 0.85774 -0
    outer loop
      vertex 24.2288 20.9446 -0.0199995
      vertex 23.5554 21.3482 2.98
      vertex 24.2288 20.9446 2.98
    endloop
  endfacet
  facet normal 0.514084 0.85774 0
    outer loop
      vertex 23.5554 21.3482 2.98
      vertex 24.2288 20.9446 -0.0199995
      vertex 23.5554 21.3482 -0.0199995
    endloop
  endfacet
  facet normal -0.514084 -0.85774 0
    outer loop
      vertex 31.7712 35.0554 -0.0199995
      vertex 32.4446 34.6518 2.98
      vertex 31.7712 35.0554 2.98
    endloop
  endfacet
  facet normal -0.514084 -0.85774 -0
    outer loop
      vertex 32.4446 34.6518 2.98
      vertex 31.7712 35.0554 -0.0199995
      vertex 32.4446 34.6518 -0.0199995
    endloop
  endfacet
  facet normal -0.146733 0.989176 0
    outer loop
      vertex 29.5607 20.1537 -0.0199995
      vertex 28.7841 20.0385 2.98
      vertex 29.5607 20.1537 2.98
    endloop
  endfacet
  facet normal -0.146733 0.989176 0
    outer loop
      vertex 28.7841 20.0385 2.98
      vertex 29.5607 20.1537 -0.0199995
      vertex 28.7841 20.0385 -0.0199995
    endloop
  endfacet
  facet normal -0.94154 -0.336901 0
    outer loop
      vertex 35.6555 30.3223 -0.0199995
      vertex 35.391 31.0615 2.98
      vertex 35.391 31.0615 -0.0199995
    endloop
  endfacet
  facet normal -0.94154 -0.336901 0
    outer loop
      vertex 35.391 31.0615 2.98
      vertex 35.6555 30.3223 -0.0199995
      vertex 35.6555 30.3223 2.98
    endloop
  endfacet
  facet normal -0.85774 0.514084 0
    outer loop
      vertex 34.6518 23.5554 -0.0199995
      vertex 35.0554 24.2288 2.98
      vertex 35.0554 24.2288 -0.0199995
    endloop
  endfacet
  facet normal -0.85774 0.514084 0
    outer loop
      vertex 35.0554 24.2288 2.98
      vertex 34.6518 23.5554 -0.0199995
      vertex 34.6518 23.5554 2.98
    endloop
  endfacet
  facet normal 0.998797 0.0490418 0
    outer loop
      vertex 20.0385 27.2159 2.98
      vertex 20 28 -0.0199995
      vertex 20 28 2.98
    endloop
  endfacet
  facet normal 0.998797 0.0490418 0
    outer loop
      vertex 20 28 -0.0199995
      vertex 20.0385 27.2159 2.98
      vertex 20.0385 27.2159 -0.0199995
    endloop
  endfacet
  facet normal -0.94154 0.336901 0
    outer loop
      vertex 35.391 24.9385 -0.0199995
      vertex 35.6555 25.6777 2.98
      vertex 35.6555 25.6777 -0.0199995
    endloop
  endfacet
  facet normal -0.94154 0.336901 0
    outer loop
      vertex 35.6555 25.6777 2.98
      vertex 35.391 24.9385 -0.0199995
      vertex 35.391 24.9385 2.98
    endloop
  endfacet
  facet normal -0.741023 -0.67148 0
    outer loop
      vertex 34.1841 33.0751 -0.0199995
      vertex 33.6569 33.6569 2.98
      vertex 33.6569 33.6569 -0.0199995
    endloop
  endfacet
  facet normal -0.741023 -0.67148 0
    outer loop
      vertex 33.6569 33.6569 2.98
      vertex 34.1841 33.0751 -0.0199995
      vertex 34.1841 33.0751 2.98
    endloop
  endfacet
  facet normal -0.0490418 -0.998797 0
    outer loop
      vertex 28 36 -0.0199995
      vertex 28.7841 35.9615 2.98
      vertex 28 36 2.98
    endloop
  endfacet
  facet normal -0.0490418 -0.998797 -0
    outer loop
      vertex 28.7841 35.9615 2.98
      vertex 28 36 -0.0199995
      vertex 28.7841 35.9615 -0.0199995
    endloop
  endfacet
  facet normal -0.90402 -0.427489 0
    outer loop
      vertex 35.391 31.0615 -0.0199995
      vertex 35.0554 31.7712 2.98
      vertex 35.0554 31.7712 -0.0199995
    endloop
  endfacet
  facet normal -0.90402 -0.427489 0
    outer loop
      vertex 35.0554 31.7712 2.98
      vertex 35.391 31.0615 -0.0199995
      vertex 35.391 31.0615 2.98
    endloop
  endfacet
  facet normal 0.146733 0.989176 -0
    outer loop
      vertex 27.2159 20.0385 -0.0199995
      vertex 26.4393 20.1537 2.98
      vertex 27.2159 20.0385 2.98
    endloop
  endfacet
  facet normal 0.146733 0.989176 0
    outer loop
      vertex 26.4393 20.1537 2.98
      vertex 27.2159 20.0385 -0.0199995
      vertex 26.4393 20.1537 -0.0199995
    endloop
  endfacet
  facet normal -0.67148 0.741023 0
    outer loop
      vertex 33.6569 22.3431 -0.0199995
      vertex 33.0751 21.8159 2.98
      vertex 33.6569 22.3431 2.98
    endloop
  endfacet
  facet normal -0.67148 0.741023 0
    outer loop
      vertex 33.0751 21.8159 2.98
      vertex 33.6569 22.3431 -0.0199995
      vertex 33.0751 21.8159 -0.0199995
    endloop
  endfacet
  facet normal -0.85774 -0.514084 0
    outer loop
      vertex 35.0554 31.7712 -0.0199995
      vertex 34.6518 32.4446 2.98
      vertex 34.6518 32.4446 -0.0199995
    endloop
  endfacet
  facet normal -0.85774 -0.514084 0
    outer loop
      vertex 34.6518 32.4446 2.98
      vertex 35.0554 31.7712 -0.0199995
      vertex 35.0554 31.7712 2.98
    endloop
  endfacet
  facet normal 0.0490418 0.998797 -0
    outer loop
      vertex 28 20 -0.0199995
      vertex 27.2159 20.0385 2.98
      vertex 28 20 2.98
    endloop
  endfacet
  facet normal 0.0490418 0.998797 0
    outer loop
      vertex 27.2159 20.0385 2.98
      vertex 28 20 -0.0199995
      vertex 27.2159 20.0385 -0.0199995
    endloop
  endfacet
  facet normal 0.741023 -0.67148 0
    outer loop
      vertex 21.8159 33.0751 2.98
      vertex 22.3431 33.6569 -0.0199995
      vertex 22.3431 33.6569 2.98
    endloop
  endfacet
  facet normal 0.741023 -0.67148 0
    outer loop
      vertex 22.3431 33.6569 -0.0199995
      vertex 21.8159 33.0751 2.98
      vertex 21.8159 33.0751 -0.0199995
    endloop
  endfacet
  facet normal -0.67148 -0.741023 0
    outer loop
      vertex 33.0751 34.1841 -0.0199995
      vertex 33.6569 33.6569 2.98
      vertex 33.0751 34.1841 2.98
    endloop
  endfacet
  facet normal -0.67148 -0.741023 -0
    outer loop
      vertex 33.6569 33.6569 2.98
      vertex 33.0751 34.1841 -0.0199995
      vertex 33.6569 33.6569 -0.0199995
    endloop
  endfacet
  facet normal 0.146733 -0.989176 0
    outer loop
      vertex 26.4393 35.8463 -0.0199995
      vertex 27.2159 35.9615 2.98
      vertex 26.4393 35.8463 2.98
    endloop
  endfacet
  facet normal 0.146733 -0.989176 0
    outer loop
      vertex 27.2159 35.9615 2.98
      vertex 26.4393 35.8463 -0.0199995
      vertex 27.2159 35.9615 -0.0199995
    endloop
  endfacet
  facet normal 0.90402 -0.427489 0
    outer loop
      vertex 20.609 31.0615 2.98
      vertex 20.9446 31.7712 -0.0199995
      vertex 20.9446 31.7712 2.98
    endloop
  endfacet
  facet normal 0.90402 -0.427489 0
    outer loop
      vertex 20.9446 31.7712 -0.0199995
      vertex 20.609 31.0615 2.98
      vertex 20.609 31.0615 -0.0199995
    endloop
  endfacet
  facet normal 0.67148 0.741023 -0
    outer loop
      vertex 22.9249 21.8159 -0.0199995
      vertex 22.3431 22.3431 2.98
      vertex 22.9249 21.8159 2.98
    endloop
  endfacet
  facet normal 0.67148 0.741023 0
    outer loop
      vertex 22.3431 22.3431 2.98
      vertex 22.9249 21.8159 -0.0199995
      vertex 22.3431 22.3431 -0.0199995
    endloop
  endfacet
  facet normal 0.970023 -0.243015 0
    outer loop
      vertex 20.1537 29.5607 2.98
      vertex 20.3445 30.3223 -0.0199995
      vertex 20.3445 30.3223 2.98
    endloop
  endfacet
  facet normal 0.970023 -0.243015 0
    outer loop
      vertex 20.3445 30.3223 -0.0199995
      vertex 20.1537 29.5607 2.98
      vertex 20.1537 29.5607 -0.0199995
    endloop
  endfacet
  facet normal -0.243015 -0.970023 0
    outer loop
      vertex 29.5607 35.8463 -0.0199995
      vertex 30.3223 35.6555 2.98
      vertex 29.5607 35.8463 2.98
    endloop
  endfacet
  facet normal -0.243015 -0.970023 -0
    outer loop
      vertex 30.3223 35.6555 2.98
      vertex 29.5607 35.8463 -0.0199995
      vertex 30.3223 35.6555 -0.0199995
    endloop
  endfacet
  facet normal 0.970023 0.243015 0
    outer loop
      vertex 20.3445 25.6777 2.98
      vertex 20.1537 26.4393 -0.0199995
      vertex 20.1537 26.4393 2.98
    endloop
  endfacet
  facet normal 0.970023 0.243015 0
    outer loop
      vertex 20.1537 26.4393 -0.0199995
      vertex 20.3445 25.6777 2.98
      vertex 20.3445 25.6777 -0.0199995
    endloop
  endfacet
  facet normal 0.427489 0.90402 -0
    outer loop
      vertex 24.9385 20.609 -0.0199995
      vertex 24.2288 20.9446 2.98
      vertex 24.9385 20.609 2.98
    endloop
  endfacet
  facet normal 0.427489 0.90402 0
    outer loop
      vertex 24.2288 20.9446 2.98
      vertex 24.9385 20.609 -0.0199995
      vertex 24.2288 20.9446 -0.0199995
    endloop
  endfacet
  facet normal 0.741023 0.67148 0
    outer loop
      vertex 22.3431 22.3431 2.98
      vertex 21.8159 22.9249 -0.0199995
      vertex 21.8159 22.9249 2.98
    endloop
  endfacet
  facet normal 0.741023 0.67148 0
    outer loop
      vertex 21.8159 22.9249 -0.0199995
      vertex 22.3431 22.3431 2.98
      vertex 22.3431 22.3431 -0.0199995
    endloop
  endfacet
  facet normal -0.0490418 0.998797 0
    outer loop
      vertex 28.7841 20.0385 -0.0199995
      vertex 28 20 2.98
      vertex 28.7841 20.0385 2.98
    endloop
  endfacet
  facet normal -0.0490418 0.998797 0
    outer loop
      vertex 28 20 2.98
      vertex 28.7841 20.0385 -0.0199995
      vertex 28 20 -0.0199995
    endloop
  endfacet
  facet normal 0.989176 0.146733 0
    outer loop
      vertex 20.1537 26.4393 2.98
      vertex 20.0385 27.2159 -0.0199995
      vertex 20.0385 27.2159 2.98
    endloop
  endfacet
  facet normal 0.989176 0.146733 0
    outer loop
      vertex 20.0385 27.2159 -0.0199995
      vertex 20.1537 26.4393 2.98
      vertex 20.1537 26.4393 -0.0199995
    endloop
  endfacet
  facet normal -0.595773 0.803153 0
    outer loop
      vertex 33.0751 21.8159 -0.0199995
      vertex 32.4446 21.3482 2.98
      vertex 33.0751 21.8159 2.98
    endloop
  endfacet
  facet normal -0.595773 0.803153 0
    outer loop
      vertex 32.4446 21.3482 2.98
      vertex 33.0751 21.8159 -0.0199995
      vertex 32.4446 21.3482 -0.0199995
    endloop
  endfacet
  facet normal 0.803153 0.595773 0
    outer loop
      vertex 21.8159 22.9249 2.98
      vertex 21.3482 23.5554 -0.0199995
      vertex 21.3482 23.5554 2.98
    endloop
  endfacet
  facet normal 0.803153 0.595773 0
    outer loop
      vertex 21.3482 23.5554 -0.0199995
      vertex 21.8159 22.9249 2.98
      vertex 21.8159 22.9249 -0.0199995
    endloop
  endfacet
  facet normal 0.998797 -0.0490418 0
    outer loop
      vertex 20 28 2.98
      vertex 20.0385 28.7841 -0.0199995
      vertex 20.0385 28.7841 2.98
    endloop
  endfacet
  facet normal 0.998797 -0.0490418 0
    outer loop
      vertex 20.0385 28.7841 -0.0199995
      vertex 20 28 2.98
      vertex 20 28 -0.0199995
    endloop
  endfacet
  facet normal -0.741023 0.67148 0
    outer loop
      vertex 33.6569 22.3431 -0.0199995
      vertex 34.1841 22.9249 2.98
      vertex 34.1841 22.9249 -0.0199995
    endloop
  endfacet
  facet normal -0.741023 0.67148 0
    outer loop
      vertex 34.1841 22.9249 2.98
      vertex 33.6569 22.3431 -0.0199995
      vertex 33.6569 22.3431 2.98
    endloop
  endfacet
  facet normal -1 0 0
    outer loop
      vertex -30.2 -44.98 -0.0199995
      vertex -30.2 -39.02 1.9
      vertex -30.2 -39.02 -0.0199995
    endloop
  endfacet
  facet normal -1 -0 0
    outer loop
      vertex -30.2 -39.02 1.9
      vertex -30.2 -44.98 -0.0199995
      vertex -30.2 -44.98 1.9
    endloop
  endfacet
  facet normal 0 0 -1
    outer loop
      vertex -35.8 -44.98 1.9
      vertex -30.2 -39.02 1.9
      vertex -30.2 -44.98 1.9
    endloop
  endfacet
  facet normal -0 0 -1
    outer loop
      vertex -30.2 -39.02 1.9
      vertex -35.8 -44.98 1.9
      vertex -35.8 -39.02 1.9
    endloop
  endfacet
  facet normal 1 -0 0
    outer loop
      vertex -35.8 -44.98 1.9
      vertex -35.8 -39.02 -0.0199995
      vertex -35.8 -39.02 1.9
    endloop
  endfacet
  facet normal 1 0 0
    outer loop
      vertex -35.8 -39.02 -0.0199995
      vertex -35.8 -44.98 1.9
      vertex -35.8 -44.98 -0.0199995
    endloop
  endfacet
  facet normal 0 -1 0
    outer loop
      vertex -35.8 -39.02 -0.0199995
      vertex -30.2 -39.02 1.9
      vertex -35.8 -39.02 1.9
    endloop
  endfacet
  facet normal 0 -1 -0
    outer loop
      vertex -30.2 -39.02 1.9
      vertex -35.8 -39.02 -0.0199995
      vertex -30.2 -39.02 -0.0199995
    endloop
  endfacet
  facet normal 0 1 -0
    outer loop
      vertex -30.2 -44.98 -0.0199995
      vertex -35.8 -44.98 1.9
      vertex -30.2 -44.98 1.9
    endloop
  endfacet
  facet normal 0 1 0
    outer loop
      vertex -35.8 -44.98 1.9
      vertex -30.2 -44.98 -0.0199995
      vertex -35.8 -44.98 -0.0199995
    endloop
  endfacet
  facet normal -1 0 0
    outer loop
      vertex 35.8 -44.98 -0.0199995
      vertex 35.8 -39.02 1.9
      vertex 35.8 -39.02 -0.0199995
    endloop
  endfacet
  facet normal -1 -0 0
    outer loop
      vertex 35.8 -39.02 1.9
      vertex 35.8 -44.98 -0.0199995
      vertex 35.8 -44.98 1.9
    endloop
  endfacet
  facet normal 0 0 -1
    outer loop
      vertex 30.2 -44.98 1.9
      vertex 35.8 -39.02 1.9
      vertex 35.8 -44.98 1.9
    endloop
  endfacet
  facet normal -0 0 -1
    outer loop
      vertex 35.8 -39.02 1.9
      vertex 30.2 -44.98 1.9
      vertex 30.2 -39.02 1.9
    endloop
  endfacet
  facet normal 1 -0 0
    outer loop
      vertex 30.2 -44.98 1.9
      vertex 30.2 -39.02 -0.0199995
      vertex 30.2 -39.02 1.9
    endloop
  endfacet
  facet normal 1 0 0
    outer loop
      vertex 30.2 -39.02 -0.0199995
      vertex 30.2 -44.98 1.9
      vertex 30.2 -44.98 -0.0199995
    endloop
  endfacet
  facet normal 0 -1 0
    outer loop
      vertex 30.2 -39.02 -0.0199995
      vertex 35.8 -39.02 1.9
      vertex 30.2 -39.02 1.9
    endloop
  endfacet
  facet normal 0 -1 -0
    outer loop
      vertex 35.8 -39.02 1.9
      vertex 30.2 -39.02 -0.0199995
      vertex 35.8 -39.02 -0.0199995
    endloop
  endfacet
  facet normal 0 1 -0
    outer loop
      vertex 35.8 -44.98 -0.0199995
      vertex 30.2 -44.98 1.9
      vertex 35.8 -44.98 1.9
    endloop
  endfacet
  facet normal 0 1 0
    outer loop
      vertex 30.2 -44.98 1.9
      vertex 35.8 -44.98 -0.0199995
      vertex 30.2 -44.98 -0.0199995
    endloop
  endfacet
  facet normal 0.146788 -0.989168 0
    outer loop
      vertex -55.3317 -42.3327 -0.0199995
      vertex -55.1666 -42.3082 0.62
      vertex -55.3317 -42.3327 0.62
    endloop
  endfacet
  facet normal 0.146788 -0.989168 0
    outer loop
      vertex -55.1666 -42.3082 0.62
      vertex -55.3317 -42.3327 -0.0199995
      vertex -55.1666 -42.3082 -0.0199995
    endloop
  endfacet
  facet normal 0.146788 -0.989168 0
    outer loop
      vertex -55.3317 -42.3327 2.62
      vertex -55.1666 -42.3082 2.98
      vertex -55.3317 -42.3327 2.98
    endloop
  endfacet
  facet normal 0.146788 -0.989168 0
    outer loop
      vertex -55.1666 -42.3082 2.98
      vertex -55.3317 -42.3327 2.62
      vertex -55.1666 -42.3082 2.62
    endloop
  endfacet
  facet normal 0.989168 0.146788 0
    outer loop
      vertex -56.6673 -44.3317 0.62
      vertex -56.6918 -44.1666 -0.0199995
      vertex -56.6918 -44.1666 0.62
    endloop
  endfacet
  facet normal 0.989168 0.146788 0
    outer loop
      vertex -56.6918 -44.1666 -0.0199995
      vertex -56.6673 -44.3317 0.62
      vertex -56.6673 -44.3317 -0.0199995
    endloop
  endfacet
  facet normal 0.989168 0.146788 0
    outer loop
      vertex -56.6673 -44.3317 2.98
      vertex -56.6918 -44.1666 2.62
      vertex -56.6918 -44.1666 2.98
    endloop
  endfacet
  facet normal 0.989168 0.146788 0
    outer loop
      vertex -56.6918 -44.1666 2.62
      vertex -56.6673 -44.3317 2.98
      vertex -56.6673 -44.3317 2.62
    endloop
  endfacet
  facet normal -0.989168 -0.146788 0
    outer loop
      vertex -53.3082 -43.8334 2.62
      vertex -53.3327 -43.6683 2.98
      vertex -53.3327 -43.6683 2.62
    endloop
  endfacet
  facet normal -0.989168 -0.146788 0
    outer loop
      vertex -53.3327 -43.6683 2.98
      vertex -53.3082 -43.8334 2.62
      vertex -53.3082 -43.8334 2.98
    endloop
  endfacet
  facet normal -0.989168 -0.146788 0
    outer loop
      vertex -53.3082 -43.8334 -0.0199995
      vertex -53.3327 -43.6683 0.62
      vertex -53.3327 -43.6683 -0.0199995
    endloop
  endfacet
  facet normal -0.989168 -0.146788 0
    outer loop
      vertex -53.3327 -43.6683 0.62
      vertex -53.3082 -43.8334 -0.0199995
      vertex -53.3082 -43.8334 0.62
    endloop
  endfacet
  facet normal -0.741024 0.671478 0
    outer loop
      vertex -53.7979 -45.2021 2.62
      vertex -53.6859 -45.0785 2.98
      vertex -53.6859 -45.0785 2.62
    endloop
  endfacet
  facet normal -0.741024 0.671478 0
    outer loop
      vertex -53.6859 -45.0785 2.98
      vertex -53.7979 -45.2021 2.62
      vertex -53.7979 -45.2021 2.98
    endloop
  endfacet
  facet normal -0.741024 0.671478 0
    outer loop
      vertex -53.7979 -45.2021 -0.0199995
      vertex -53.6859 -45.0785 0.62
      vertex -53.6859 -45.0785 -0.0199995
    endloop
  endfacet
  facet normal -0.741024 0.671478 0
    outer loop
      vertex -53.6859 -45.0785 0.62
      vertex -53.7979 -45.2021 -0.0199995
      vertex -53.7979 -45.2021 0.62
    endloop
  endfacet
  facet normal -0.0491602 -0.998791 0
    outer loop
      vertex -55 -42.3 2.62
      vertex -54.8334 -42.3082 2.98
      vertex -55 -42.3 2.98
    endloop
  endfacet
  facet normal -0.0491602 -0.998791 -0
    outer loop
      vertex -54.8334 -42.3082 2.98
      vertex -55 -42.3 2.62
      vertex -54.8334 -42.3082 2.62
    endloop
  endfacet
  facet normal -0.0491602 -0.998791 0
    outer loop
      vertex -55 -42.3 -0.0199995
      vertex -54.8334 -42.3082 0.62
      vertex -55 -42.3 0.62
    endloop
  endfacet
  facet normal -0.0491602 -0.998791 -0
    outer loop
      vertex -54.8334 -42.3082 0.62
      vertex -55 -42.3 -0.0199995
      vertex -54.8334 -42.3082 -0.0199995
    endloop
  endfacet
  facet normal 0.33683 -0.941566 0
    outer loop
      vertex -55.6506 -42.4294 2.62
      vertex -55.4935 -42.3732 2.98
      vertex -55.6506 -42.4294 2.98
    endloop
  endfacet
  facet normal 0.33683 -0.941566 0
    outer loop
      vertex -55.4935 -42.3732 2.98
      vertex -55.6506 -42.4294 2.62
      vertex -55.4935 -42.3732 2.62
    endloop
  endfacet
  facet normal 0.33683 -0.941566 0
    outer loop
      vertex -55.6506 -42.4294 -0.0199995
      vertex -55.4935 -42.3732 0.62
      vertex -55.6506 -42.4294 0.62
    endloop
  endfacet
  facet normal 0.33683 -0.941566 0
    outer loop
      vertex -55.4935 -42.3732 0.62
      vertex -55.6506 -42.4294 -0.0199995
      vertex -55.4935 -42.3732 -0.0199995
    endloop
  endfacet
  facet normal 0.595772 -0.803154 0
    outer loop
      vertex -56.0785 -42.6859 -0.0199995
      vertex -55.9445 -42.5865 0.62
      vertex -56.0785 -42.6859 0.62
    endloop
  endfacet
  facet normal 0.595772 -0.803154 0
    outer loop
      vertex -55.9445 -42.5865 0.62
      vertex -56.0785 -42.6859 -0.0199995
      vertex -55.9445 -42.5865 -0.0199995
    endloop
  endfacet
  facet normal 0.595772 -0.803154 0
    outer loop
      vertex -56.0785 -42.6859 2.62
      vertex -55.9445 -42.5865 2.98
      vertex -56.0785 -42.6859 2.98
    endloop
  endfacet
  facet normal 0.595772 -0.803154 0
    outer loop
      vertex -55.9445 -42.5865 2.98
      vertex -56.0785 -42.6859 2.62
      vertex -55.9445 -42.5865 2.62
    endloop
  endfacet
  facet normal -0.989168 0.146788 0
    outer loop
      vertex -53.3327 -44.3317 2.62
      vertex -53.3082 -44.1666 2.98
      vertex -53.3082 -44.1666 2.62
    endloop
  endfacet
  facet normal -0.989168 0.146788 0
    outer loop
      vertex -53.3082 -44.1666 2.98
      vertex -53.3327 -44.3317 2.62
      vertex -53.3327 -44.3317 2.98
    endloop
  endfacet
  facet normal -0.989168 0.146788 0
    outer loop
      vertex -53.3327 -44.3317 -0.0199995
      vertex -53.3082 -44.1666 0.62
      vertex -53.3082 -44.1666 -0.0199995
    endloop
  endfacet
  facet normal -0.989168 0.146788 0
    outer loop
      vertex -53.3082 -44.1666 0.62
      vertex -53.3327 -44.3317 -0.0199995
      vertex -53.3327 -44.3317 0.62
    endloop
  endfacet
  facet normal 0.0491602 0.998791 -0
    outer loop
      vertex -55 -45.7 -0.0199995
      vertex -55.1666 -45.6918 0.62
      vertex -55 -45.7 0.62
    endloop
  endfacet
  facet normal 0.0491602 0.998791 0
    outer loop
      vertex -55.1666 -45.6918 0.62
      vertex -55 -45.7 -0.0199995
      vertex -55.1666 -45.6918 -0.0199995
    endloop
  endfacet
  facet normal 0.0491602 0.998791 -0
    outer loop
      vertex -55 -45.7 2.62
      vertex -55.1666 -45.6918 2.98
      vertex -55 -45.7 2.98
    endloop
  endfacet
  facet normal 0.0491602 0.998791 0
    outer loop
      vertex -55.1666 -45.6918 2.98
      vertex -55 -45.7 2.62
      vertex -55.1666 -45.6918 2.62
    endloop
  endfacet
  facet normal 0.671478 0.741024 -0
    outer loop
      vertex -56.0785 -45.3141 2.62
      vertex -56.2021 -45.2021 2.98
      vertex -56.0785 -45.3141 2.98
    endloop
  endfacet
  facet normal 0.671478 0.741024 0
    outer loop
      vertex -56.2021 -45.2021 2.98
      vertex -56.0785 -45.3141 2.62
      vertex -56.2021 -45.2021 2.62
    endloop
  endfacet
  facet normal 0.671478 0.741024 -0
    outer loop
      vertex -56.0785 -45.3141 -0.0199995
      vertex -56.2021 -45.2021 0.62
      vertex -56.0785 -45.3141 0.62
    endloop
  endfacet
  facet normal 0.671478 0.741024 0
    outer loop
      vertex -56.2021 -45.2021 0.62
      vertex -56.0785 -45.3141 -0.0199995
      vertex -56.2021 -45.2021 -0.0199995
    endloop
  endfacet
  facet normal -0.803154 0.595772 0
    outer loop
      vertex -53.6859 -45.0785 2.62
      vertex -53.5865 -44.9445 2.98
      vertex -53.5865 -44.9445 2.62
    endloop
  endfacet
  facet normal -0.803154 0.595772 0
    outer loop
      vertex -53.5865 -44.9445 2.98
      vertex -53.6859 -45.0785 2.62
      vertex -53.6859 -45.0785 2.98
    endloop
  endfacet
  facet normal -0.803154 0.595772 0
    outer loop
      vertex -53.6859 -45.0785 -0.0199995
      vertex -53.5865 -44.9445 0.62
      vertex -53.5865 -44.9445 -0.0199995
    endloop
  endfacet
  facet normal -0.803154 0.595772 0
    outer loop
      vertex -53.5865 -44.9445 0.62
      vertex -53.6859 -45.0785 -0.0199995
      vertex -53.6859 -45.0785 0.62
    endloop
  endfacet
  facet normal 0.941566 -0.33683 0
    outer loop
      vertex -56.6268 -43.5065 0.62
      vertex -56.5706 -43.3494 -0.0199995
      vertex -56.5706 -43.3494 0.62
    endloop
  endfacet
  facet normal 0.941566 -0.33683 0
    outer loop
      vertex -56.5706 -43.3494 -0.0199995
      vertex -56.6268 -43.5065 0.62
      vertex -56.6268 -43.5065 -0.0199995
    endloop
  endfacet
  facet normal 0.941566 -0.33683 0
    outer loop
      vertex -56.6268 -43.5065 2.98
      vertex -56.5706 -43.3494 2.62
      vertex -56.5706 -43.3494 2.98
    endloop
  endfacet
  facet normal 0.941566 -0.33683 0
    outer loop
      vertex -56.5706 -43.3494 2.62
      vertex -56.6268 -43.5065 2.98
      vertex -56.6268 -43.5065 2.62
    endloop
  endfacet
  facet normal -0.998791 -0.0491602 0
    outer loop
      vertex -53.3 -44 2.62
      vertex -53.3082 -43.8334 2.98
      vertex -53.3082 -43.8334 2.62
    endloop
  endfacet
  facet normal -0.998791 -0.0491602 0
    outer loop
      vertex -53.3082 -43.8334 2.98
      vertex -53.3 -44 2.62
      vertex -53.3 -44 2.98
    endloop
  endfacet
  facet normal -0.998791 -0.0491602 0
    outer loop
      vertex -53.3 -44 -0.0199995
      vertex -53.3082 -43.8334 0.62
      vertex -53.3082 -43.8334 -0.0199995
    endloop
  endfacet
  facet normal -0.998791 -0.0491602 0
    outer loop
      vertex -53.3082 -43.8334 0.62
      vertex -53.3 -44 -0.0199995
      vertex -53.3 -44 0.62
    endloop
  endfacet
  facet normal -0.671478 -0.741024 0
    outer loop
      vertex -53.9215 -42.6859 -0.0199995
      vertex -53.7979 -42.7979 0.62
      vertex -53.9215 -42.6859 0.62
    endloop
  endfacet
  facet normal -0.671478 -0.741024 -0
    outer loop
      vertex -53.7979 -42.7979 0.62
      vertex -53.9215 -42.6859 -0.0199995
      vertex -53.7979 -42.7979 -0.0199995
    endloop
  endfacet
  facet normal -0.671478 -0.741024 0
    outer loop
      vertex -53.9215 -42.6859 2.62
      vertex -53.7979 -42.7979 2.98
      vertex -53.9215 -42.6859 2.98
    endloop
  endfacet
  facet normal -0.671478 -0.741024 -0
    outer loop
      vertex -53.7979 -42.7979 2.98
      vertex -53.9215 -42.6859 2.62
      vertex -53.7979 -42.7979 2.62
    endloop
  endfacet
  facet normal -0.970072 -0.242818 0
    outer loop
      vertex -53.3327 -43.6683 2.62
      vertex -53.3732 -43.5065 2.98
      vertex -53.3732 -43.5065 2.62
    endloop
  endfacet
  facet normal -0.970072 -0.242818 0
    outer loop
      vertex -53.3732 -43.5065 2.98
      vertex -53.3327 -43.6683 2.62
      vertex -53.3327 -43.6683 2.98
    endloop
  endfacet
  facet normal -0.970072 -0.242818 0
    outer loop
      vertex -53.3327 -43.6683 -0.0199995
      vertex -53.3732 -43.5065 0.62
      vertex -53.3732 -43.5065 -0.0199995
    endloop
  endfacet
  facet normal -0.970072 -0.242818 0
    outer loop
      vertex -53.3732 -43.5065 0.62
      vertex -53.3327 -43.6683 -0.0199995
      vertex -53.3327 -43.6683 0.62
    endloop
  endfacet
  facet normal 0.242818 0.970072 -0
    outer loop
      vertex -55.3317 -45.6673 2.62
      vertex -55.4935 -45.6268 2.98
      vertex -55.3317 -45.6673 2.98
    endloop
  endfacet
  facet normal 0.242818 0.970072 0
    outer loop
      vertex -55.4935 -45.6268 2.98
      vertex -55.3317 -45.6673 2.62
      vertex -55.4935 -45.6268 2.62
    endloop
  endfacet
  facet normal 0.242818 0.970072 -0
    outer loop
      vertex -55.3317 -45.6673 -0.0199995
      vertex -55.4935 -45.6268 0.62
      vertex -55.3317 -45.6673 0.62
    endloop
  endfacet
  facet normal 0.242818 0.970072 0
    outer loop
      vertex -55.4935 -45.6268 0.62
      vertex -55.3317 -45.6673 -0.0199995
      vertex -55.4935 -45.6268 -0.0199995
    endloop
  endfacet
  facet normal 0.998791 -0.0491602 0
    outer loop
      vertex -56.7 -44 0.62
      vertex -56.6918 -43.8334 -0.0199995
      vertex -56.6918 -43.8334 0.62
    endloop
  endfacet
  facet normal 0.998791 -0.0491602 0
    outer loop
      vertex -56.6918 -43.8334 -0.0199995
      vertex -56.7 -44 0.62
      vertex -56.7 -44 -0.0199995
    endloop
  endfacet
  facet normal 0.998791 -0.0491602 0
    outer loop
      vertex -56.7 -44 2.98
      vertex -56.6918 -43.8334 2.62
      vertex -56.6918 -43.8334 2.98
    endloop
  endfacet
  facet normal 0.998791 -0.0491602 0
    outer loop
      vertex -56.6918 -43.8334 2.62
      vertex -56.7 -44 2.98
      vertex -56.7 -44 2.62
    endloop
  endfacet
  facet normal 0.514231 -0.857652 0
    outer loop
      vertex -55.9445 -42.5865 -0.0199995
      vertex -55.8014 -42.5007 0.62
      vertex -55.9445 -42.5865 0.62
    endloop
  endfacet
  facet normal 0.514231 -0.857652 0
    outer loop
      vertex -55.8014 -42.5007 0.62
      vertex -55.9445 -42.5865 -0.0199995
      vertex -55.8014 -42.5007 -0.0199995
    endloop
  endfacet
  facet normal 0.514231 -0.857652 0
    outer loop
      vertex -55.9445 -42.5865 2.62
      vertex -55.8014 -42.5007 2.98
      vertex -55.9445 -42.5865 2.98
    endloop
  endfacet
  facet normal 0.514231 -0.857652 0
    outer loop
      vertex -55.8014 -42.5007 2.98
      vertex -55.9445 -42.5865 2.62
      vertex -55.8014 -42.5007 2.62
    endloop
  endfacet
  facet normal 0.427442 0.904043 -0
    outer loop
      vertex -55.6506 -45.5706 -0.0199995
      vertex -55.8014 -45.4993 0.62
      vertex -55.6506 -45.5706 0.62
    endloop
  endfacet
  facet normal 0.427442 0.904043 0
    outer loop
      vertex -55.8014 -45.4993 0.62
      vertex -55.6506 -45.5706 -0.0199995
      vertex -55.8014 -45.4993 -0.0199995
    endloop
  endfacet
  facet normal 0.427442 0.904043 -0
    outer loop
      vertex -55.6506 -45.5706 2.62
      vertex -55.8014 -45.4993 2.98
      vertex -55.6506 -45.5706 2.98
    endloop
  endfacet
  facet normal 0.427442 0.904043 0
    outer loop
      vertex -55.8014 -45.4993 2.98
      vertex -55.6506 -45.5706 2.62
      vertex -55.8014 -45.4993 2.62
    endloop
  endfacet
  facet normal 0.989168 -0.146788 0
    outer loop
      vertex -56.6918 -43.8334 2.98
      vertex -56.6673 -43.6683 2.62
      vertex -56.6673 -43.6683 2.98
    endloop
  endfacet
  facet normal 0.989168 -0.146788 0
    outer loop
      vertex -56.6673 -43.6683 2.62
      vertex -56.6918 -43.8334 2.98
      vertex -56.6918 -43.8334 2.62
    endloop
  endfacet
  facet normal 0.989168 -0.146788 0
    outer loop
      vertex -56.6918 -43.8334 0.62
      vertex -56.6673 -43.6683 -0.0199995
      vertex -56.6673 -43.6683 0.62
    endloop
  endfacet
  facet normal 0.989168 -0.146788 0
    outer loop
      vertex -56.6673 -43.6683 -0.0199995
      vertex -56.6918 -43.8334 0.62
      vertex -56.6918 -43.8334 -0.0199995
    endloop
  endfacet
  facet normal 0.741024 -0.671478 0
    outer loop
      vertex -56.3141 -42.9215 0.62
      vertex -56.2021 -42.7979 -0.0199995
      vertex -56.2021 -42.7979 0.62
    endloop
  endfacet
  facet normal 0.741024 -0.671478 0
    outer loop
      vertex -56.2021 -42.7979 -0.0199995
      vertex -56.3141 -42.9215 0.62
      vertex -56.3141 -42.9215 -0.0199995
    endloop
  endfacet
  facet normal 0.741024 -0.671478 0
    outer loop
      vertex -56.3141 -42.9215 2.98
      vertex -56.2021 -42.7979 2.62
      vertex -56.2021 -42.7979 2.98
    endloop
  endfacet
  facet normal 0.741024 -0.671478 0
    outer loop
      vertex -56.2021 -42.7979 2.62
      vertex -56.3141 -42.9215 2.98
      vertex -56.3141 -42.9215 2.62
    endloop
  endfacet
  facet normal -0.427442 0.904043 0
    outer loop
      vertex -54.1986 -45.4993 -0.0199995
      vertex -54.3494 -45.5706 0.62
      vertex -54.1986 -45.4993 0.62
    endloop
  endfacet
  facet normal -0.427442 0.904043 0
    outer loop
      vertex -54.3494 -45.5706 0.62
      vertex -54.1986 -45.4993 -0.0199995
      vertex -54.3494 -45.5706 -0.0199995
    endloop
  endfacet
  facet normal -0.427442 0.904043 0
    outer loop
      vertex -54.1986 -45.4993 2.62
      vertex -54.3494 -45.5706 2.98
      vertex -54.1986 -45.4993 2.98
    endloop
  endfacet
  facet normal -0.427442 0.904043 0
    outer loop
      vertex -54.3494 -45.5706 2.98
      vertex -54.1986 -45.4993 2.62
      vertex -54.3494 -45.5706 2.62
    endloop
  endfacet
  facet normal -0.427442 -0.904043 0
    outer loop
      vertex -54.3494 -42.4294 2.62
      vertex -54.1986 -42.5007 2.98
      vertex -54.3494 -42.4294 2.98
    endloop
  endfacet
  facet normal -0.427442 -0.904043 -0
    outer loop
      vertex -54.1986 -42.5007 2.98
      vertex -54.3494 -42.4294 2.62
      vertex -54.1986 -42.5007 2.62
    endloop
  endfacet
  facet normal -0.427442 -0.904043 0
    outer loop
      vertex -54.3494 -42.4294 -0.0199995
      vertex -54.1986 -42.5007 0.62
      vertex -54.3494 -42.4294 0.62
    endloop
  endfacet
  facet normal -0.427442 -0.904043 -0
    outer loop
      vertex -54.1986 -42.5007 0.62
      vertex -54.3494 -42.4294 -0.0199995
      vertex -54.1986 -42.5007 -0.0199995
    endloop
  endfacet
  facet normal -0.970072 0.242818 0
    outer loop
      vertex -53.3732 -44.4935 2.62
      vertex -53.3327 -44.3317 2.98
      vertex -53.3327 -44.3317 2.62
    endloop
  endfacet
  facet normal -0.970072 0.242818 0
    outer loop
      vertex -53.3327 -44.3317 2.98
      vertex -53.3732 -44.4935 2.62
      vertex -53.3732 -44.4935 2.98
    endloop
  endfacet
  facet normal -0.970072 0.242818 0
    outer loop
      vertex -53.3732 -44.4935 -0.0199995
      vertex -53.3327 -44.3317 0.62
      vertex -53.3327 -44.3317 -0.0199995
    endloop
  endfacet
  facet normal -0.970072 0.242818 0
    outer loop
      vertex -53.3327 -44.3317 0.62
      vertex -53.3732 -44.4935 -0.0199995
      vertex -53.3732 -44.4935 0.62
    endloop
  endfacet
  facet normal -0.941566 0.33683 0
    outer loop
      vertex -53.4294 -44.6506 -0.0199995
      vertex -53.3732 -44.4935 0.62
      vertex -53.3732 -44.4935 -0.0199995
    endloop
  endfacet
  facet normal -0.941566 0.33683 0
    outer loop
      vertex -53.3732 -44.4935 0.62
      vertex -53.4294 -44.6506 -0.0199995
      vertex -53.4294 -44.6506 0.62
    endloop
  endfacet
  facet normal -0.941566 0.33683 0
    outer loop
      vertex -53.4294 -44.6506 2.62
      vertex -53.3732 -44.4935 2.98
      vertex -53.3732 -44.4935 2.62
    endloop
  endfacet
  facet normal -0.941566 0.33683 0
    outer loop
      vertex -53.3732 -44.4935 2.98
      vertex -53.4294 -44.6506 2.62
      vertex -53.4294 -44.6506 2.98
    endloop
  endfacet
  facet normal -0.998791 0.0491602 0
    outer loop
      vertex -53.3082 -44.1666 2.62
      vertex -53.3 -44 2.98
      vertex -53.3 -44 2.62
    endloop
  endfacet
  facet normal -0.998791 0.0491602 0
    outer loop
      vertex -53.3 -44 2.98
      vertex -53.3082 -44.1666 2.62
      vertex -53.3082 -44.1666 2.98
    endloop
  endfacet
  facet normal -0.998791 0.0491602 0
    outer loop
      vertex -53.3082 -44.1666 -0.0199995
      vertex -53.3 -44 0.62
      vertex -53.3 -44 -0.0199995
    endloop
  endfacet
  facet normal -0.998791 0.0491602 0
    outer loop
      vertex -53.3 -44 0.62
      vertex -53.3082 -44.1666 -0.0199995
      vertex -53.3082 -44.1666 0.62
    endloop
  endfacet
  facet normal 0.803154 -0.595772 0
    outer loop
      vertex -56.4135 -43.0555 0.62
      vertex -56.3141 -42.9215 -0.0199995
      vertex -56.3141 -42.9215 0.62
    endloop
  endfacet
  facet normal 0.803154 -0.595772 0
    outer loop
      vertex -56.3141 -42.9215 -0.0199995
      vertex -56.4135 -43.0555 0.62
      vertex -56.4135 -43.0555 -0.0199995
    endloop
  endfacet
  facet normal 0.803154 -0.595772 0
    outer loop
      vertex -56.4135 -43.0555 2.98
      vertex -56.3141 -42.9215 2.62
      vertex -56.3141 -42.9215 2.98
    endloop
  endfacet
  facet normal 0.803154 -0.595772 0
    outer loop
      vertex -56.3141 -42.9215 2.62
      vertex -56.4135 -43.0555 2.98
      vertex -56.4135 -43.0555 2.62
    endloop
  endfacet
  facet normal -0.146788 0.989168 0
    outer loop
      vertex -54.6683 -45.6673 -0.0199995
      vertex -54.8334 -45.6918 0.62
      vertex -54.6683 -45.6673 0.62
    endloop
  endfacet
  facet normal -0.146788 0.989168 0
    outer loop
      vertex -54.8334 -45.6918 0.62
      vertex -54.6683 -45.6673 -0.0199995
      vertex -54.8334 -45.6918 -0.0199995
    endloop
  endfacet
  facet normal -0.146788 0.989168 0
    outer loop
      vertex -54.6683 -45.6673 2.62
      vertex -54.8334 -45.6918 2.98
      vertex -54.6683 -45.6673 2.98
    endloop
  endfacet
  facet normal -0.146788 0.989168 0
    outer loop
      vertex -54.8334 -45.6918 2.98
      vertex -54.6683 -45.6673 2.62
      vertex -54.8334 -45.6918 2.62
    endloop
  endfacet
  facet normal -0.941566 -0.33683 0
    outer loop
      vertex -53.3732 -43.5065 -0.0199995
      vertex -53.4294 -43.3494 0.62
      vertex -53.4294 -43.3494 -0.0199995
    endloop
  endfacet
  facet normal -0.941566 -0.33683 0
    outer loop
      vertex -53.4294 -43.3494 0.62
      vertex -53.3732 -43.5065 -0.0199995
      vertex -53.3732 -43.5065 0.62
    endloop
  endfacet
  facet normal -0.941566 -0.33683 0
    outer loop
      vertex -53.3732 -43.5065 2.62
      vertex -53.4294 -43.3494 2.98
      vertex -53.4294 -43.3494 2.62
    endloop
  endfacet
  facet normal -0.941566 -0.33683 0
    outer loop
      vertex -53.4294 -43.3494 2.98
      vertex -53.3732 -43.5065 2.62
      vertex -53.3732 -43.5065 2.98
    endloop
  endfacet
  facet normal -0.514231 -0.857652 0
    outer loop
      vertex -54.1986 -42.5007 2.62
      vertex -54.0555 -42.5865 2.98
      vertex -54.1986 -42.5007 2.98
    endloop
  endfacet
  facet normal -0.514231 -0.857652 -0
    outer loop
      vertex -54.0555 -42.5865 2.98
      vertex -54.1986 -42.5007 2.62
      vertex -54.0555 -42.5865 2.62
    endloop
  endfacet
  facet normal -0.514231 -0.857652 0
    outer loop
      vertex -54.1986 -42.5007 -0.0199995
      vertex -54.0555 -42.5865 0.62
      vertex -54.1986 -42.5007 0.62
    endloop
  endfacet
  facet normal -0.514231 -0.857652 -0
    outer loop
      vertex -54.0555 -42.5865 0.62
      vertex -54.1986 -42.5007 -0.0199995
      vertex -54.0555 -42.5865 -0.0199995
    endloop
  endfacet
  facet normal -0.904043 -0.427442 0
    outer loop
      vertex -53.4294 -43.3494 2.62
      vertex -53.5007 -43.1986 2.98
      vertex -53.5007 -43.1986 2.62
    endloop
  endfacet
  facet normal -0.904043 -0.427442 0
    outer loop
      vertex -53.5007 -43.1986 2.98
      vertex -53.4294 -43.3494 2.62
      vertex -53.4294 -43.3494 2.98
    endloop
  endfacet
  facet normal -0.904043 -0.427442 0
    outer loop
      vertex -53.4294 -43.3494 -0.0199995
      vertex -53.5007 -43.1986 0.62
      vertex -53.5007 -43.1986 -0.0199995
    endloop
  endfacet
  facet normal -0.904043 -0.427442 0
    outer loop
      vertex -53.5007 -43.1986 0.62
      vertex -53.4294 -43.3494 -0.0199995
      vertex -53.4294 -43.3494 0.62
    endloop
  endfacet
  facet normal -0.0491602 0.998791 0
    outer loop
      vertex -54.8334 -45.6918 -0.0199995
      vertex -55 -45.7 0.62
      vertex -54.8334 -45.6918 0.62
    endloop
  endfacet
  facet normal -0.0491602 0.998791 0
    outer loop
      vertex -55 -45.7 0.62
      vertex -54.8334 -45.6918 -0.0199995
      vertex -55 -45.7 -0.0199995
    endloop
  endfacet
  facet normal -0.0491602 0.998791 0
    outer loop
      vertex -54.8334 -45.6918 2.62
      vertex -55 -45.7 2.98
      vertex -54.8334 -45.6918 2.98
    endloop
  endfacet
  facet normal -0.0491602 0.998791 0
    outer loop
      vertex -55 -45.7 2.98
      vertex -54.8334 -45.6918 2.62
      vertex -55 -45.7 2.62
    endloop
  endfacet
  facet normal 0.998791 0.0491602 0
    outer loop
      vertex -56.6918 -44.1666 0.62
      vertex -56.7 -44 -0.0199995
      vertex -56.7 -44 0.62
    endloop
  endfacet
  facet normal 0.998791 0.0491602 0
    outer loop
      vertex -56.7 -44 -0.0199995
      vertex -56.6918 -44.1666 0.62
      vertex -56.6918 -44.1666 -0.0199995
    endloop
  endfacet
  facet normal 0.998791 0.0491602 0
    outer loop
      vertex -56.6918 -44.1666 2.98
      vertex -56.7 -44 2.62
      vertex -56.7 -44 2.98
    endloop
  endfacet
  facet normal 0.998791 0.0491602 0
    outer loop
      vertex -56.7 -44 2.62
      vertex -56.6918 -44.1666 2.98
      vertex -56.6918 -44.1666 2.62
    endloop
  endfacet
  facet normal -0.33683 -0.941566 0
    outer loop
      vertex -54.5065 -42.3732 -0.0199995
      vertex -54.3494 -42.4294 0.62
      vertex -54.5065 -42.3732 0.62
    endloop
  endfacet
  facet normal -0.33683 -0.941566 -0
    outer loop
      vertex -54.3494 -42.4294 0.62
      vertex -54.5065 -42.3732 -0.0199995
      vertex -54.3494 -42.4294 -0.0199995
    endloop
  endfacet
  facet normal -0.33683 -0.941566 0
    outer loop
      vertex -54.5065 -42.3732 2.62
      vertex -54.3494 -42.4294 2.98
      vertex -54.5065 -42.3732 2.98
    endloop
  endfacet
  facet normal -0.33683 -0.941566 -0
    outer loop
      vertex -54.3494 -42.4294 2.98
      vertex -54.5065 -42.3732 2.62
      vertex -54.3494 -42.4294 2.62
    endloop
  endfacet
  facet normal 0.803154 0.595772 0
    outer loop
      vertex -56.3141 -45.0785 0.62
      vertex -56.4135 -44.9445 -0.0199995
      vertex -56.4135 -44.9445 0.62
    endloop
  endfacet
  facet normal 0.803154 0.595772 0
    outer loop
      vertex -56.4135 -44.9445 -0.0199995
      vertex -56.3141 -45.0785 0.62
      vertex -56.3141 -45.0785 -0.0199995
    endloop
  endfacet
  facet normal 0.803154 0.595772 0
    outer loop
      vertex -56.3141 -45.0785 2.98
      vertex -56.4135 -44.9445 2.62
      vertex -56.4135 -44.9445 2.98
    endloop
  endfacet
  facet normal 0.803154 0.595772 0
    outer loop
      vertex -56.4135 -44.9445 2.62
      vertex -56.3141 -45.0785 2.98
      vertex -56.3141 -45.0785 2.62
    endloop
  endfacet
  facet normal 0.671478 -0.741024 0
    outer loop
      vertex -56.2021 -42.7979 2.62
      vertex -56.0785 -42.6859 2.98
      vertex -56.2021 -42.7979 2.98
    endloop
  endfacet
  facet normal 0.671478 -0.741024 0
    outer loop
      vertex -56.0785 -42.6859 2.98
      vertex -56.2021 -42.7979 2.62
      vertex -56.0785 -42.6859 2.62
    endloop
  endfacet
  facet normal 0.671478 -0.741024 0
    outer loop
      vertex -56.2021 -42.7979 -0.0199995
      vertex -56.0785 -42.6859 0.62
      vertex -56.2021 -42.7979 0.62
    endloop
  endfacet
  facet normal 0.671478 -0.741024 0
    outer loop
      vertex -56.0785 -42.6859 0.62
      vertex -56.2021 -42.7979 -0.0199995
      vertex -56.0785 -42.6859 -0.0199995
    endloop
  endfacet
  facet normal -0.242818 0.970072 0
    outer loop
      vertex -54.5065 -45.6268 2.62
      vertex -54.6683 -45.6673 2.98
      vertex -54.5065 -45.6268 2.98
    endloop
  endfacet
  facet normal -0.242818 0.970072 0
    outer loop
      vertex -54.6683 -45.6673 2.98
      vertex -54.5065 -45.6268 2.62
      vertex -54.6683 -45.6673 2.62
    endloop
  endfacet
  facet normal -0.242818 0.970072 0
    outer loop
      vertex -54.5065 -45.6268 -0.0199995
      vertex -54.6683 -45.6673 0.62
      vertex -54.5065 -45.6268 0.62
    endloop
  endfacet
  facet normal -0.242818 0.970072 0
    outer loop
      vertex -54.6683 -45.6673 0.62
      vertex -54.5065 -45.6268 -0.0199995
      vertex -54.6683 -45.6673 -0.0199995
    endloop
  endfacet
  facet normal 0.0491602 -0.998791 0
    outer loop
      vertex -55.1666 -42.3082 -0.0199995
      vertex -55 -42.3 0.62
      vertex -55.1666 -42.3082 0.62
    endloop
  endfacet
  facet normal 0.0491602 -0.998791 0
    outer loop
      vertex -55 -42.3 0.62
      vertex -55.1666 -42.3082 -0.0199995
      vertex -55 -42.3 -0.0199995
    endloop
  endfacet
  facet normal 0.0491602 -0.998791 0
    outer loop
      vertex -55.1666 -42.3082 2.62
      vertex -55 -42.3 2.98
      vertex -55.1666 -42.3082 2.98
    endloop
  endfacet
  facet normal 0.0491602 -0.998791 0
    outer loop
      vertex -55 -42.3 2.98
      vertex -55.1666 -42.3082 2.62
      vertex -55 -42.3 2.62
    endloop
  endfacet
  facet normal -0.803154 -0.595772 0
    outer loop
      vertex -53.5865 -43.0555 -0.0199995
      vertex -53.6859 -42.9215 0.62
      vertex -53.6859 -42.9215 -0.0199995
    endloop
  endfacet
  facet normal -0.803154 -0.595772 0
    outer loop
      vertex -53.6859 -42.9215 0.62
      vertex -53.5865 -43.0555 -0.0199995
      vertex -53.5865 -43.0555 0.62
    endloop
  endfacet
  facet normal -0.803154 -0.595772 0
    outer loop
      vertex -53.5865 -43.0555 2.62
      vertex -53.6859 -42.9215 2.98
      vertex -53.6859 -42.9215 2.62
    endloop
  endfacet
  facet normal -0.803154 -0.595772 0
    outer loop
      vertex -53.6859 -42.9215 2.98
      vertex -53.5865 -43.0555 2.62
      vertex -53.5865 -43.0555 2.98
    endloop
  endfacet
  facet normal 0.904043 0.427442 0
    outer loop
      vertex -56.4993 -44.8014 0.62
      vertex -56.5706 -44.6506 -0.0199995
      vertex -56.5706 -44.6506 0.62
    endloop
  endfacet
  facet normal 0.904043 0.427442 0
    outer loop
      vertex -56.5706 -44.6506 -0.0199995
      vertex -56.4993 -44.8014 0.62
      vertex -56.4993 -44.8014 -0.0199995
    endloop
  endfacet
  facet normal 0.904043 0.427442 0
    outer loop
      vertex -56.4993 -44.8014 2.98
      vertex -56.5706 -44.6506 2.62
      vertex -56.5706 -44.6506 2.98
    endloop
  endfacet
  facet normal 0.904043 0.427442 0
    outer loop
      vertex -56.5706 -44.6506 2.62
      vertex -56.4993 -44.8014 2.98
      vertex -56.4993 -44.8014 2.62
    endloop
  endfacet
  facet normal -0.904043 0.427442 0
    outer loop
      vertex -53.5007 -44.8014 2.62
      vertex -53.4294 -44.6506 2.98
      vertex -53.4294 -44.6506 2.62
    endloop
  endfacet
  facet normal -0.904043 0.427442 0
    outer loop
      vertex -53.4294 -44.6506 2.98
      vertex -53.5007 -44.8014 2.62
      vertex -53.5007 -44.8014 2.98
    endloop
  endfacet
  facet normal -0.904043 0.427442 0
    outer loop
      vertex -53.5007 -44.8014 -0.0199995
      vertex -53.4294 -44.6506 0.62
      vertex -53.4294 -44.6506 -0.0199995
    endloop
  endfacet
  facet normal -0.904043 0.427442 0
    outer loop
      vertex -53.4294 -44.6506 0.62
      vertex -53.5007 -44.8014 -0.0199995
      vertex -53.5007 -44.8014 0.62
    endloop
  endfacet
  facet normal -0.857652 -0.514231 0
    outer loop
      vertex -53.5007 -43.1986 2.62
      vertex -53.5865 -43.0555 2.98
      vertex -53.5865 -43.0555 2.62
    endloop
  endfacet
  facet normal -0.857652 -0.514231 0
    outer loop
      vertex -53.5865 -43.0555 2.98
      vertex -53.5007 -43.1986 2.62
      vertex -53.5007 -43.1986 2.98
    endloop
  endfacet
  facet normal -0.857652 -0.514231 0
    outer loop
      vertex -53.5007 -43.1986 -0.0199995
      vertex -53.5865 -43.0555 0.62
      vertex -53.5865 -43.0555 -0.0199995
    endloop
  endfacet
  facet normal -0.857652 -0.514231 0
    outer loop
      vertex -53.5865 -43.0555 0.62
      vertex -53.5007 -43.1986 -0.0199995
      vertex -53.5007 -43.1986 0.62
    endloop
  endfacet
  facet normal -0.741024 -0.671478 0
    outer loop
      vertex -53.6859 -42.9215 2.62
      vertex -53.7979 -42.7979 2.98
      vertex -53.7979 -42.7979 2.62
    endloop
  endfacet
  facet normal -0.741024 -0.671478 0
    outer loop
      vertex -53.7979 -42.7979 2.98
      vertex -53.6859 -42.9215 2.62
      vertex -53.6859 -42.9215 2.98
    endloop
  endfacet
  facet normal -0.741024 -0.671478 0
    outer loop
      vertex -53.6859 -42.9215 -0.0199995
      vertex -53.7979 -42.7979 0.62
      vertex -53.7979 -42.7979 -0.0199995
    endloop
  endfacet
  facet normal -0.741024 -0.671478 0
    outer loop
      vertex -53.7979 -42.7979 0.62
      vertex -53.6859 -42.9215 -0.0199995
      vertex -53.6859 -42.9215 0.62
    endloop
  endfacet
  facet normal -0.595772 -0.803154 0
    outer loop
      vertex -54.0555 -42.5865 -0.0199995
      vertex -53.9215 -42.6859 0.62
      vertex -54.0555 -42.5865 0.62
    endloop
  endfacet
  facet normal -0.595772 -0.803154 -0
    outer loop
      vertex -53.9215 -42.6859 0.62
      vertex -54.0555 -42.5865 -0.0199995
      vertex -53.9215 -42.6859 -0.0199995
    endloop
  endfacet
  facet normal -0.595772 -0.803154 0
    outer loop
      vertex -54.0555 -42.5865 2.62
      vertex -53.9215 -42.6859 2.98
      vertex -54.0555 -42.5865 2.98
    endloop
  endfacet
  facet normal -0.595772 -0.803154 -0
    outer loop
      vertex -53.9215 -42.6859 2.98
      vertex -54.0555 -42.5865 2.62
      vertex -53.9215 -42.6859 2.62
    endloop
  endfacet
  facet normal 0.146788 0.989168 -0
    outer loop
      vertex -55.1666 -45.6918 2.62
      vertex -55.3317 -45.6673 2.98
      vertex -55.1666 -45.6918 2.98
    endloop
  endfacet
  facet normal 0.146788 0.989168 0
    outer loop
      vertex -55.3317 -45.6673 2.98
      vertex -55.1666 -45.6918 2.62
      vertex -55.3317 -45.6673 2.62
    endloop
  endfacet
  facet normal 0.146788 0.989168 -0
    outer loop
      vertex -55.1666 -45.6918 -0.0199995
      vertex -55.3317 -45.6673 0.62
      vertex -55.1666 -45.6918 0.62
    endloop
  endfacet
  facet normal 0.146788 0.989168 0
    outer loop
      vertex -55.3317 -45.6673 0.62
      vertex -55.1666 -45.6918 -0.0199995
      vertex -55.3317 -45.6673 -0.0199995
    endloop
  endfacet
  facet normal -0.671478 0.741024 0
    outer loop
      vertex -53.7979 -45.2021 -0.0199995
      vertex -53.9215 -45.3141 0.62
      vertex -53.7979 -45.2021 0.62
    endloop
  endfacet
  facet normal -0.671478 0.741024 0
    outer loop
      vertex -53.9215 -45.3141 0.62
      vertex -53.7979 -45.2021 -0.0199995
      vertex -53.9215 -45.3141 -0.0199995
    endloop
  endfacet
  facet normal -0.671478 0.741024 0
    outer loop
      vertex -53.7979 -45.2021 2.62
      vertex -53.9215 -45.3141 2.98
      vertex -53.7979 -45.2021 2.98
    endloop
  endfacet
  facet normal -0.671478 0.741024 0
    outer loop
      vertex -53.9215 -45.3141 2.98
      vertex -53.7979 -45.2021 2.62
      vertex -53.9215 -45.3141 2.62
    endloop
  endfacet
  facet normal -0.514231 0.857652 0
    outer loop
      vertex -54.0555 -45.4135 2.62
      vertex -54.1986 -45.4993 2.98
      vertex -54.0555 -45.4135 2.98
    endloop
  endfacet
  facet normal -0.514231 0.857652 0
    outer loop
      vertex -54.1986 -45.4993 2.98
      vertex -54.0555 -45.4135 2.62
      vertex -54.1986 -45.4993 2.62
    endloop
  endfacet
  facet normal -0.514231 0.857652 0
    outer loop
      vertex -54.0555 -45.4135 -0.0199995
      vertex -54.1986 -45.4993 0.62
      vertex -54.0555 -45.4135 0.62
    endloop
  endfacet
  facet normal -0.514231 0.857652 0
    outer loop
      vertex -54.1986 -45.4993 0.62
      vertex -54.0555 -45.4135 -0.0199995
      vertex -54.1986 -45.4993 -0.0199995
    endloop
  endfacet
  facet normal 0.33683 0.941566 -0
    outer loop
      vertex -55.4935 -45.6268 2.62
      vertex -55.6506 -45.5706 2.98
      vertex -55.4935 -45.6268 2.98
    endloop
  endfacet
  facet normal 0.33683 0.941566 0
    outer loop
      vertex -55.6506 -45.5706 2.98
      vertex -55.4935 -45.6268 2.62
      vertex -55.6506 -45.5706 2.62
    endloop
  endfacet
  facet normal 0.33683 0.941566 -0
    outer loop
      vertex -55.4935 -45.6268 -0.0199995
      vertex -55.6506 -45.5706 0.62
      vertex -55.4935 -45.6268 0.62
    endloop
  endfacet
  facet normal 0.33683 0.941566 0
    outer loop
      vertex -55.6506 -45.5706 0.62
      vertex -55.4935 -45.6268 -0.0199995
      vertex -55.6506 -45.5706 -0.0199995
    endloop
  endfacet
  facet normal 0.970072 0.242818 0
    outer loop
      vertex -56.6268 -44.4935 2.98
      vertex -56.6673 -44.3317 2.62
      vertex -56.6673 -44.3317 2.98
    endloop
  endfacet
  facet normal 0.970072 0.242818 0
    outer loop
      vertex -56.6673 -44.3317 2.62
      vertex -56.6268 -44.4935 2.98
      vertex -56.6268 -44.4935 2.62
    endloop
  endfacet
  facet normal 0.970072 0.242818 0
    outer loop
      vertex -56.6268 -44.4935 0.62
      vertex -56.6673 -44.3317 -0.0199995
      vertex -56.6673 -44.3317 0.62
    endloop
  endfacet
  facet normal 0.970072 0.242818 0
    outer loop
      vertex -56.6673 -44.3317 -0.0199995
      vertex -56.6268 -44.4935 0.62
      vertex -56.6268 -44.4935 -0.0199995
    endloop
  endfacet
  facet normal -0.33683 0.941566 0
    outer loop
      vertex -54.3494 -45.5706 -0.0199995
      vertex -54.5065 -45.6268 0.62
      vertex -54.3494 -45.5706 0.62
    endloop
  endfacet
  facet normal -0.33683 0.941566 0
    outer loop
      vertex -54.5065 -45.6268 0.62
      vertex -54.3494 -45.5706 -0.0199995
      vertex -54.5065 -45.6268 -0.0199995
    endloop
  endfacet
  facet normal -0.33683 0.941566 0
    outer loop
      vertex -54.3494 -45.5706 2.62
      vertex -54.5065 -45.6268 2.98
      vertex -54.3494 -45.5706 2.98
    endloop
  endfacet
  facet normal -0.33683 0.941566 0
    outer loop
      vertex -54.5065 -45.6268 2.98
      vertex -54.3494 -45.5706 2.62
      vertex -54.5065 -45.6268 2.62
    endloop
  endfacet
  facet normal -0.857652 0.514231 0
    outer loop
      vertex -53.5865 -44.9445 -0.0199995
      vertex -53.5007 -44.8014 0.62
      vertex -53.5007 -44.8014 -0.0199995
    endloop
  endfacet
  facet normal -0.857652 0.514231 0
    outer loop
      vertex -53.5007 -44.8014 0.62
      vertex -53.5865 -44.9445 -0.0199995
      vertex -53.5865 -44.9445 0.62
    endloop
  endfacet
  facet normal -0.857652 0.514231 0
    outer loop
      vertex -53.5865 -44.9445 2.62
      vertex -53.5007 -44.8014 2.98
      vertex -53.5007 -44.8014 2.62
    endloop
  endfacet
  facet normal -0.857652 0.514231 0
    outer loop
      vertex -53.5007 -44.8014 2.98
      vertex -53.5865 -44.9445 2.62
      vertex -53.5865 -44.9445 2.98
    endloop
  endfacet
  facet normal 0.242818 -0.970072 0
    outer loop
      vertex -55.4935 -42.3732 2.62
      vertex -55.3317 -42.3327 2.98
      vertex -55.4935 -42.3732 2.98
    endloop
  endfacet
  facet normal 0.242818 -0.970072 0
    outer loop
      vertex -55.3317 -42.3327 2.98
      vertex -55.4935 -42.3732 2.62
      vertex -55.3317 -42.3327 2.62
    endloop
  endfacet
  facet normal 0.242818 -0.970072 0
    outer loop
      vertex -55.4935 -42.3732 -0.0199995
      vertex -55.3317 -42.3327 0.62
      vertex -55.4935 -42.3732 0.62
    endloop
  endfacet
  facet normal 0.242818 -0.970072 0
    outer loop
      vertex -55.3317 -42.3327 0.62
      vertex -55.4935 -42.3732 -0.0199995
      vertex -55.3317 -42.3327 -0.0199995
    endloop
  endfacet
  facet normal 0.941566 0.33683 0
    outer loop
      vertex -56.5706 -44.6506 0.62
      vertex -56.6268 -44.4935 -0.0199995
      vertex -56.6268 -44.4935 0.62
    endloop
  endfacet
  facet normal 0.941566 0.33683 0
    outer loop
      vertex -56.6268 -44.4935 -0.0199995
      vertex -56.5706 -44.6506 0.62
      vertex -56.5706 -44.6506 -0.0199995
    endloop
  endfacet
  facet normal 0.941566 0.33683 0
    outer loop
      vertex -56.5706 -44.6506 2.98
      vertex -56.6268 -44.4935 2.62
      vertex -56.6268 -44.4935 2.98
    endloop
  endfacet
  facet normal 0.941566 0.33683 0
    outer loop
      vertex -56.6268 -44.4935 2.62
      vertex -56.5706 -44.6506 2.98
      vertex -56.5706 -44.6506 2.62
    endloop
  endfacet
  facet normal -0.146788 -0.989168 0
    outer loop
      vertex -54.8334 -42.3082 2.62
      vertex -54.6683 -42.3327 2.98
      vertex -54.8334 -42.3082 2.98
    endloop
  endfacet
  facet normal -0.146788 -0.989168 -0
    outer loop
      vertex -54.6683 -42.3327 2.98
      vertex -54.8334 -42.3082 2.62
      vertex -54.6683 -42.3327 2.62
    endloop
  endfacet
  facet normal -0.146788 -0.989168 0
    outer loop
      vertex -54.8334 -42.3082 -0.0199995
      vertex -54.6683 -42.3327 0.62
      vertex -54.8334 -42.3082 0.62
    endloop
  endfacet
  facet normal -0.146788 -0.989168 -0
    outer loop
      vertex -54.6683 -42.3327 0.62
      vertex -54.8334 -42.3082 -0.0199995
      vertex -54.6683 -42.3327 -0.0199995
    endloop
  endfacet
  facet normal 0.741024 0.671478 0
    outer loop
      vertex -56.2021 -45.2021 2.98
      vertex -56.3141 -45.0785 2.62
      vertex -56.3141 -45.0785 2.98
    endloop
  endfacet
  facet normal 0.741024 0.671478 0
    outer loop
      vertex -56.3141 -45.0785 2.62
      vertex -56.2021 -45.2021 2.98
      vertex -56.2021 -45.2021 2.62
    endloop
  endfacet
  facet normal 0.741024 0.671478 0
    outer loop
      vertex -56.2021 -45.2021 0.62
      vertex -56.3141 -45.0785 -0.0199995
      vertex -56.3141 -45.0785 0.62
    endloop
  endfacet
  facet normal 0.741024 0.671478 0
    outer loop
      vertex -56.3141 -45.0785 -0.0199995
      vertex -56.2021 -45.2021 0.62
      vertex -56.2021 -45.2021 -0.0199995
    endloop
  endfacet
  facet normal 0.904043 -0.427442 0
    outer loop
      vertex -56.5706 -43.3494 0.62
      vertex -56.4993 -43.1986 -0.0199995
      vertex -56.4993 -43.1986 0.62
    endloop
  endfacet
  facet normal 0.904043 -0.427442 0
    outer loop
      vertex -56.4993 -43.1986 -0.0199995
      vertex -56.5706 -43.3494 0.62
      vertex -56.5706 -43.3494 -0.0199995
    endloop
  endfacet
  facet normal 0.904043 -0.427442 0
    outer loop
      vertex -56.5706 -43.3494 2.98
      vertex -56.4993 -43.1986 2.62
      vertex -56.4993 -43.1986 2.98
    endloop
  endfacet
  facet normal 0.904043 -0.427442 0
    outer loop
      vertex -56.4993 -43.1986 2.62
      vertex -56.5706 -43.3494 2.98
      vertex -56.5706 -43.3494 2.62
    endloop
  endfacet
  facet normal 0.857652 0.514231 0
    outer loop
      vertex -56.4135 -44.9445 0.62
      vertex -56.4993 -44.8014 -0.0199995
      vertex -56.4993 -44.8014 0.62
    endloop
  endfacet
  facet normal 0.857652 0.514231 0
    outer loop
      vertex -56.4993 -44.8014 -0.0199995
      vertex -56.4135 -44.9445 0.62
      vertex -56.4135 -44.9445 -0.0199995
    endloop
  endfacet
  facet normal 0.857652 0.514231 0
    outer loop
      vertex -56.4135 -44.9445 2.98
      vertex -56.4993 -44.8014 2.62
      vertex -56.4993 -44.8014 2.98
    endloop
  endfacet
  facet normal 0.857652 0.514231 0
    outer loop
      vertex -56.4993 -44.8014 2.62
      vertex -56.4135 -44.9445 2.98
      vertex -56.4135 -44.9445 2.62
    endloop
  endfacet
  facet normal 0.514231 0.857652 -0
    outer loop
      vertex -55.8014 -45.4993 -0.0199995
      vertex -55.9445 -45.4135 0.62
      vertex -55.8014 -45.4993 0.62
    endloop
  endfacet
  facet normal 0.514231 0.857652 0
    outer loop
      vertex -55.9445 -45.4135 0.62
      vertex -55.8014 -45.4993 -0.0199995
      vertex -55.9445 -45.4135 -0.0199995
    endloop
  endfacet
  facet normal 0.514231 0.857652 -0
    outer loop
      vertex -55.8014 -45.4993 2.62
      vertex -55.9445 -45.4135 2.98
      vertex -55.8014 -45.4993 2.98
    endloop
  endfacet
  facet normal 0.514231 0.857652 0
    outer loop
      vertex -55.9445 -45.4135 2.98
      vertex -55.8014 -45.4993 2.62
      vertex -55.9445 -45.4135 2.62
    endloop
  endfacet
  facet normal 0.970072 -0.242818 0
    outer loop
      vertex -56.6673 -43.6683 0.62
      vertex -56.6268 -43.5065 -0.0199995
      vertex -56.6268 -43.5065 0.62
    endloop
  endfacet
  facet normal 0.970072 -0.242818 0
    outer loop
      vertex -56.6268 -43.5065 -0.0199995
      vertex -56.6673 -43.6683 0.62
      vertex -56.6673 -43.6683 -0.0199995
    endloop
  endfacet
  facet normal 0.970072 -0.242818 0
    outer loop
      vertex -56.6673 -43.6683 2.98
      vertex -56.6268 -43.5065 2.62
      vertex -56.6268 -43.5065 2.98
    endloop
  endfacet
  facet normal 0.970072 -0.242818 0
    outer loop
      vertex -56.6268 -43.5065 2.62
      vertex -56.6673 -43.6683 2.98
      vertex -56.6673 -43.6683 2.62
    endloop
  endfacet
  facet normal -0.242818 -0.970072 0
    outer loop
      vertex -54.6683 -42.3327 2.62
      vertex -54.5065 -42.3732 2.98
      vertex -54.6683 -42.3327 2.98
    endloop
  endfacet
  facet normal -0.242818 -0.970072 -0
    outer loop
      vertex -54.5065 -42.3732 2.98
      vertex -54.6683 -42.3327 2.62
      vertex -54.5065 -42.3732 2.62
    endloop
  endfacet
  facet normal -0.242818 -0.970072 0
    outer loop
      vertex -54.6683 -42.3327 -0.0199995
      vertex -54.5065 -42.3732 0.62
      vertex -54.6683 -42.3327 0.62
    endloop
  endfacet
  facet normal -0.242818 -0.970072 -0
    outer loop
      vertex -54.5065 -42.3732 0.62
      vertex -54.6683 -42.3327 -0.0199995
      vertex -54.5065 -42.3732 -0.0199995
    endloop
  endfacet
  facet normal 0.595772 0.803154 -0
    outer loop
      vertex -55.9445 -45.4135 2.62
      vertex -56.0785 -45.3141 2.98
      vertex -55.9445 -45.4135 2.98
    endloop
  endfacet
  facet normal 0.595772 0.803154 0
    outer loop
      vertex -56.0785 -45.3141 2.98
      vertex -55.9445 -45.4135 2.62
      vertex -56.0785 -45.3141 2.62
    endloop
  endfacet
  facet normal 0.595772 0.803154 -0
    outer loop
      vertex -55.9445 -45.4135 -0.0199995
      vertex -56.0785 -45.3141 0.62
      vertex -55.9445 -45.4135 0.62
    endloop
  endfacet
  facet normal 0.595772 0.803154 0
    outer loop
      vertex -56.0785 -45.3141 0.62
      vertex -55.9445 -45.4135 -0.0199995
      vertex -56.0785 -45.3141 -0.0199995
    endloop
  endfacet
  facet normal -0.595772 0.803154 0
    outer loop
      vertex -53.9215 -45.3141 -0.0199995
      vertex -54.0555 -45.4135 0.62
      vertex -53.9215 -45.3141 0.62
    endloop
  endfacet
  facet normal -0.595772 0.803154 0
    outer loop
      vertex -54.0555 -45.4135 0.62
      vertex -53.9215 -45.3141 -0.0199995
      vertex -54.0555 -45.4135 -0.0199995
    endloop
  endfacet
  facet normal -0.595772 0.803154 0
    outer loop
      vertex -53.9215 -45.3141 2.62
      vertex -54.0555 -45.4135 2.98
      vertex -53.9215 -45.3141 2.98
    endloop
  endfacet
  facet normal -0.595772 0.803154 0
    outer loop
      vertex -54.0555 -45.4135 2.98
      vertex -53.9215 -45.3141 2.62
      vertex -54.0555 -45.4135 2.62
    endloop
  endfacet
  facet normal 0.857652 -0.514231 0
    outer loop
      vertex -56.4993 -43.1986 2.98
      vertex -56.4135 -43.0555 2.62
      vertex -56.4135 -43.0555 2.98
    endloop
  endfacet
  facet normal 0.857652 -0.514231 0
    outer loop
      vertex -56.4135 -43.0555 2.62
      vertex -56.4993 -43.1986 2.98
      vertex -56.4993 -43.1986 2.62
    endloop
  endfacet
  facet normal 0.857652 -0.514231 0
    outer loop
      vertex -56.4993 -43.1986 0.62
      vertex -56.4135 -43.0555 -0.0199995
      vertex -56.4135 -43.0555 0.62
    endloop
  endfacet
  facet normal 0.857652 -0.514231 0
    outer loop
      vertex -56.4135 -43.0555 -0.0199995
      vertex -56.4993 -43.1986 0.62
      vertex -56.4993 -43.1986 -0.0199995
    endloop
  endfacet
  facet normal 0.427442 -0.904043 0
    outer loop
      vertex -55.8014 -42.5007 2.62
      vertex -55.6506 -42.4294 2.98
      vertex -55.8014 -42.5007 2.98
    endloop
  endfacet
  facet normal 0.427442 -0.904043 0
    outer loop
      vertex -55.6506 -42.4294 2.98
      vertex -55.8014 -42.5007 2.62
      vertex -55.6506 -42.4294 2.62
    endloop
  endfacet
  facet normal 0.427442 -0.904043 0
    outer loop
      vertex -55.8014 -42.5007 -0.0199995
      vertex -55.6506 -42.4294 0.62
      vertex -55.8014 -42.5007 0.62
    endloop
  endfacet
  facet normal 0.427442 -0.904043 0
    outer loop
      vertex -55.6506 -42.4294 0.62
      vertex -55.8014 -42.5007 -0.0199995
      vertex -55.6506 -42.4294 -0.0199995
    endloop
  endfacet
  facet normal -0.989145 -0.146942 0
    outer loop
      vertex -51.9149 -43.6961 0.62
      vertex -51.9596 -43.3952 2.62
      vertex -51.9596 -43.3952 0.62
    endloop
  endfacet
  facet normal -0.989145 -0.146942 0
    outer loop
      vertex -51.9596 -43.3952 2.62
      vertex -51.9149 -43.6961 0.62
      vertex -51.9149 -43.6961 2.62
    endloop
  endfacet
  facet normal -0.9988 -0.0489705 0
    outer loop
      vertex -51.9 -44 0.62
      vertex -51.9149 -43.6961 2.62
      vertex -51.9149 -43.6961 0.62
    endloop
  endfacet
  facet normal -0.9988 -0.0489705 0
    outer loop
      vertex -51.9149 -43.6961 2.62
      vertex -51.9 -44 0.62
      vertex -51.9 -44 2.62
    endloop
  endfacet
  facet normal -0.970046 -0.242922 0
    outer loop
      vertex -51.9596 -43.3952 0.62
      vertex -52.0335 -43.1001 2.62
      vertex -52.0335 -43.1001 0.62
    endloop
  endfacet
  facet normal -0.970046 -0.242922 0
    outer loop
      vertex -52.0335 -43.1001 2.62
      vertex -51.9596 -43.3952 0.62
      vertex -51.9596 -43.3952 2.62
    endloop
  endfacet
  facet normal -0.803027 0.595943 0
    outer loop
      vertex -52.6037 -45.9666 0.62
      vertex -52.4224 -45.7223 2.62
      vertex -52.4224 -45.7223 0.62
    endloop
  endfacet
  facet normal -0.803027 0.595943 0
    outer loop
      vertex -52.4224 -45.7223 2.62
      vertex -52.6037 -45.9666 0.62
      vertex -52.6037 -45.9666 2.62
    endloop
  endfacet
  facet normal -0.0489705 0.9988 0
    outer loop
      vertex -54.6961 -47.0851 0.62
      vertex -55 -47.1 2.62
      vertex -54.6961 -47.0851 2.62
    endloop
  endfacet
  facet normal -0.0489705 0.9988 0
    outer loop
      vertex -55 -47.1 2.62
      vertex -54.6961 -47.0851 0.62
      vertex -55 -47.1 0.62
    endloop
  endfacet
  facet normal -0.514012 0.857783 0
    outer loop
      vertex -53.2777 -46.5776 0.62
      vertex -53.5387 -46.734 2.62
      vertex -53.2777 -46.5776 2.62
    endloop
  endfacet
  facet normal -0.514012 0.857783 0
    outer loop
      vertex -53.5387 -46.734 2.62
      vertex -53.2777 -46.5776 0.62
      vertex -53.5387 -46.734 0.62
    endloop
  endfacet
  facet normal 0.42738 -0.904072 0
    outer loop
      vertex -56.4613 -41.266 0.62
      vertex -56.1863 -41.136 2.62
      vertex -56.4613 -41.266 2.62
    endloop
  endfacet
  facet normal 0.42738 -0.904072 0
    outer loop
      vertex -56.1863 -41.136 2.62
      vertex -56.4613 -41.266 0.62
      vertex -56.1863 -41.136 0.62
    endloop
  endfacet
  facet normal -0.514012 -0.857783 0
    outer loop
      vertex -53.5387 -41.266 0.62
      vertex -53.2777 -41.4224 2.62
      vertex -53.5387 -41.266 2.62
    endloop
  endfacet
  facet normal -0.514012 -0.857783 -0
    outer loop
      vertex -53.2777 -41.4224 2.62
      vertex -53.5387 -41.266 0.62
      vertex -53.2777 -41.4224 0.62
    endloop
  endfacet
  facet normal 0.0489705 -0.9988 0
    outer loop
      vertex -55.3039 -40.9149 0.62
      vertex -55 -40.9 2.62
      vertex -55.3039 -40.9149 2.62
    endloop
  endfacet
  facet normal 0.0489705 -0.9988 0
    outer loop
      vertex -55 -40.9 2.62
      vertex -55.3039 -40.9149 0.62
      vertex -55 -40.9 0.62
    endloop
  endfacet
  facet normal 0.803027 0.595943 0
    outer loop
      vertex -57.3963 -45.9666 2.62
      vertex -57.5776 -45.7223 0.62
      vertex -57.5776 -45.7223 2.62
    endloop
  endfacet
  facet normal 0.803027 0.595943 0
    outer loop
      vertex -57.5776 -45.7223 0.62
      vertex -57.3963 -45.9666 2.62
      vertex -57.3963 -45.9666 0.62
    endloop
  endfacet
  facet normal -0.941519 -0.336961 0
    outer loop
      vertex -52.0335 -43.1001 0.62
      vertex -52.136 -42.8137 2.62
      vertex -52.136 -42.8137 0.62
    endloop
  endfacet
  facet normal -0.941519 -0.336961 0
    outer loop
      vertex -52.136 -42.8137 2.62
      vertex -52.0335 -43.1001 0.62
      vertex -52.0335 -43.1001 2.62
    endloop
  endfacet
  facet normal -0.941519 0.336961 0
    outer loop
      vertex -52.136 -45.1863 0.62
      vertex -52.0335 -44.8999 2.62
      vertex -52.0335 -44.8999 0.62
    endloop
  endfacet
  facet normal -0.941519 0.336961 0
    outer loop
      vertex -52.0335 -44.8999 2.62
      vertex -52.136 -45.1863 0.62
      vertex -52.136 -45.1863 2.62
    endloop
  endfacet
  facet normal 0.857783 0.514012 0
    outer loop
      vertex -57.5776 -45.7223 2.62
      vertex -57.734 -45.4613 0.62
      vertex -57.734 -45.4613 2.62
    endloop
  endfacet
  facet normal 0.857783 0.514012 0
    outer loop
      vertex -57.734 -45.4613 0.62
      vertex -57.5776 -45.7223 2.62
      vertex -57.5776 -45.7223 0.62
    endloop
  endfacet
  facet normal -0.242922 0.970046 0
    outer loop
      vertex -54.1001 -46.9665 0.62
      vertex -54.3952 -47.0404 2.62
      vertex -54.1001 -46.9665 2.62
    endloop
  endfacet
  facet normal -0.242922 0.970046 0
    outer loop
      vertex -54.3952 -47.0404 2.62
      vertex -54.1001 -46.9665 0.62
      vertex -54.3952 -47.0404 0.62
    endloop
  endfacet
  facet normal -0.9988 0.0489705 0
    outer loop
      vertex -51.9149 -44.3039 0.62
      vertex -51.9 -44 2.62
      vertex -51.9 -44 0.62
    endloop
  endfacet
  facet normal -0.9988 0.0489705 0
    outer loop
      vertex -51.9 -44 2.62
      vertex -51.9149 -44.3039 0.62
      vertex -51.9149 -44.3039 2.62
    endloop
  endfacet
  facet normal 0.595943 0.803027 -0
    outer loop
      vertex -56.7223 -46.5776 0.62
      vertex -56.9666 -46.3963 2.62
      vertex -56.7223 -46.5776 2.62
    endloop
  endfacet
  facet normal 0.595943 0.803027 0
    outer loop
      vertex -56.9666 -46.3963 2.62
      vertex -56.7223 -46.5776 0.62
      vertex -56.9666 -46.3963 0.62
    endloop
  endfacet
  facet normal 0.989145 0.146942 0
    outer loop
      vertex -58.0404 -44.6048 2.62
      vertex -58.0851 -44.3039 0.62
      vertex -58.0851 -44.3039 2.62
    endloop
  endfacet
  facet normal 0.989145 0.146942 0
    outer loop
      vertex -58.0851 -44.3039 0.62
      vertex -58.0404 -44.6048 2.62
      vertex -58.0404 -44.6048 0.62
    endloop
  endfacet
  facet normal 0.595943 -0.803027 0
    outer loop
      vertex -56.9666 -41.6037 0.62
      vertex -56.7223 -41.4224 2.62
      vertex -56.9666 -41.6037 2.62
    endloop
  endfacet
  facet normal 0.595943 -0.803027 0
    outer loop
      vertex -56.7223 -41.4224 2.62
      vertex -56.9666 -41.6037 0.62
      vertex -56.7223 -41.4224 0.62
    endloop
  endfacet
  facet normal -0.595943 -0.803027 0
    outer loop
      vertex -53.2777 -41.4224 0.62
      vertex -53.0334 -41.6037 2.62
      vertex -53.2777 -41.4224 2.62
    endloop
  endfacet
  facet normal -0.595943 -0.803027 -0
    outer loop
      vertex -53.0334 -41.6037 2.62
      vertex -53.2777 -41.4224 0.62
      vertex -53.0334 -41.6037 0.62
    endloop
  endfacet
  facet normal -0.740936 0.671576 0
    outer loop
      vertex -52.808 -46.192 0.62
      vertex -52.6037 -45.9666 2.62
      vertex -52.6037 -45.9666 0.62
    endloop
  endfacet
  facet normal -0.740936 0.671576 0
    outer loop
      vertex -52.6037 -45.9666 2.62
      vertex -52.808 -46.192 0.62
      vertex -52.808 -46.192 2.62
    endloop
  endfacet
  facet normal 0.941519 0.336961 0
    outer loop
      vertex -57.864 -45.1863 2.62
      vertex -57.9665 -44.8999 0.62
      vertex -57.9665 -44.8999 2.62
    endloop
  endfacet
  facet normal 0.941519 0.336961 0
    outer loop
      vertex -57.9665 -44.8999 0.62
      vertex -57.864 -45.1863 2.62
      vertex -57.864 -45.1863 0.62
    endloop
  endfacet
  facet normal -0.989145 0.146942 0
    outer loop
      vertex -51.9596 -44.6048 0.62
      vertex -51.9149 -44.3039 2.62
      vertex -51.9149 -44.3039 0.62
    endloop
  endfacet
  facet normal -0.989145 0.146942 0
    outer loop
      vertex -51.9149 -44.3039 2.62
      vertex -51.9596 -44.6048 0.62
      vertex -51.9596 -44.6048 2.62
    endloop
  endfacet
  facet normal 0.857783 -0.514012 0
    outer loop
      vertex -57.734 -42.5387 2.62
      vertex -57.5776 -42.2777 0.62
      vertex -57.5776 -42.2777 2.62
    endloop
  endfacet
  facet normal 0.857783 -0.514012 0
    outer loop
      vertex -57.5776 -42.2777 0.62
      vertex -57.734 -42.5387 2.62
      vertex -57.734 -42.5387 0.62
    endloop
  endfacet
  facet normal -0.970046 0.242922 0
    outer loop
      vertex -52.0335 -44.8999 0.62
      vertex -51.9596 -44.6048 2.62
      vertex -51.9596 -44.6048 0.62
    endloop
  endfacet
  facet normal -0.970046 0.242922 0
    outer loop
      vertex -51.9596 -44.6048 2.62
      vertex -52.0335 -44.8999 0.62
      vertex -52.0335 -44.8999 2.62
    endloop
  endfacet
  facet normal -0.42738 0.904072 0
    outer loop
      vertex -53.5387 -46.734 0.62
      vertex -53.8137 -46.864 2.62
      vertex -53.5387 -46.734 2.62
    endloop
  endfacet
  facet normal -0.42738 0.904072 0
    outer loop
      vertex -53.8137 -46.864 2.62
      vertex -53.5387 -46.734 0.62
      vertex -53.8137 -46.864 0.62
    endloop
  endfacet
  facet normal 0 0 -1
    outer loop
      vertex -53.3 -44 2.62
      vertex -51.9 -44 2.62
      vertex -51.9149 -44.3039 2.62
    endloop
  endfacet
  facet normal 0 0 -1
    outer loop
      vertex -53.3082 -44.1666 2.62
      vertex -51.9149 -44.3039 2.62
      vertex -51.9596 -44.6048 2.62
    endloop
  endfacet
  facet normal 0 0 -1
    outer loop
      vertex -51.9 -44 2.62
      vertex -53.3 -44 2.62
      vertex -51.9149 -43.6961 2.62
    endloop
  endfacet
  facet normal 0 0 -1
    outer loop
      vertex -53.3327 -44.3317 2.62
      vertex -51.9596 -44.6048 2.62
      vertex -52.0335 -44.8999 2.62
    endloop
  endfacet
  facet normal 0 0 -1
    outer loop
      vertex -53.3082 -43.8334 2.62
      vertex -51.9149 -43.6961 2.62
      vertex -53.3 -44 2.62
    endloop
  endfacet
  facet normal 0 0 -1
    outer loop
      vertex -53.3732 -44.4935 2.62
      vertex -52.0335 -44.8999 2.62
      vertex -52.136 -45.1863 2.62
    endloop
  endfacet
  facet normal -0 0 -1
    outer loop
      vertex -51.9149 -43.6961 2.62
      vertex -53.3082 -43.8334 2.62
      vertex -51.9596 -43.3952 2.62
    endloop
  endfacet
  facet normal 0 0 -1
    outer loop
      vertex -53.4294 -44.6506 2.62
      vertex -52.136 -45.1863 2.62
      vertex -52.266 -45.4613 2.62
    endloop
  endfacet
  facet normal 0 0 -1
    outer loop
      vertex -53.3327 -43.6683 2.62
      vertex -51.9596 -43.3952 2.62
      vertex -53.3082 -43.8334 2.62
    endloop
  endfacet
  facet normal 0 0 -1
    outer loop
      vertex -53.5007 -44.8014 2.62
      vertex -52.266 -45.4613 2.62
      vertex -52.4224 -45.7223 2.62
    endloop
  endfacet
  facet normal -0 0 -1
    outer loop
      vertex -51.9596 -43.3952 2.62
      vertex -53.3327 -43.6683 2.62
      vertex -52.0335 -43.1001 2.62
    endloop
  endfacet
  facet normal 0 0 -1
    outer loop
      vertex -53.5865 -44.9445 2.62
      vertex -52.4224 -45.7223 2.62
      vertex -52.6037 -45.9666 2.62
    endloop
  endfacet
  facet normal 0 0 -1
    outer loop
      vertex -53.3732 -43.5065 2.62
      vertex -52.0335 -43.1001 2.62
      vertex -53.3327 -43.6683 2.62
    endloop
  endfacet
  facet normal 0 0 -1
    outer loop
      vertex -53.6859 -45.0785 2.62
      vertex -52.6037 -45.9666 2.62
      vertex -52.808 -46.192 2.62
    endloop
  endfacet
  facet normal -0 0 -1
    outer loop
      vertex -52.0335 -43.1001 2.62
      vertex -53.3732 -43.5065 2.62
      vertex -52.136 -42.8137 2.62
    endloop
  endfacet
  facet normal 0 0 -1
    outer loop
      vertex -53.7979 -45.2021 2.62
      vertex -52.808 -46.192 2.62
      vertex -53.0334 -46.3963 2.62
    endloop
  endfacet
  facet normal 0 0 -1
    outer loop
      vertex -53.4294 -43.3494 2.62
      vertex -52.136 -42.8137 2.62
      vertex -53.3732 -43.5065 2.62
    endloop
  endfacet
  facet normal 0 0 -1
    outer loop
      vertex -53.9215 -45.3141 2.62
      vertex -53.0334 -46.3963 2.62
      vertex -53.2777 -46.5776 2.62
    endloop
  endfacet
  facet normal -0 0 -1
    outer loop
      vertex -52.136 -42.8137 2.62
      vertex -53.4294 -43.3494 2.62
      vertex -52.266 -42.5387 2.62
    endloop
  endfacet
  facet normal 0 0 -1
    outer loop
      vertex -53.5007 -43.1986 2.62
      vertex -52.266 -42.5387 2.62
      vertex -53.4294 -43.3494 2.62
    endloop
  endfacet
  facet normal 0 0 -1
    outer loop
      vertex -51.9149 -44.3039 2.62
      vertex -53.3082 -44.1666 2.62
      vertex -53.3 -44 2.62
    endloop
  endfacet
  facet normal 0 0 -1
    outer loop
      vertex -51.9596 -44.6048 2.62
      vertex -53.3327 -44.3317 2.62
      vertex -53.3082 -44.1666 2.62
    endloop
  endfacet
  facet normal 0 0 -1
    outer loop
      vertex -52.0335 -44.8999 2.62
      vertex -53.3732 -44.4935 2.62
      vertex -53.3327 -44.3317 2.62
    endloop
  endfacet
  facet normal 0 0 -1
    outer loop
      vertex -52.136 -45.1863 2.62
      vertex -53.4294 -44.6506 2.62
      vertex -53.3732 -44.4935 2.62
    endloop
  endfacet
  facet normal 0 0 -1
    outer loop
      vertex -52.266 -45.4613 2.62
      vertex -53.5007 -44.8014 2.62
      vertex -53.4294 -44.6506 2.62
    endloop
  endfacet
  facet normal 0 0 -1
    outer loop
      vertex -54.0555 -45.4135 2.62
      vertex -53.2777 -46.5776 2.62
      vertex -53.5387 -46.734 2.62
    endloop
  endfacet
  facet normal 0 0 -1
    outer loop
      vertex -52.4224 -45.7223 2.62
      vertex -53.5865 -44.9445 2.62
      vertex -53.5007 -44.8014 2.62
    endloop
  endfacet
  facet normal 0 0 -1
    outer loop
      vertex -52.6037 -45.9666 2.62
      vertex -53.6859 -45.0785 2.62
      vertex -53.5865 -44.9445 2.62
    endloop
  endfacet
  facet normal 0 0 -1
    outer loop
      vertex -52.808 -46.192 2.62
      vertex -53.7979 -45.2021 2.62
      vertex -53.6859 -45.0785 2.62
    endloop
  endfacet
  facet normal 0 0 -1
    outer loop
      vertex -54.1986 -45.4993 2.62
      vertex -53.5387 -46.734 2.62
      vertex -53.8137 -46.864 2.62
    endloop
  endfacet
  facet normal 0 0 -1
    outer loop
      vertex -53.0334 -46.3963 2.62
      vertex -53.9215 -45.3141 2.62
      vertex -53.7979 -45.2021 2.62
    endloop
  endfacet
  facet normal 0 0 -1
    outer loop
      vertex -53.2777 -46.5776 2.62
      vertex -54.0555 -45.4135 2.62
      vertex -53.9215 -45.3141 2.62
    endloop
  endfacet
  facet normal 0 0 -1
    outer loop
      vertex -54.3494 -45.5706 2.62
      vertex -53.8137 -46.864 2.62
      vertex -54.1001 -46.9665 2.62
    endloop
  endfacet
  facet normal 0 0 -1
    outer loop
      vertex -53.5387 -46.734 2.62
      vertex -54.1986 -45.4993 2.62
      vertex -54.0555 -45.4135 2.62
    endloop
  endfacet
  facet normal 0 0 -1
    outer loop
      vertex -53.8137 -46.864 2.62
      vertex -54.3494 -45.5706 2.62
      vertex -54.1986 -45.4993 2.62
    endloop
  endfacet
  facet normal 0 0 -1
    outer loop
      vertex -54.5065 -45.6268 2.62
      vertex -54.1001 -46.9665 2.62
      vertex -54.3952 -47.0404 2.62
    endloop
  endfacet
  facet normal 0 0 -1
    outer loop
      vertex -54.1001 -46.9665 2.62
      vertex -54.5065 -45.6268 2.62
      vertex -54.3494 -45.5706 2.62
    endloop
  endfacet
  facet normal 0 0 -1
    outer loop
      vertex -54.3952 -47.0404 2.62
      vertex -54.6683 -45.6673 2.62
      vertex -54.5065 -45.6268 2.62
    endloop
  endfacet
  facet normal 0 0 -1
    outer loop
      vertex -54.6961 -47.0851 2.62
      vertex -54.6683 -45.6673 2.62
      vertex -54.3952 -47.0404 2.62
    endloop
  endfacet
  facet normal 0 0 -1
    outer loop
      vertex -54.6961 -47.0851 2.62
      vertex -54.8334 -45.6918 2.62
      vertex -54.6683 -45.6673 2.62
    endloop
  endfacet
  facet normal 0 0 -1
    outer loop
      vertex -55 -47.1 2.62
      vertex -54.8334 -45.6918 2.62
      vertex -54.6961 -47.0851 2.62
    endloop
  endfacet
  facet normal 0 0 -1
    outer loop
      vertex -55 -47.1 2.62
      vertex -55 -45.7 2.62
      vertex -54.8334 -45.6918 2.62
    endloop
  endfacet
  facet normal 0 0 -1
    outer loop
      vertex -55 -47.1 2.62
      vertex -55.1666 -45.6918 2.62
      vertex -55 -45.7 2.62
    endloop
  endfacet
  facet normal 0 0 -1
    outer loop
      vertex -55.3039 -47.0851 2.62
      vertex -55.1666 -45.6918 2.62
      vertex -55 -47.1 2.62
    endloop
  endfacet
  facet normal 0 0 -1
    outer loop
      vertex -55.3039 -47.0851 2.62
      vertex -55.3317 -45.6673 2.62
      vertex -55.1666 -45.6918 2.62
    endloop
  endfacet
  facet normal 0 0 -1
    outer loop
      vertex -55.6048 -47.0404 2.62
      vertex -55.3317 -45.6673 2.62
      vertex -55.3039 -47.0851 2.62
    endloop
  endfacet
  facet normal -0 0 -1
    outer loop
      vertex -55.3317 -45.6673 2.62
      vertex -55.6048 -47.0404 2.62
      vertex -55.4935 -45.6268 2.62
    endloop
  endfacet
  facet normal 0 0 -1
    outer loop
      vertex -55.8999 -46.9665 2.62
      vertex -55.4935 -45.6268 2.62
      vertex -55.6048 -47.0404 2.62
    endloop
  endfacet
  facet normal -0 0 -1
    outer loop
      vertex -55.4935 -45.6268 2.62
      vertex -55.8999 -46.9665 2.62
      vertex -55.6506 -45.5706 2.62
    endloop
  endfacet
  facet normal 0 0 -1
    outer loop
      vertex -56.1863 -46.864 2.62
      vertex -55.6506 -45.5706 2.62
      vertex -55.8999 -46.9665 2.62
    endloop
  endfacet
  facet normal -0 0 -1
    outer loop
      vertex -55.6506 -45.5706 2.62
      vertex -56.1863 -46.864 2.62
      vertex -55.8014 -45.4993 2.62
    endloop
  endfacet
  facet normal 0 0 -1
    outer loop
      vertex -56.4613 -46.734 2.62
      vertex -55.8014 -45.4993 2.62
      vertex -56.1863 -46.864 2.62
    endloop
  endfacet
  facet normal -0 0 -1
    outer loop
      vertex -55.8014 -45.4993 2.62
      vertex -56.4613 -46.734 2.62
      vertex -55.9445 -45.4135 2.62
    endloop
  endfacet
  facet normal 0 0 -1
    outer loop
      vertex -56.7223 -46.5776 2.62
      vertex -55.9445 -45.4135 2.62
      vertex -56.4613 -46.734 2.62
    endloop
  endfacet
  facet normal -0 0 -1
    outer loop
      vertex -55.9445 -45.4135 2.62
      vertex -56.7223 -46.5776 2.62
      vertex -56.0785 -45.3141 2.62
    endloop
  endfacet
  facet normal 0 0 -1
    outer loop
      vertex -56.9666 -46.3963 2.62
      vertex -56.0785 -45.3141 2.62
      vertex -56.7223 -46.5776 2.62
    endloop
  endfacet
  facet normal -0 0 -1
    outer loop
      vertex -56.0785 -45.3141 2.62
      vertex -56.9666 -46.3963 2.62
      vertex -56.2021 -45.2021 2.62
    endloop
  endfacet
  facet normal 0 0 -1
    outer loop
      vertex -57.192 -46.192 2.62
      vertex -56.2021 -45.2021 2.62
      vertex -56.9666 -46.3963 2.62
    endloop
  endfacet
  facet normal -0 0 -1
    outer loop
      vertex -56.2021 -45.2021 2.62
      vertex -57.192 -46.192 2.62
      vertex -56.3141 -45.0785 2.62
    endloop
  endfacet
  facet normal 0 0 -1
    outer loop
      vertex -57.3963 -45.9666 2.62
      vertex -56.3141 -45.0785 2.62
      vertex -57.192 -46.192 2.62
    endloop
  endfacet
  facet normal -0 0 -1
    outer loop
      vertex -56.3141 -45.0785 2.62
      vertex -57.3963 -45.9666 2.62
      vertex -56.4135 -44.9445 2.62
    endloop
  endfacet
  facet normal 0 0 -1
    outer loop
      vertex -57.5776 -45.7223 2.62
      vertex -56.4135 -44.9445 2.62
      vertex -57.3963 -45.9666 2.62
    endloop
  endfacet
  facet normal 0 0 -1
    outer loop
      vertex -57.734 -45.4613 2.62
      vertex -56.4993 -44.8014 2.62
      vertex -57.5776 -45.7223 2.62
    endloop
  endfacet
  facet normal -0 0 -1
    outer loop
      vertex -56.4135 -44.9445 2.62
      vertex -57.5776 -45.7223 2.62
      vertex -56.4993 -44.8014 2.62
    endloop
  endfacet
  facet normal -0 0 -1
    outer loop
      vertex -52.266 -42.5387 2.62
      vertex -53.5007 -43.1986 2.62
      vertex -52.4224 -42.2777 2.62
    endloop
  endfacet
  facet normal 0 0 -1
    outer loop
      vertex -53.5865 -43.0555 2.62
      vertex -52.4224 -42.2777 2.62
      vertex -53.5007 -43.1986 2.62
    endloop
  endfacet
  facet normal -0 0 -1
    outer loop
      vertex -52.4224 -42.2777 2.62
      vertex -53.5865 -43.0555 2.62
      vertex -52.6037 -42.0334 2.62
    endloop
  endfacet
  facet normal 0 0 -1
    outer loop
      vertex -53.6859 -42.9215 2.62
      vertex -52.6037 -42.0334 2.62
      vertex -53.5865 -43.0555 2.62
    endloop
  endfacet
  facet normal -0 0 -1
    outer loop
      vertex -52.6037 -42.0334 2.62
      vertex -53.6859 -42.9215 2.62
      vertex -52.808 -41.808 2.62
    endloop
  endfacet
  facet normal 0 0 -1
    outer loop
      vertex -53.7979 -42.7979 2.62
      vertex -52.808 -41.808 2.62
      vertex -53.6859 -42.9215 2.62
    endloop
  endfacet
  facet normal -0 0 -1
    outer loop
      vertex -52.808 -41.808 2.62
      vertex -53.7979 -42.7979 2.62
      vertex -53.0334 -41.6037 2.62
    endloop
  endfacet
  facet normal 0 0 -1
    outer loop
      vertex -53.9215 -42.6859 2.62
      vertex -53.0334 -41.6037 2.62
      vertex -53.7979 -42.7979 2.62
    endloop
  endfacet
  facet normal -0 0 -1
    outer loop
      vertex -53.0334 -41.6037 2.62
      vertex -53.9215 -42.6859 2.62
      vertex -53.2777 -41.4224 2.62
    endloop
  endfacet
  facet normal 0 0 -1
    outer loop
      vertex -54.0555 -42.5865 2.62
      vertex -53.2777 -41.4224 2.62
      vertex -53.9215 -42.6859 2.62
    endloop
  endfacet
  facet normal -0 0 -1
    outer loop
      vertex -53.2777 -41.4224 2.62
      vertex -54.0555 -42.5865 2.62
      vertex -53.5387 -41.266 2.62
    endloop
  endfacet
  facet normal 0 0 -1
    outer loop
      vertex -54.1986 -42.5007 2.62
      vertex -53.5387 -41.266 2.62
      vertex -54.0555 -42.5865 2.62
    endloop
  endfacet
  facet normal -0 0 -1
    outer loop
      vertex -53.5387 -41.266 2.62
      vertex -54.1986 -42.5007 2.62
      vertex -53.8137 -41.136 2.62
    endloop
  endfacet
  facet normal 0 0 -1
    outer loop
      vertex -54.3494 -42.4294 2.62
      vertex -53.8137 -41.136 2.62
      vertex -54.1986 -42.5007 2.62
    endloop
  endfacet
  facet normal -0 0 -1
    outer loop
      vertex -53.8137 -41.136 2.62
      vertex -54.3494 -42.4294 2.62
      vertex -54.1001 -41.0335 2.62
    endloop
  endfacet
  facet normal 0 0 -1
    outer loop
      vertex -54.5065 -42.3732 2.62
      vertex -54.1001 -41.0335 2.62
      vertex -54.3494 -42.4294 2.62
    endloop
  endfacet
  facet normal -0 0 -1
    outer loop
      vertex -54.1001 -41.0335 2.62
      vertex -54.5065 -42.3732 2.62
      vertex -54.3952 -40.9596 2.62
    endloop
  endfacet
  facet normal 0 0 -1
    outer loop
      vertex -54.6683 -42.3327 2.62
      vertex -54.3952 -40.9596 2.62
      vertex -54.5065 -42.3732 2.62
    endloop
  endfacet
  facet normal 0 0 -1
    outer loop
      vertex -54.6683 -42.3327 2.62
      vertex -54.6961 -40.9149 2.62
      vertex -54.3952 -40.9596 2.62
    endloop
  endfacet
  facet normal 0 0 -1
    outer loop
      vertex -54.8334 -42.3082 2.62
      vertex -54.6961 -40.9149 2.62
      vertex -54.6683 -42.3327 2.62
    endloop
  endfacet
  facet normal 0 0 -1
    outer loop
      vertex -55 -42.3 2.62
      vertex -54.6961 -40.9149 2.62
      vertex -54.8334 -42.3082 2.62
    endloop
  endfacet
  facet normal 0 0 -1
    outer loop
      vertex -55 -42.3 2.62
      vertex -55 -40.9 2.62
      vertex -54.6961 -40.9149 2.62
    endloop
  endfacet
  facet normal 0 0 -1
    outer loop
      vertex -55.1666 -42.3082 2.62
      vertex -55 -40.9 2.62
      vertex -55 -42.3 2.62
    endloop
  endfacet
  facet normal 0 0 -1
    outer loop
      vertex -55.1666 -42.3082 2.62
      vertex -55.3039 -40.9149 2.62
      vertex -55 -40.9 2.62
    endloop
  endfacet
  facet normal 0 0 -1
    outer loop
      vertex -55.3317 -42.3327 2.62
      vertex -55.3039 -40.9149 2.62
      vertex -55.1666 -42.3082 2.62
    endloop
  endfacet
  facet normal 0 0 -1
    outer loop
      vertex -55.6048 -40.9596 2.62
      vertex -55.3317 -42.3327 2.62
      vertex -55.4935 -42.3732 2.62
    endloop
  endfacet
  facet normal 0 0 -1
    outer loop
      vertex -55.3317 -42.3327 2.62
      vertex -55.6048 -40.9596 2.62
      vertex -55.3039 -40.9149 2.62
    endloop
  endfacet
  facet normal 0 0 -1
    outer loop
      vertex -55.8999 -41.0335 2.62
      vertex -55.4935 -42.3732 2.62
      vertex -55.6506 -42.4294 2.62
    endloop
  endfacet
  facet normal 0 0 -1
    outer loop
      vertex -56.1863 -41.136 2.62
      vertex -55.6506 -42.4294 2.62
      vertex -55.8014 -42.5007 2.62
    endloop
  endfacet
  facet normal 0 0 -1
    outer loop
      vertex -55.4935 -42.3732 2.62
      vertex -55.8999 -41.0335 2.62
      vertex -55.6048 -40.9596 2.62
    endloop
  endfacet
  facet normal 0 0 -1
    outer loop
      vertex -56.4613 -41.266 2.62
      vertex -55.8014 -42.5007 2.62
      vertex -55.9445 -42.5865 2.62
    endloop
  endfacet
  facet normal 0 0 -1
    outer loop
      vertex -56.7223 -41.4224 2.62
      vertex -55.9445 -42.5865 2.62
      vertex -56.0785 -42.6859 2.62
    endloop
  endfacet
  facet normal 0 0 -1
    outer loop
      vertex -55.6506 -42.4294 2.62
      vertex -56.1863 -41.136 2.62
      vertex -55.8999 -41.0335 2.62
    endloop
  endfacet
  facet normal 0 0 -1
    outer loop
      vertex -56.9666 -41.6037 2.62
      vertex -56.0785 -42.6859 2.62
      vertex -56.2021 -42.7979 2.62
    endloop
  endfacet
  facet normal 0 0 -1
    outer loop
      vertex -57.192 -41.808 2.62
      vertex -56.2021 -42.7979 2.62
      vertex -56.3141 -42.9215 2.62
    endloop
  endfacet
  facet normal 0 0 -1
    outer loop
      vertex -57.3963 -42.0334 2.62
      vertex -56.3141 -42.9215 2.62
      vertex -56.4135 -43.0555 2.62
    endloop
  endfacet
  facet normal 0 0 -1
    outer loop
      vertex -55.8014 -42.5007 2.62
      vertex -56.4613 -41.266 2.62
      vertex -56.1863 -41.136 2.62
    endloop
  endfacet
  facet normal 0 0 -1
    outer loop
      vertex -57.5776 -42.2777 2.62
      vertex -56.4135 -43.0555 2.62
      vertex -56.4993 -43.1986 2.62
    endloop
  endfacet
  facet normal 0 0 -1
    outer loop
      vertex -57.734 -42.5387 2.62
      vertex -56.4993 -43.1986 2.62
      vertex -56.5706 -43.3494 2.62
    endloop
  endfacet
  facet normal 0 0 -1
    outer loop
      vertex -57.864 -42.8137 2.62
      vertex -56.5706 -43.3494 2.62
      vertex -56.6268 -43.5065 2.62
    endloop
  endfacet
  facet normal 0 0 -1
    outer loop
      vertex -57.9665 -43.1001 2.62
      vertex -56.6268 -43.5065 2.62
      vertex -56.6673 -43.6683 2.62
    endloop
  endfacet
  facet normal 0 0 -1
    outer loop
      vertex -58.0404 -43.3952 2.62
      vertex -56.6673 -43.6683 2.62
      vertex -56.6918 -43.8334 2.62
    endloop
  endfacet
  facet normal 0 0 -1
    outer loop
      vertex -55.9445 -42.5865 2.62
      vertex -56.7223 -41.4224 2.62
      vertex -56.4613 -41.266 2.62
    endloop
  endfacet
  facet normal 0 0 -1
    outer loop
      vertex -58.0851 -43.6961 2.62
      vertex -56.6918 -43.8334 2.62
      vertex -56.7 -44 2.62
    endloop
  endfacet
  facet normal -0 0 -1
    outer loop
      vertex -56.4993 -44.8014 2.62
      vertex -57.734 -45.4613 2.62
      vertex -56.5706 -44.6506 2.62
    endloop
  endfacet
  facet normal 0 0 -1
    outer loop
      vertex -57.864 -45.1863 2.62
      vertex -56.5706 -44.6506 2.62
      vertex -57.734 -45.4613 2.62
    endloop
  endfacet
  facet normal 0 0 -1
    outer loop
      vertex -56.0785 -42.6859 2.62
      vertex -56.9666 -41.6037 2.62
      vertex -56.7223 -41.4224 2.62
    endloop
  endfacet
  facet normal -0 0 -1
    outer loop
      vertex -56.5706 -44.6506 2.62
      vertex -57.864 -45.1863 2.62
      vertex -56.6268 -44.4935 2.62
    endloop
  endfacet
  facet normal 0 0 -1
    outer loop
      vertex -56.2021 -42.7979 2.62
      vertex -57.192 -41.808 2.62
      vertex -56.9666 -41.6037 2.62
    endloop
  endfacet
  facet normal 0 0 -1
    outer loop
      vertex -57.9665 -44.8999 2.62
      vertex -56.6268 -44.4935 2.62
      vertex -57.864 -45.1863 2.62
    endloop
  endfacet
  facet normal 0 0 -1
    outer loop
      vertex -56.3141 -42.9215 2.62
      vertex -57.3963 -42.0334 2.62
      vertex -57.192 -41.808 2.62
    endloop
  endfacet
  facet normal -0 0 -1
    outer loop
      vertex -56.6268 -44.4935 2.62
      vertex -57.9665 -44.8999 2.62
      vertex -56.6673 -44.3317 2.62
    endloop
  endfacet
  facet normal 0 0 -1
    outer loop
      vertex -56.4135 -43.0555 2.62
      vertex -57.5776 -42.2777 2.62
      vertex -57.3963 -42.0334 2.62
    endloop
  endfacet
  facet normal 0 0 -1
    outer loop
      vertex -58.0404 -44.6048 2.62
      vertex -56.6673 -44.3317 2.62
      vertex -57.9665 -44.8999 2.62
    endloop
  endfacet
  facet normal 0 0 -1
    outer loop
      vertex -56.4993 -43.1986 2.62
      vertex -57.734 -42.5387 2.62
      vertex -57.5776 -42.2777 2.62
    endloop
  endfacet
  facet normal -0 0 -1
    outer loop
      vertex -56.6673 -44.3317 2.62
      vertex -58.0404 -44.6048 2.62
      vertex -56.6918 -44.1666 2.62
    endloop
  endfacet
  facet normal 0 0 -1
    outer loop
      vertex -56.5706 -43.3494 2.62
      vertex -57.864 -42.8137 2.62
      vertex -57.734 -42.5387 2.62
    endloop
  endfacet
  facet normal 0 0 -1
    outer loop
      vertex -58.0851 -44.3039 2.62
      vertex -56.6918 -44.1666 2.62
      vertex -58.0404 -44.6048 2.62
    endloop
  endfacet
  facet normal 0 0 -1
    outer loop
      vertex -56.6268 -43.5065 2.62
      vertex -57.9665 -43.1001 2.62
      vertex -57.864 -42.8137 2.62
    endloop
  endfacet
  facet normal -0 0 -1
    outer loop
      vertex -56.6918 -44.1666 2.62
      vertex -58.0851 -44.3039 2.62
      vertex -56.7 -44 2.62
    endloop
  endfacet
  facet normal 0 0 -1
    outer loop
      vertex -56.6673 -43.6683 2.62
      vertex -58.0404 -43.3952 2.62
      vertex -57.9665 -43.1001 2.62
    endloop
  endfacet
  facet normal 0 0 -1
    outer loop
      vertex -58.1 -44 2.62
      vertex -56.7 -44 2.62
      vertex -58.0851 -44.3039 2.62
    endloop
  endfacet
  facet normal 0 0 -1
    outer loop
      vertex -56.6918 -43.8334 2.62
      vertex -58.0851 -43.6961 2.62
      vertex -58.0404 -43.3952 2.62
    endloop
  endfacet
  facet normal 0 0 -1
    outer loop
      vertex -56.7 -44 2.62
      vertex -58.1 -44 2.62
      vertex -58.0851 -43.6961 2.62
    endloop
  endfacet
  facet normal -0.671576 -0.740936 0
    outer loop
      vertex -53.0334 -41.6037 0.62
      vertex -52.808 -41.808 2.62
      vertex -53.0334 -41.6037 2.62
    endloop
  endfacet
  facet normal -0.671576 -0.740936 -0
    outer loop
      vertex -52.808 -41.808 2.62
      vertex -53.0334 -41.6037 0.62
      vertex -52.808 -41.808 0.62
    endloop
  endfacet
  facet normal 0.336961 -0.941519 0
    outer loop
      vertex -56.1863 -41.136 0.62
      vertex -55.8999 -41.0335 2.62
      vertex -56.1863 -41.136 2.62
    endloop
  endfacet
  facet normal 0.336961 -0.941519 0
    outer loop
      vertex -55.8999 -41.0335 2.62
      vertex -56.1863 -41.136 0.62
      vertex -55.8999 -41.0335 0.62
    endloop
  endfacet
  facet normal -0.42738 -0.904072 0
    outer loop
      vertex -53.8137 -41.136 0.62
      vertex -53.5387 -41.266 2.62
      vertex -53.8137 -41.136 2.62
    endloop
  endfacet
  facet normal -0.42738 -0.904072 -0
    outer loop
      vertex -53.5387 -41.266 2.62
      vertex -53.8137 -41.136 0.62
      vertex -53.5387 -41.266 0.62
    endloop
  endfacet
  facet normal 0.9988 -0.0489705 0
    outer loop
      vertex -58.1 -44 2.62
      vertex -58.0851 -43.6961 0.62
      vertex -58.0851 -43.6961 2.62
    endloop
  endfacet
  facet normal 0.9988 -0.0489705 0
    outer loop
      vertex -58.0851 -43.6961 0.62
      vertex -58.1 -44 2.62
      vertex -58.1 -44 0.62
    endloop
  endfacet
  facet normal -0.803027 -0.595943 0
    outer loop
      vertex -52.4224 -42.2777 0.62
      vertex -52.6037 -42.0334 2.62
      vertex -52.6037 -42.0334 0.62
    endloop
  endfacet
  facet normal -0.803027 -0.595943 0
    outer loop
      vertex -52.6037 -42.0334 2.62
      vertex -52.4224 -42.2777 0.62
      vertex -52.4224 -42.2777 2.62
    endloop
  endfacet
  facet normal -0.0489705 -0.9988 0
    outer loop
      vertex -55 -40.9 0.62
      vertex -54.6961 -40.9149 2.62
      vertex -55 -40.9 2.62
    endloop
  endfacet
  facet normal -0.0489705 -0.9988 -0
    outer loop
      vertex -54.6961 -40.9149 2.62
      vertex -55 -40.9 0.62
      vertex -54.6961 -40.9149 0.62
    endloop
  endfacet
  facet normal 0.671576 -0.740936 0
    outer loop
      vertex -57.192 -41.808 0.62
      vertex -56.9666 -41.6037 2.62
      vertex -57.192 -41.808 2.62
    endloop
  endfacet
  facet normal 0.671576 -0.740936 0
    outer loop
      vertex -56.9666 -41.6037 2.62
      vertex -57.192 -41.808 0.62
      vertex -56.9666 -41.6037 0.62
    endloop
  endfacet
  facet normal -0.336961 0.941519 0
    outer loop
      vertex -53.8137 -46.864 0.62
      vertex -54.1001 -46.9665 2.62
      vertex -53.8137 -46.864 2.62
    endloop
  endfacet
  facet normal -0.336961 0.941519 0
    outer loop
      vertex -54.1001 -46.9665 2.62
      vertex -53.8137 -46.864 0.62
      vertex -54.1001 -46.9665 0.62
    endloop
  endfacet
  facet normal -0.740936 -0.671576 0
    outer loop
      vertex -52.6037 -42.0334 0.62
      vertex -52.808 -41.808 2.62
      vertex -52.808 -41.808 0.62
    endloop
  endfacet
  facet normal -0.740936 -0.671576 0
    outer loop
      vertex -52.808 -41.808 2.62
      vertex -52.6037 -42.0334 0.62
      vertex -52.6037 -42.0334 2.62
    endloop
  endfacet
  facet normal 0.242922 0.970046 -0
    outer loop
      vertex -55.6048 -47.0404 0.62
      vertex -55.8999 -46.9665 2.62
      vertex -55.6048 -47.0404 2.62
    endloop
  endfacet
  facet normal 0.242922 0.970046 0
    outer loop
      vertex -55.8999 -46.9665 2.62
      vertex -55.6048 -47.0404 0.62
      vertex -55.8999 -46.9665 0.62
    endloop
  endfacet
  facet normal -0.904072 -0.42738 0
    outer loop
      vertex -52.136 -42.8137 0.62
      vertex -52.266 -42.5387 2.62
      vertex -52.266 -42.5387 0.62
    endloop
  endfacet
  facet normal -0.904072 -0.42738 0
    outer loop
      vertex -52.266 -42.5387 2.62
      vertex -52.136 -42.8137 0.62
      vertex -52.136 -42.8137 2.62
    endloop
  endfacet
  facet normal -0.857783 0.514012 0
    outer loop
      vertex -52.4224 -45.7223 0.62
      vertex -52.266 -45.4613 2.62
      vertex -52.266 -45.4613 0.62
    endloop
  endfacet
  facet normal -0.857783 0.514012 0
    outer loop
      vertex -52.266 -45.4613 2.62
      vertex -52.4224 -45.7223 0.62
      vertex -52.4224 -45.7223 2.62
    endloop
  endfacet
  facet normal -0.336961 -0.941519 0
    outer loop
      vertex -54.1001 -41.0335 0.62
      vertex -53.8137 -41.136 2.62
      vertex -54.1001 -41.0335 2.62
    endloop
  endfacet
  facet normal -0.336961 -0.941519 -0
    outer loop
      vertex -53.8137 -41.136 2.62
      vertex -54.1001 -41.0335 0.62
      vertex -53.8137 -41.136 0.62
    endloop
  endfacet
  facet normal 0.242922 -0.970046 0
    outer loop
      vertex -55.8999 -41.0335 0.62
      vertex -55.6048 -40.9596 2.62
      vertex -55.8999 -41.0335 2.62
    endloop
  endfacet
  facet normal 0.242922 -0.970046 0
    outer loop
      vertex -55.6048 -40.9596 2.62
      vertex -55.8999 -41.0335 0.62
      vertex -55.6048 -40.9596 0.62
    endloop
  endfacet
  facet normal 0.514012 -0.857783 0
    outer loop
      vertex -56.7223 -41.4224 0.62
      vertex -56.4613 -41.266 2.62
      vertex -56.7223 -41.4224 2.62
    endloop
  endfacet
  facet normal 0.514012 -0.857783 0
    outer loop
      vertex -56.4613 -41.266 2.62
      vertex -56.7223 -41.4224 0.62
      vertex -56.4613 -41.266 0.62
    endloop
  endfacet
  facet normal 0.740936 -0.671576 0
    outer loop
      vertex -57.3963 -42.0334 2.62
      vertex -57.192 -41.808 0.62
      vertex -57.192 -41.808 2.62
    endloop
  endfacet
  facet normal 0.740936 -0.671576 0
    outer loop
      vertex -57.192 -41.808 0.62
      vertex -57.3963 -42.0334 2.62
      vertex -57.3963 -42.0334 0.62
    endloop
  endfacet
  facet normal -0.857783 -0.514012 0
    outer loop
      vertex -52.266 -42.5387 0.62
      vertex -52.4224 -42.2777 2.62
      vertex -52.4224 -42.2777 0.62
    endloop
  endfacet
  facet normal -0.857783 -0.514012 0
    outer loop
      vertex -52.4224 -42.2777 2.62
      vertex -52.266 -42.5387 0.62
      vertex -52.266 -42.5387 2.62
    endloop
  endfacet
  facet normal 0.970046 -0.242922 0
    outer loop
      vertex -58.0404 -43.3952 2.62
      vertex -57.9665 -43.1001 0.62
      vertex -57.9665 -43.1001 2.62
    endloop
  endfacet
  facet normal 0.970046 -0.242922 0
    outer loop
      vertex -57.9665 -43.1001 0.62
      vertex -58.0404 -43.3952 2.62
      vertex -58.0404 -43.3952 0.62
    endloop
  endfacet
  facet normal 0.146942 -0.989145 0
    outer loop
      vertex -55.6048 -40.9596 0.62
      vertex -55.3039 -40.9149 2.62
      vertex -55.6048 -40.9596 2.62
    endloop
  endfacet
  facet normal 0.146942 -0.989145 0
    outer loop
      vertex -55.3039 -40.9149 2.62
      vertex -55.6048 -40.9596 0.62
      vertex -55.3039 -40.9149 0.62
    endloop
  endfacet
  facet normal 0.904072 0.42738 0
    outer loop
      vertex -57.734 -45.4613 2.62
      vertex -57.864 -45.1863 0.62
      vertex -57.864 -45.1863 2.62
    endloop
  endfacet
  facet normal 0.904072 0.42738 0
    outer loop
      vertex -57.864 -45.1863 0.62
      vertex -57.734 -45.4613 2.62
      vertex -57.734 -45.4613 0.62
    endloop
  endfacet
  facet normal -0.146942 0.989145 0
    outer loop
      vertex -54.3952 -47.0404 0.62
      vertex -54.6961 -47.0851 2.62
      vertex -54.3952 -47.0404 2.62
    endloop
  endfacet
  facet normal -0.146942 0.989145 0
    outer loop
      vertex -54.6961 -47.0851 2.62
      vertex -54.3952 -47.0404 0.62
      vertex -54.6961 -47.0851 0.62
    endloop
  endfacet
  facet normal 0.336961 0.941519 -0
    outer loop
      vertex -55.8999 -46.9665 0.62
      vertex -56.1863 -46.864 2.62
      vertex -55.8999 -46.9665 2.62
    endloop
  endfacet
  facet normal 0.336961 0.941519 0
    outer loop
      vertex -56.1863 -46.864 2.62
      vertex -55.8999 -46.9665 0.62
      vertex -56.1863 -46.864 0.62
    endloop
  endfacet
  facet normal 0.671576 0.740936 -0
    outer loop
      vertex -56.9666 -46.3963 0.62
      vertex -57.192 -46.192 2.62
      vertex -56.9666 -46.3963 2.62
    endloop
  endfacet
  facet normal 0.671576 0.740936 0
    outer loop
      vertex -57.192 -46.192 2.62
      vertex -56.9666 -46.3963 0.62
      vertex -57.192 -46.192 0.62
    endloop
  endfacet
  facet normal 0.970046 0.242922 0
    outer loop
      vertex -57.9665 -44.8999 2.62
      vertex -58.0404 -44.6048 0.62
      vertex -58.0404 -44.6048 2.62
    endloop
  endfacet
  facet normal 0.970046 0.242922 0
    outer loop
      vertex -58.0404 -44.6048 0.62
      vertex -57.9665 -44.8999 2.62
      vertex -57.9665 -44.8999 0.62
    endloop
  endfacet
  facet normal 0.740936 0.671576 0
    outer loop
      vertex -57.192 -46.192 2.62
      vertex -57.3963 -45.9666 0.62
      vertex -57.3963 -45.9666 2.62
    endloop
  endfacet
  facet normal 0.740936 0.671576 0
    outer loop
      vertex -57.3963 -45.9666 0.62
      vertex -57.192 -46.192 2.62
      vertex -57.192 -46.192 0.62
    endloop
  endfacet
  facet normal 0.989145 -0.146942 0
    outer loop
      vertex -58.0851 -43.6961 2.62
      vertex -58.0404 -43.3952 0.62
      vertex -58.0404 -43.3952 2.62
    endloop
  endfacet
  facet normal 0.989145 -0.146942 0
    outer loop
      vertex -58.0404 -43.3952 0.62
      vertex -58.0851 -43.6961 2.62
      vertex -58.0851 -43.6961 0.62
    endloop
  endfacet
  facet normal -0.242922 -0.970046 0
    outer loop
      vertex -54.3952 -40.9596 0.62
      vertex -54.1001 -41.0335 2.62
      vertex -54.3952 -40.9596 2.62
    endloop
  endfacet
  facet normal -0.242922 -0.970046 -0
    outer loop
      vertex -54.1001 -41.0335 2.62
      vertex -54.3952 -40.9596 0.62
      vertex -54.1001 -41.0335 0.62
    endloop
  endfacet
  facet normal 0.9988 0.0489705 0
    outer loop
      vertex -58.0851 -44.3039 2.62
      vertex -58.1 -44 0.62
      vertex -58.1 -44 2.62
    endloop
  endfacet
  facet normal 0.9988 0.0489705 0
    outer loop
      vertex -58.1 -44 0.62
      vertex -58.0851 -44.3039 2.62
      vertex -58.0851 -44.3039 0.62
    endloop
  endfacet
  facet normal 0.941519 -0.336961 0
    outer loop
      vertex -57.9665 -43.1001 2.62
      vertex -57.864 -42.8137 0.62
      vertex -57.864 -42.8137 2.62
    endloop
  endfacet
  facet normal 0.941519 -0.336961 0
    outer loop
      vertex -57.864 -42.8137 0.62
      vertex -57.9665 -43.1001 2.62
      vertex -57.9665 -43.1001 0.62
    endloop
  endfacet
  facet normal -0.595943 0.803027 0
    outer loop
      vertex -53.0334 -46.3963 0.62
      vertex -53.2777 -46.5776 2.62
      vertex -53.0334 -46.3963 2.62
    endloop
  endfacet
  facet normal -0.595943 0.803027 0
    outer loop
      vertex -53.2777 -46.5776 2.62
      vertex -53.0334 -46.3963 0.62
      vertex -53.2777 -46.5776 0.62
    endloop
  endfacet
  facet normal 0.803027 -0.595943 0
    outer loop
      vertex -57.5776 -42.2777 2.62
      vertex -57.3963 -42.0334 0.62
      vertex -57.3963 -42.0334 2.62
    endloop
  endfacet
  facet normal 0.803027 -0.595943 0
    outer loop
      vertex -57.3963 -42.0334 0.62
      vertex -57.5776 -42.2777 2.62
      vertex -57.5776 -42.2777 0.62
    endloop
  endfacet
  facet normal 0.514012 0.857783 -0
    outer loop
      vertex -56.4613 -46.734 0.62
      vertex -56.7223 -46.5776 2.62
      vertex -56.4613 -46.734 2.62
    endloop
  endfacet
  facet normal 0.514012 0.857783 0
    outer loop
      vertex -56.7223 -46.5776 2.62
      vertex -56.4613 -46.734 0.62
      vertex -56.7223 -46.5776 0.62
    endloop
  endfacet
  facet normal 0.904072 -0.42738 0
    outer loop
      vertex -57.864 -42.8137 2.62
      vertex -57.734 -42.5387 0.62
      vertex -57.734 -42.5387 2.62
    endloop
  endfacet
  facet normal 0.904072 -0.42738 0
    outer loop
      vertex -57.734 -42.5387 0.62
      vertex -57.864 -42.8137 2.62
      vertex -57.864 -42.8137 0.62
    endloop
  endfacet
  facet normal -0.904072 0.42738 0
    outer loop
      vertex -52.266 -45.4613 0.62
      vertex -52.136 -45.1863 2.62
      vertex -52.136 -45.1863 0.62
    endloop
  endfacet
  facet normal -0.904072 0.42738 0
    outer loop
      vertex -52.136 -45.1863 2.62
      vertex -52.266 -45.4613 0.62
      vertex -52.266 -45.4613 2.62
    endloop
  endfacet
  facet normal 0.0489705 0.9988 -0
    outer loop
      vertex -55 -47.1 0.62
      vertex -55.3039 -47.0851 2.62
      vertex -55 -47.1 2.62
    endloop
  endfacet
  facet normal 0.0489705 0.9988 0
    outer loop
      vertex -55.3039 -47.0851 2.62
      vertex -55 -47.1 0.62
      vertex -55.3039 -47.0851 0.62
    endloop
  endfacet
  facet normal 0.146942 0.989145 -0
    outer loop
      vertex -55.3039 -47.0851 0.62
      vertex -55.6048 -47.0404 2.62
      vertex -55.3039 -47.0851 2.62
    endloop
  endfacet
  facet normal 0.146942 0.989145 0
    outer loop
      vertex -55.6048 -47.0404 2.62
      vertex -55.3039 -47.0851 0.62
      vertex -55.6048 -47.0404 0.62
    endloop
  endfacet
  facet normal -0.671576 0.740936 0
    outer loop
      vertex -52.808 -46.192 0.62
      vertex -53.0334 -46.3963 2.62
      vertex -52.808 -46.192 2.62
    endloop
  endfacet
  facet normal -0.671576 0.740936 0
    outer loop
      vertex -53.0334 -46.3963 2.62
      vertex -52.808 -46.192 0.62
      vertex -53.0334 -46.3963 0.62
    endloop
  endfacet
  facet normal -0.146942 -0.989145 0
    outer loop
      vertex -54.6961 -40.9149 0.62
      vertex -54.3952 -40.9596 2.62
      vertex -54.6961 -40.9149 2.62
    endloop
  endfacet
  facet normal -0.146942 -0.989145 -0
    outer loop
      vertex -54.3952 -40.9596 2.62
      vertex -54.6961 -40.9149 0.62
      vertex -54.3952 -40.9596 0.62
    endloop
  endfacet
  facet normal 0.42738 0.904072 -0
    outer loop
      vertex -56.1863 -46.864 0.62
      vertex -56.4613 -46.734 2.62
      vertex -56.1863 -46.864 2.62
    endloop
  endfacet
  facet normal 0.42738 0.904072 0
    outer loop
      vertex -56.4613 -46.734 2.62
      vertex -56.1863 -46.864 0.62
      vertex -56.4613 -46.734 0.62
    endloop
  endfacet
  facet normal 0 0 1
    outer loop
      vertex -53.3 -44 0.62
      vertex -51.9 -44 0.62
      vertex -51.9149 -43.6961 0.62
    endloop
  endfacet
  facet normal 0 0 1
    outer loop
      vertex -53.3082 -43.8334 0.62
      vertex -51.9149 -43.6961 0.62
      vertex -51.9596 -43.3952 0.62
    endloop
  endfacet
  facet normal 0 0 1
    outer loop
      vertex -51.9 -44 0.62
      vertex -53.3 -44 0.62
      vertex -51.9149 -44.3039 0.62
    endloop
  endfacet
  facet normal 0 0 1
    outer loop
      vertex -53.3327 -43.6683 0.62
      vertex -51.9596 -43.3952 0.62
      vertex -52.0335 -43.1001 0.62
    endloop
  endfacet
  facet normal -0 0 1
    outer loop
      vertex -53.3082 -44.1666 0.62
      vertex -51.9149 -44.3039 0.62
      vertex -53.3 -44 0.62
    endloop
  endfacet
  facet normal 0 0 1
    outer loop
      vertex -53.3732 -43.5065 0.62
      vertex -52.0335 -43.1001 0.62
      vertex -52.136 -42.8137 0.62
    endloop
  endfacet
  facet normal 0 0 1
    outer loop
      vertex -51.9149 -44.3039 0.62
      vertex -53.3082 -44.1666 0.62
      vertex -51.9596 -44.6048 0.62
    endloop
  endfacet
  facet normal 0 0 1
    outer loop
      vertex -53.4294 -43.3494 0.62
      vertex -52.136 -42.8137 0.62
      vertex -52.266 -42.5387 0.62
    endloop
  endfacet
  facet normal -0 0 1
    outer loop
      vertex -53.3327 -44.3317 0.62
      vertex -51.9596 -44.6048 0.62
      vertex -53.3082 -44.1666 0.62
    endloop
  endfacet
  facet normal 0 0 1
    outer loop
      vertex -53.5007 -43.1986 0.62
      vertex -52.266 -42.5387 0.62
      vertex -52.4224 -42.2777 0.62
    endloop
  endfacet
  facet normal 0 0 1
    outer loop
      vertex -51.9596 -44.6048 0.62
      vertex -53.3327 -44.3317 0.62
      vertex -52.0335 -44.8999 0.62
    endloop
  endfacet
  facet normal 0 0 1
    outer loop
      vertex -53.5865 -43.0555 0.62
      vertex -52.4224 -42.2777 0.62
      vertex -52.6037 -42.0334 0.62
    endloop
  endfacet
  facet normal -0 0 1
    outer loop
      vertex -53.3732 -44.4935 0.62
      vertex -52.0335 -44.8999 0.62
      vertex -53.3327 -44.3317 0.62
    endloop
  endfacet
  facet normal 0 0 1
    outer loop
      vertex -53.6859 -42.9215 0.62
      vertex -52.6037 -42.0334 0.62
      vertex -52.808 -41.808 0.62
    endloop
  endfacet
  facet normal 0 0 1
    outer loop
      vertex -52.0335 -44.8999 0.62
      vertex -53.3732 -44.4935 0.62
      vertex -52.136 -45.1863 0.62
    endloop
  endfacet
  facet normal 0 0 1
    outer loop
      vertex -53.7979 -42.7979 0.62
      vertex -52.808 -41.808 0.62
      vertex -53.0334 -41.6037 0.62
    endloop
  endfacet
  facet normal -0 0 1
    outer loop
      vertex -53.4294 -44.6506 0.62
      vertex -52.136 -45.1863 0.62
      vertex -53.3732 -44.4935 0.62
    endloop
  endfacet
  facet normal 0 0 1
    outer loop
      vertex -53.9215 -42.6859 0.62
      vertex -53.0334 -41.6037 0.62
      vertex -53.2777 -41.4224 0.62
    endloop
  endfacet
  facet normal 0 0 1
    outer loop
      vertex -52.136 -45.1863 0.62
      vertex -53.4294 -44.6506 0.62
      vertex -52.266 -45.4613 0.62
    endloop
  endfacet
  facet normal -0 0 1
    outer loop
      vertex -53.5007 -44.8014 0.62
      vertex -52.266 -45.4613 0.62
      vertex -53.4294 -44.6506 0.62
    endloop
  endfacet
  facet normal 0 0 1
    outer loop
      vertex -51.9149 -43.6961 0.62
      vertex -53.3082 -43.8334 0.62
      vertex -53.3 -44 0.62
    endloop
  endfacet
  facet normal 0 0 1
    outer loop
      vertex -51.9596 -43.3952 0.62
      vertex -53.3327 -43.6683 0.62
      vertex -53.3082 -43.8334 0.62
    endloop
  endfacet
  facet normal 0 0 1
    outer loop
      vertex -52.0335 -43.1001 0.62
      vertex -53.3732 -43.5065 0.62
      vertex -53.3327 -43.6683 0.62
    endloop
  endfacet
  facet normal 0 0 1
    outer loop
      vertex -52.136 -42.8137 0.62
      vertex -53.4294 -43.3494 0.62
      vertex -53.3732 -43.5065 0.62
    endloop
  endfacet
  facet normal 0 0 1
    outer loop
      vertex -52.266 -42.5387 0.62
      vertex -53.5007 -43.1986 0.62
      vertex -53.4294 -43.3494 0.62
    endloop
  endfacet
  facet normal 0 0 1
    outer loop
      vertex -54.0555 -42.5865 0.62
      vertex -53.2777 -41.4224 0.62
      vertex -53.5387 -41.266 0.62
    endloop
  endfacet
  facet normal 0 0 1
    outer loop
      vertex -52.4224 -42.2777 0.62
      vertex -53.5865 -43.0555 0.62
      vertex -53.5007 -43.1986 0.62
    endloop
  endfacet
  facet normal 0 0 1
    outer loop
      vertex -52.6037 -42.0334 0.62
      vertex -53.6859 -42.9215 0.62
      vertex -53.5865 -43.0555 0.62
    endloop
  endfacet
  facet normal 0 0 1
    outer loop
      vertex -52.808 -41.808 0.62
      vertex -53.7979 -42.7979 0.62
      vertex -53.6859 -42.9215 0.62
    endloop
  endfacet
  facet normal 0 0 1
    outer loop
      vertex -54.1986 -42.5007 0.62
      vertex -53.5387 -41.266 0.62
      vertex -53.8137 -41.136 0.62
    endloop
  endfacet
  facet normal 0 0 1
    outer loop
      vertex -53.0334 -41.6037 0.62
      vertex -53.9215 -42.6859 0.62
      vertex -53.7979 -42.7979 0.62
    endloop
  endfacet
  facet normal 0 0 1
    outer loop
      vertex -53.2777 -41.4224 0.62
      vertex -54.0555 -42.5865 0.62
      vertex -53.9215 -42.6859 0.62
    endloop
  endfacet
  facet normal 0 0 1
    outer loop
      vertex -54.3494 -42.4294 0.62
      vertex -53.8137 -41.136 0.62
      vertex -54.1001 -41.0335 0.62
    endloop
  endfacet
  facet normal 0 0 1
    outer loop
      vertex -53.5387 -41.266 0.62
      vertex -54.1986 -42.5007 0.62
      vertex -54.0555 -42.5865 0.62
    endloop
  endfacet
  facet normal 0 0 1
    outer loop
      vertex -53.8137 -41.136 0.62
      vertex -54.3494 -42.4294 0.62
      vertex -54.1986 -42.5007 0.62
    endloop
  endfacet
  facet normal 0 0 1
    outer loop
      vertex -54.5065 -42.3732 0.62
      vertex -54.1001 -41.0335 0.62
      vertex -54.3952 -40.9596 0.62
    endloop
  endfacet
  facet normal 0 0 1
    outer loop
      vertex -54.1001 -41.0335 0.62
      vertex -54.5065 -42.3732 0.62
      vertex -54.3494 -42.4294 0.62
    endloop
  endfacet
  facet normal 0 0 1
    outer loop
      vertex -54.3952 -40.9596 0.62
      vertex -54.6683 -42.3327 0.62
      vertex -54.5065 -42.3732 0.62
    endloop
  endfacet
  facet normal 0 0 1
    outer loop
      vertex -54.6961 -40.9149 0.62
      vertex -54.6683 -42.3327 0.62
      vertex -54.3952 -40.9596 0.62
    endloop
  endfacet
  facet normal 0 0 1
    outer loop
      vertex -54.6961 -40.9149 0.62
      vertex -54.8334 -42.3082 0.62
      vertex -54.6683 -42.3327 0.62
    endloop
  endfacet
  facet normal 0 0 1
    outer loop
      vertex -55 -40.9 0.62
      vertex -54.8334 -42.3082 0.62
      vertex -54.6961 -40.9149 0.62
    endloop
  endfacet
  facet normal 0 0 1
    outer loop
      vertex -55 -40.9 0.62
      vertex -55 -42.3 0.62
      vertex -54.8334 -42.3082 0.62
    endloop
  endfacet
  facet normal 0 0 1
    outer loop
      vertex -55 -40.9 0.62
      vertex -55.1666 -42.3082 0.62
      vertex -55 -42.3 0.62
    endloop
  endfacet
  facet normal -0 0 1
    outer loop
      vertex -55.3039 -40.9149 0.62
      vertex -55.1666 -42.3082 0.62
      vertex -55 -40.9 0.62
    endloop
  endfacet
  facet normal 0 0 1
    outer loop
      vertex -55.3039 -40.9149 0.62
      vertex -55.3317 -42.3327 0.62
      vertex -55.1666 -42.3082 0.62
    endloop
  endfacet
  facet normal -0 0 1
    outer loop
      vertex -55.6048 -40.9596 0.62
      vertex -55.3317 -42.3327 0.62
      vertex -55.3039 -40.9149 0.62
    endloop
  endfacet
  facet normal 0 0 1
    outer loop
      vertex -55.3317 -42.3327 0.62
      vertex -55.6048 -40.9596 0.62
      vertex -55.4935 -42.3732 0.62
    endloop
  endfacet
  facet normal -0 0 1
    outer loop
      vertex -55.8999 -41.0335 0.62
      vertex -55.4935 -42.3732 0.62
      vertex -55.6048 -40.9596 0.62
    endloop
  endfacet
  facet normal 0 0 1
    outer loop
      vertex -55.4935 -42.3732 0.62
      vertex -55.8999 -41.0335 0.62
      vertex -55.6506 -42.4294 0.62
    endloop
  endfacet
  facet normal -0 0 1
    outer loop
      vertex -56.1863 -41.136 0.62
      vertex -55.6506 -42.4294 0.62
      vertex -55.8999 -41.0335 0.62
    endloop
  endfacet
  facet normal 0 0 1
    outer loop
      vertex -55.6506 -42.4294 0.62
      vertex -56.1863 -41.136 0.62
      vertex -55.8014 -42.5007 0.62
    endloop
  endfacet
  facet normal -0 0 1
    outer loop
      vertex -56.4613 -41.266 0.62
      vertex -55.8014 -42.5007 0.62
      vertex -56.1863 -41.136 0.62
    endloop
  endfacet
  facet normal 0 0 1
    outer loop
      vertex -55.8014 -42.5007 0.62
      vertex -56.4613 -41.266 0.62
      vertex -55.9445 -42.5865 0.62
    endloop
  endfacet
  facet normal -0 0 1
    outer loop
      vertex -56.7223 -41.4224 0.62
      vertex -55.9445 -42.5865 0.62
      vertex -56.4613 -41.266 0.62
    endloop
  endfacet
  facet normal 0 0 1
    outer loop
      vertex -55.9445 -42.5865 0.62
      vertex -56.7223 -41.4224 0.62
      vertex -56.0785 -42.6859 0.62
    endloop
  endfacet
  facet normal -0 0 1
    outer loop
      vertex -56.9666 -41.6037 0.62
      vertex -56.0785 -42.6859 0.62
      vertex -56.7223 -41.4224 0.62
    endloop
  endfacet
  facet normal 0 0 1
    outer loop
      vertex -56.0785 -42.6859 0.62
      vertex -56.9666 -41.6037 0.62
      vertex -56.2021 -42.7979 0.62
    endloop
  endfacet
  facet normal -0 0 1
    outer loop
      vertex -57.192 -41.808 0.62
      vertex -56.2021 -42.7979 0.62
      vertex -56.9666 -41.6037 0.62
    endloop
  endfacet
  facet normal 0 0 1
    outer loop
      vertex -56.2021 -42.7979 0.62
      vertex -57.192 -41.808 0.62
      vertex -56.3141 -42.9215 0.62
    endloop
  endfacet
  facet normal -0 0 1
    outer loop
      vertex -57.3963 -42.0334 0.62
      vertex -56.3141 -42.9215 0.62
      vertex -57.192 -41.808 0.62
    endloop
  endfacet
  facet normal 0 0 1
    outer loop
      vertex -56.3141 -42.9215 0.62
      vertex -57.3963 -42.0334 0.62
      vertex -56.4135 -43.0555 0.62
    endloop
  endfacet
  facet normal -0 0 1
    outer loop
      vertex -57.5776 -42.2777 0.62
      vertex -56.4135 -43.0555 0.62
      vertex -57.3963 -42.0334 0.62
    endloop
  endfacet
  facet normal -0 0 1
    outer loop
      vertex -57.734 -42.5387 0.62
      vertex -56.4993 -43.1986 0.62
      vertex -57.5776 -42.2777 0.62
    endloop
  endfacet
  facet normal 0 0 1
    outer loop
      vertex -56.4135 -43.0555 0.62
      vertex -57.5776 -42.2777 0.62
      vertex -56.4993 -43.1986 0.62
    endloop
  endfacet
  facet normal 0 0 1
    outer loop
      vertex -52.266 -45.4613 0.62
      vertex -53.5007 -44.8014 0.62
      vertex -52.4224 -45.7223 0.62
    endloop
  endfacet
  facet normal -0 0 1
    outer loop
      vertex -53.5865 -44.9445 0.62
      vertex -52.4224 -45.7223 0.62
      vertex -53.5007 -44.8014 0.62
    endloop
  endfacet
  facet normal 0 0 1
    outer loop
      vertex -52.4224 -45.7223 0.62
      vertex -53.5865 -44.9445 0.62
      vertex -52.6037 -45.9666 0.62
    endloop
  endfacet
  facet normal -0 0 1
    outer loop
      vertex -53.6859 -45.0785 0.62
      vertex -52.6037 -45.9666 0.62
      vertex -53.5865 -44.9445 0.62
    endloop
  endfacet
  facet normal 0 0 1
    outer loop
      vertex -52.6037 -45.9666 0.62
      vertex -53.6859 -45.0785 0.62
      vertex -52.808 -46.192 0.62
    endloop
  endfacet
  facet normal -0 0 1
    outer loop
      vertex -53.7979 -45.2021 0.62
      vertex -52.808 -46.192 0.62
      vertex -53.6859 -45.0785 0.62
    endloop
  endfacet
  facet normal 0 0 1
    outer loop
      vertex -52.808 -46.192 0.62
      vertex -53.7979 -45.2021 0.62
      vertex -53.0334 -46.3963 0.62
    endloop
  endfacet
  facet normal -0 0 1
    outer loop
      vertex -53.9215 -45.3141 0.62
      vertex -53.0334 -46.3963 0.62
      vertex -53.7979 -45.2021 0.62
    endloop
  endfacet
  facet normal 0 0 1
    outer loop
      vertex -53.0334 -46.3963 0.62
      vertex -53.9215 -45.3141 0.62
      vertex -53.2777 -46.5776 0.62
    endloop
  endfacet
  facet normal -0 0 1
    outer loop
      vertex -54.0555 -45.4135 0.62
      vertex -53.2777 -46.5776 0.62
      vertex -53.9215 -45.3141 0.62
    endloop
  endfacet
  facet normal 0 0 1
    outer loop
      vertex -53.2777 -46.5776 0.62
      vertex -54.0555 -45.4135 0.62
      vertex -53.5387 -46.734 0.62
    endloop
  endfacet
  facet normal -0 0 1
    outer loop
      vertex -54.1986 -45.4993 0.62
      vertex -53.5387 -46.734 0.62
      vertex -54.0555 -45.4135 0.62
    endloop
  endfacet
  facet normal 0 0 1
    outer loop
      vertex -53.5387 -46.734 0.62
      vertex -54.1986 -45.4993 0.62
      vertex -53.8137 -46.864 0.62
    endloop
  endfacet
  facet normal -0 0 1
    outer loop
      vertex -54.3494 -45.5706 0.62
      vertex -53.8137 -46.864 0.62
      vertex -54.1986 -45.4993 0.62
    endloop
  endfacet
  facet normal 0 0 1
    outer loop
      vertex -53.8137 -46.864 0.62
      vertex -54.3494 -45.5706 0.62
      vertex -54.1001 -46.9665 0.62
    endloop
  endfacet
  facet normal -0 0 1
    outer loop
      vertex -54.5065 -45.6268 0.62
      vertex -54.1001 -46.9665 0.62
      vertex -54.3494 -45.5706 0.62
    endloop
  endfacet
  facet normal 0 0 1
    outer loop
      vertex -54.1001 -46.9665 0.62
      vertex -54.5065 -45.6268 0.62
      vertex -54.3952 -47.0404 0.62
    endloop
  endfacet
  facet normal -0 0 1
    outer loop
      vertex -54.6683 -45.6673 0.62
      vertex -54.3952 -47.0404 0.62
      vertex -54.5065 -45.6268 0.62
    endloop
  endfacet
  facet normal 0 0 1
    outer loop
      vertex -54.6683 -45.6673 0.62
      vertex -54.6961 -47.0851 0.62
      vertex -54.3952 -47.0404 0.62
    endloop
  endfacet
  facet normal -0 0 1
    outer loop
      vertex -54.8334 -45.6918 0.62
      vertex -54.6961 -47.0851 0.62
      vertex -54.6683 -45.6673 0.62
    endloop
  endfacet
  facet normal -0 0 1
    outer loop
      vertex -55 -45.7 0.62
      vertex -54.6961 -47.0851 0.62
      vertex -54.8334 -45.6918 0.62
    endloop
  endfacet
  facet normal 0 0 1
    outer loop
      vertex -55 -45.7 0.62
      vertex -55 -47.1 0.62
      vertex -54.6961 -47.0851 0.62
    endloop
  endfacet
  facet normal 0 0 1
    outer loop
      vertex -55.1666 -45.6918 0.62
      vertex -55 -47.1 0.62
      vertex -55 -45.7 0.62
    endloop
  endfacet
  facet normal 0 0 1
    outer loop
      vertex -55.1666 -45.6918 0.62
      vertex -55.3039 -47.0851 0.62
      vertex -55 -47.1 0.62
    endloop
  endfacet
  facet normal 0 0 1
    outer loop
      vertex -55.3317 -45.6673 0.62
      vertex -55.3039 -47.0851 0.62
      vertex -55.1666 -45.6918 0.62
    endloop
  endfacet
  facet normal 0 0 1
    outer loop
      vertex -55.6048 -47.0404 0.62
      vertex -55.3317 -45.6673 0.62
      vertex -55.4935 -45.6268 0.62
    endloop
  endfacet
  facet normal 0 0 1
    outer loop
      vertex -55.3317 -45.6673 0.62
      vertex -55.6048 -47.0404 0.62
      vertex -55.3039 -47.0851 0.62
    endloop
  endfacet
  facet normal 0 0 1
    outer loop
      vertex -55.8999 -46.9665 0.62
      vertex -55.4935 -45.6268 0.62
      vertex -55.6506 -45.5706 0.62
    endloop
  endfacet
  facet normal 0 0 1
    outer loop
      vertex -56.1863 -46.864 0.62
      vertex -55.6506 -45.5706 0.62
      vertex -55.8014 -45.4993 0.62
    endloop
  endfacet
  facet normal 0 0 1
    outer loop
      vertex -55.4935 -45.6268 0.62
      vertex -55.8999 -46.9665 0.62
      vertex -55.6048 -47.0404 0.62
    endloop
  endfacet
  facet normal 0 0 1
    outer loop
      vertex -56.4613 -46.734 0.62
      vertex -55.8014 -45.4993 0.62
      vertex -55.9445 -45.4135 0.62
    endloop
  endfacet
  facet normal 0 0 1
    outer loop
      vertex -56.7223 -46.5776 0.62
      vertex -55.9445 -45.4135 0.62
      vertex -56.0785 -45.3141 0.62
    endloop
  endfacet
  facet normal 0 0 1
    outer loop
      vertex -55.6506 -45.5706 0.62
      vertex -56.1863 -46.864 0.62
      vertex -55.8999 -46.9665 0.62
    endloop
  endfacet
  facet normal 0 0 1
    outer loop
      vertex -56.9666 -46.3963 0.62
      vertex -56.0785 -45.3141 0.62
      vertex -56.2021 -45.2021 0.62
    endloop
  endfacet
  facet normal 0 0 1
    outer loop
      vertex -57.192 -46.192 0.62
      vertex -56.2021 -45.2021 0.62
      vertex -56.3141 -45.0785 0.62
    endloop
  endfacet
  facet normal 0 0 1
    outer loop
      vertex -57.3963 -45.9666 0.62
      vertex -56.3141 -45.0785 0.62
      vertex -56.4135 -44.9445 0.62
    endloop
  endfacet
  facet normal 0 0 1
    outer loop
      vertex -55.8014 -45.4993 0.62
      vertex -56.4613 -46.734 0.62
      vertex -56.1863 -46.864 0.62
    endloop
  endfacet
  facet normal 0 0 1
    outer loop
      vertex -57.5776 -45.7223 0.62
      vertex -56.4135 -44.9445 0.62
      vertex -56.4993 -44.8014 0.62
    endloop
  endfacet
  facet normal 0 0 1
    outer loop
      vertex -57.734 -45.4613 0.62
      vertex -56.4993 -44.8014 0.62
      vertex -56.5706 -44.6506 0.62
    endloop
  endfacet
  facet normal 0 0 1
    outer loop
      vertex -57.864 -45.1863 0.62
      vertex -56.5706 -44.6506 0.62
      vertex -56.6268 -44.4935 0.62
    endloop
  endfacet
  facet normal 0 0 1
    outer loop
      vertex -57.9665 -44.8999 0.62
      vertex -56.6268 -44.4935 0.62
      vertex -56.6673 -44.3317 0.62
    endloop
  endfacet
  facet normal 0 0 1
    outer loop
      vertex -58.0404 -44.6048 0.62
      vertex -56.6673 -44.3317 0.62
      vertex -56.6918 -44.1666 0.62
    endloop
  endfacet
  facet normal 0 0 1
    outer loop
      vertex -55.9445 -45.4135 0.62
      vertex -56.7223 -46.5776 0.62
      vertex -56.4613 -46.734 0.62
    endloop
  endfacet
  facet normal 0 0 1
    outer loop
      vertex -58.0851 -44.3039 0.62
      vertex -56.6918 -44.1666 0.62
      vertex -56.7 -44 0.62
    endloop
  endfacet
  facet normal 0 0 1
    outer loop
      vertex -56.4993 -43.1986 0.62
      vertex -57.734 -42.5387 0.62
      vertex -56.5706 -43.3494 0.62
    endloop
  endfacet
  facet normal -0 0 1
    outer loop
      vertex -57.864 -42.8137 0.62
      vertex -56.5706 -43.3494 0.62
      vertex -57.734 -42.5387 0.62
    endloop
  endfacet
  facet normal 0 0 1
    outer loop
      vertex -56.0785 -45.3141 0.62
      vertex -56.9666 -46.3963 0.62
      vertex -56.7223 -46.5776 0.62
    endloop
  endfacet
  facet normal 0 0 1
    outer loop
      vertex -56.5706 -43.3494 0.62
      vertex -57.864 -42.8137 0.62
      vertex -56.6268 -43.5065 0.62
    endloop
  endfacet
  facet normal 0 0 1
    outer loop
      vertex -56.2021 -45.2021 0.62
      vertex -57.192 -46.192 0.62
      vertex -56.9666 -46.3963 0.62
    endloop
  endfacet
  facet normal -0 0 1
    outer loop
      vertex -57.9665 -43.1001 0.62
      vertex -56.6268 -43.5065 0.62
      vertex -57.864 -42.8137 0.62
    endloop
  endfacet
  facet normal 0 0 1
    outer loop
      vertex -56.3141 -45.0785 0.62
      vertex -57.3963 -45.9666 0.62
      vertex -57.192 -46.192 0.62
    endloop
  endfacet
  facet normal 0 0 1
    outer loop
      vertex -56.6268 -43.5065 0.62
      vertex -57.9665 -43.1001 0.62
      vertex -56.6673 -43.6683 0.62
    endloop
  endfacet
  facet normal 0 0 1
    outer loop
      vertex -56.4135 -44.9445 0.62
      vertex -57.5776 -45.7223 0.62
      vertex -57.3963 -45.9666 0.62
    endloop
  endfacet
  facet normal -0 0 1
    outer loop
      vertex -58.0404 -43.3952 0.62
      vertex -56.6673 -43.6683 0.62
      vertex -57.9665 -43.1001 0.62
    endloop
  endfacet
  facet normal 0 0 1
    outer loop
      vertex -56.4993 -44.8014 0.62
      vertex -57.734 -45.4613 0.62
      vertex -57.5776 -45.7223 0.62
    endloop
  endfacet
  facet normal 0 0 1
    outer loop
      vertex -56.6673 -43.6683 0.62
      vertex -58.0404 -43.3952 0.62
      vertex -56.6918 -43.8334 0.62
    endloop
  endfacet
  facet normal 0 0 1
    outer loop
      vertex -56.5706 -44.6506 0.62
      vertex -57.864 -45.1863 0.62
      vertex -57.734 -45.4613 0.62
    endloop
  endfacet
  facet normal -0 0 1
    outer loop
      vertex -58.0851 -43.6961 0.62
      vertex -56.6918 -43.8334 0.62
      vertex -58.0404 -43.3952 0.62
    endloop
  endfacet
  facet normal 0 0 1
    outer loop
      vertex -56.6268 -44.4935 0.62
      vertex -57.9665 -44.8999 0.62
      vertex -57.864 -45.1863 0.62
    endloop
  endfacet
  facet normal 0 0 1
    outer loop
      vertex -56.6918 -43.8334 0.62
      vertex -58.0851 -43.6961 0.62
      vertex -56.7 -44 0.62
    endloop
  endfacet
  facet normal 0 0 1
    outer loop
      vertex -56.6673 -44.3317 0.62
      vertex -58.0404 -44.6048 0.62
      vertex -57.9665 -44.8999 0.62
    endloop
  endfacet
  facet normal 0 0 1
    outer loop
      vertex -58.1 -44 0.62
      vertex -56.7 -44 0.62
      vertex -58.0851 -43.6961 0.62
    endloop
  endfacet
  facet normal 0 0 1
    outer loop
      vertex -56.6918 -44.1666 0.62
      vertex -58.0851 -44.3039 0.62
      vertex -58.0404 -44.6048 0.62
    endloop
  endfacet
  facet normal 0 0 1
    outer loop
      vertex -56.7 -44 0.62
      vertex -58.1 -44 0.62
      vertex -58.0851 -44.3039 0.62
    endloop
  endfacet
  facet normal -0.989168 -0.146788 0
    outer loop
      vertex -53.3082 44.1666 -0.0199995
      vertex -53.3327 44.3317 0.62
      vertex -53.3327 44.3317 -0.0199995
    endloop
  endfacet
  facet normal -0.989168 -0.146788 0
    outer loop
      vertex -53.3327 44.3317 0.62
      vertex -53.3082 44.1666 -0.0199995
      vertex -53.3082 44.1666 0.62
    endloop
  endfacet
  facet normal -0.989168 -0.146788 0
    outer loop
      vertex -53.3082 44.1666 2.62
      vertex -53.3327 44.3317 2.98
      vertex -53.3327 44.3317 2.62
    endloop
  endfacet
  facet normal -0.989168 -0.146788 0
    outer loop
      vertex -53.3327 44.3317 2.98
      vertex -53.3082 44.1666 2.62
      vertex -53.3082 44.1666 2.98
    endloop
  endfacet
  facet normal -0.998791 -0.0491602 0
    outer loop
      vertex -53.3 44 -0.0199995
      vertex -53.3082 44.1666 0.62
      vertex -53.3082 44.1666 -0.0199995
    endloop
  endfacet
  facet normal -0.998791 -0.0491602 0
    outer loop
      vertex -53.3082 44.1666 0.62
      vertex -53.3 44 -0.0199995
      vertex -53.3 44 0.62
    endloop
  endfacet
  facet normal -0.998791 -0.0491602 0
    outer loop
      vertex -53.3 44 2.62
      vertex -53.3082 44.1666 2.98
      vertex -53.3082 44.1666 2.62
    endloop
  endfacet
  facet normal -0.998791 -0.0491602 0
    outer loop
      vertex -53.3082 44.1666 2.98
      vertex -53.3 44 2.62
      vertex -53.3 44 2.98
    endloop
  endfacet
  facet normal -0.970072 -0.242818 0
    outer loop
      vertex -53.3327 44.3317 -0.0199995
      vertex -53.3732 44.4935 0.62
      vertex -53.3732 44.4935 -0.0199995
    endloop
  endfacet
  facet normal -0.970072 -0.242818 0
    outer loop
      vertex -53.3732 44.4935 0.62
      vertex -53.3327 44.3317 -0.0199995
      vertex -53.3327 44.3317 0.62
    endloop
  endfacet
  facet normal -0.970072 -0.242818 0
    outer loop
      vertex -53.3327 44.3317 2.62
      vertex -53.3732 44.4935 2.98
      vertex -53.3732 44.4935 2.62
    endloop
  endfacet
  facet normal -0.970072 -0.242818 0
    outer loop
      vertex -53.3732 44.4935 2.98
      vertex -53.3327 44.3317 2.62
      vertex -53.3327 44.3317 2.98
    endloop
  endfacet
  facet normal -0.427442 0.904043 0
    outer loop
      vertex -54.1986 42.5007 2.62
      vertex -54.3494 42.4294 2.98
      vertex -54.1986 42.5007 2.98
    endloop
  endfacet
  facet normal -0.427442 0.904043 0
    outer loop
      vertex -54.3494 42.4294 2.98
      vertex -54.1986 42.5007 2.62
      vertex -54.3494 42.4294 2.62
    endloop
  endfacet
  facet normal -0.427442 0.904043 0
    outer loop
      vertex -54.1986 42.5007 -0.0199995
      vertex -54.3494 42.4294 0.62
      vertex -54.1986 42.5007 0.62
    endloop
  endfacet
  facet normal -0.427442 0.904043 0
    outer loop
      vertex -54.3494 42.4294 0.62
      vertex -54.1986 42.5007 -0.0199995
      vertex -54.3494 42.4294 -0.0199995
    endloop
  endfacet
  facet normal 0.0491602 -0.998791 0
    outer loop
      vertex -55.1666 45.6918 -0.0199995
      vertex -55 45.7 0.62
      vertex -55.1666 45.6918 0.62
    endloop
  endfacet
  facet normal 0.0491602 -0.998791 0
    outer loop
      vertex -55 45.7 0.62
      vertex -55.1666 45.6918 -0.0199995
      vertex -55 45.7 -0.0199995
    endloop
  endfacet
  facet normal 0.0491602 -0.998791 0
    outer loop
      vertex -55.1666 45.6918 2.62
      vertex -55 45.7 2.98
      vertex -55.1666 45.6918 2.98
    endloop
  endfacet
  facet normal 0.0491602 -0.998791 0
    outer loop
      vertex -55 45.7 2.98
      vertex -55.1666 45.6918 2.62
      vertex -55 45.7 2.62
    endloop
  endfacet
  facet normal 0.427442 -0.904043 0
    outer loop
      vertex -55.8014 45.4993 -0.0199995
      vertex -55.6506 45.5706 0.62
      vertex -55.8014 45.4993 0.62
    endloop
  endfacet
  facet normal 0.427442 -0.904043 0
    outer loop
      vertex -55.6506 45.5706 0.62
      vertex -55.8014 45.4993 -0.0199995
      vertex -55.6506 45.5706 -0.0199995
    endloop
  endfacet
  facet normal 0.427442 -0.904043 0
    outer loop
      vertex -55.8014 45.4993 2.62
      vertex -55.6506 45.5706 2.98
      vertex -55.8014 45.4993 2.98
    endloop
  endfacet
  facet normal 0.427442 -0.904043 0
    outer loop
      vertex -55.6506 45.5706 2.98
      vertex -55.8014 45.4993 2.62
      vertex -55.6506 45.5706 2.62
    endloop
  endfacet
  facet normal -0.741024 -0.671478 0
    outer loop
      vertex -53.6859 45.0785 -0.0199995
      vertex -53.7979 45.2021 0.62
      vertex -53.7979 45.2021 -0.0199995
    endloop
  endfacet
  facet normal -0.741024 -0.671478 0
    outer loop
      vertex -53.7979 45.2021 0.62
      vertex -53.6859 45.0785 -0.0199995
      vertex -53.6859 45.0785 0.62
    endloop
  endfacet
  facet normal -0.741024 -0.671478 0
    outer loop
      vertex -53.6859 45.0785 2.62
      vertex -53.7979 45.2021 2.98
      vertex -53.7979 45.2021 2.62
    endloop
  endfacet
  facet normal -0.741024 -0.671478 0
    outer loop
      vertex -53.7979 45.2021 2.98
      vertex -53.6859 45.0785 2.62
      vertex -53.6859 45.0785 2.98
    endloop
  endfacet
  facet normal 0.146788 0.989168 -0
    outer loop
      vertex -55.1666 42.3082 2.62
      vertex -55.3317 42.3327 2.98
      vertex -55.1666 42.3082 2.98
    endloop
  endfacet
  facet normal 0.146788 0.989168 0
    outer loop
      vertex -55.3317 42.3327 2.98
      vertex -55.1666 42.3082 2.62
      vertex -55.3317 42.3327 2.62
    endloop
  endfacet
  facet normal 0.146788 0.989168 -0
    outer loop
      vertex -55.1666 42.3082 -0.0199995
      vertex -55.3317 42.3327 0.62
      vertex -55.1666 42.3082 0.62
    endloop
  endfacet
  facet normal 0.146788 0.989168 0
    outer loop
      vertex -55.3317 42.3327 0.62
      vertex -55.1666 42.3082 -0.0199995
      vertex -55.3317 42.3327 -0.0199995
    endloop
  endfacet
  facet normal -0.427442 -0.904043 0
    outer loop
      vertex -54.3494 45.5706 2.62
      vertex -54.1986 45.4993 2.98
      vertex -54.3494 45.5706 2.98
    endloop
  endfacet
  facet normal -0.427442 -0.904043 -0
    outer loop
      vertex -54.1986 45.4993 2.98
      vertex -54.3494 45.5706 2.62
      vertex -54.1986 45.4993 2.62
    endloop
  endfacet
  facet normal -0.427442 -0.904043 0
    outer loop
      vertex -54.3494 45.5706 -0.0199995
      vertex -54.1986 45.4993 0.62
      vertex -54.3494 45.5706 0.62
    endloop
  endfacet
  facet normal -0.427442 -0.904043 -0
    outer loop
      vertex -54.1986 45.4993 0.62
      vertex -54.3494 45.5706 -0.0199995
      vertex -54.1986 45.4993 -0.0199995
    endloop
  endfacet
  facet normal 0.146788 -0.989168 0
    outer loop
      vertex -55.3317 45.6673 -0.0199995
      vertex -55.1666 45.6918 0.62
      vertex -55.3317 45.6673 0.62
    endloop
  endfacet
  facet normal 0.146788 -0.989168 0
    outer loop
      vertex -55.1666 45.6918 0.62
      vertex -55.3317 45.6673 -0.0199995
      vertex -55.1666 45.6918 -0.0199995
    endloop
  endfacet
  facet normal 0.146788 -0.989168 0
    outer loop
      vertex -55.3317 45.6673 2.62
      vertex -55.1666 45.6918 2.98
      vertex -55.3317 45.6673 2.98
    endloop
  endfacet
  facet normal 0.146788 -0.989168 0
    outer loop
      vertex -55.1666 45.6918 2.98
      vertex -55.3317 45.6673 2.62
      vertex -55.1666 45.6918 2.62
    endloop
  endfacet
  facet normal -0.242818 0.970072 0
    outer loop
      vertex -54.5065 42.3732 -0.0199995
      vertex -54.6683 42.3327 0.62
      vertex -54.5065 42.3732 0.62
    endloop
  endfacet
  facet normal -0.242818 0.970072 0
    outer loop
      vertex -54.6683 42.3327 0.62
      vertex -54.5065 42.3732 -0.0199995
      vertex -54.6683 42.3327 -0.0199995
    endloop
  endfacet
  facet normal -0.242818 0.970072 0
    outer loop
      vertex -54.5065 42.3732 2.62
      vertex -54.6683 42.3327 2.98
      vertex -54.5065 42.3732 2.98
    endloop
  endfacet
  facet normal -0.242818 0.970072 0
    outer loop
      vertex -54.6683 42.3327 2.98
      vertex -54.5065 42.3732 2.62
      vertex -54.6683 42.3327 2.62
    endloop
  endfacet
  facet normal 0.595772 -0.803154 0
    outer loop
      vertex -56.0785 45.3141 2.62
      vertex -55.9445 45.4135 2.98
      vertex -56.0785 45.3141 2.98
    endloop
  endfacet
  facet normal 0.595772 -0.803154 0
    outer loop
      vertex -55.9445 45.4135 2.98
      vertex -56.0785 45.3141 2.62
      vertex -55.9445 45.4135 2.62
    endloop
  endfacet
  facet normal 0.595772 -0.803154 0
    outer loop
      vertex -56.0785 45.3141 -0.0199995
      vertex -55.9445 45.4135 0.62
      vertex -56.0785 45.3141 0.62
    endloop
  endfacet
  facet normal 0.595772 -0.803154 0
    outer loop
      vertex -55.9445 45.4135 0.62
      vertex -56.0785 45.3141 -0.0199995
      vertex -55.9445 45.4135 -0.0199995
    endloop
  endfacet
  facet normal 0.904043 -0.427442 0
    outer loop
      vertex -56.5706 44.6506 0.62
      vertex -56.4993 44.8014 -0.0199995
      vertex -56.4993 44.8014 0.62
    endloop
  endfacet
  facet normal 0.904043 -0.427442 0
    outer loop
      vertex -56.4993 44.8014 -0.0199995
      vertex -56.5706 44.6506 0.62
      vertex -56.5706 44.6506 -0.0199995
    endloop
  endfacet
  facet normal 0.904043 -0.427442 0
    outer loop
      vertex -56.5706 44.6506 2.98
      vertex -56.4993 44.8014 2.62
      vertex -56.4993 44.8014 2.98
    endloop
  endfacet
  facet normal 0.904043 -0.427442 0
    outer loop
      vertex -56.4993 44.8014 2.62
      vertex -56.5706 44.6506 2.98
      vertex -56.5706 44.6506 2.62
    endloop
  endfacet
  facet normal 0.427442 0.904043 -0
    outer loop
      vertex -55.6506 42.4294 -0.0199995
      vertex -55.8014 42.5007 0.62
      vertex -55.6506 42.4294 0.62
    endloop
  endfacet
  facet normal 0.427442 0.904043 0
    outer loop
      vertex -55.8014 42.5007 0.62
      vertex -55.6506 42.4294 -0.0199995
      vertex -55.8014 42.5007 -0.0199995
    endloop
  endfacet
  facet normal 0.427442 0.904043 -0
    outer loop
      vertex -55.6506 42.4294 2.62
      vertex -55.8014 42.5007 2.98
      vertex -55.6506 42.4294 2.98
    endloop
  endfacet
  facet normal 0.427442 0.904043 0
    outer loop
      vertex -55.8014 42.5007 2.98
      vertex -55.6506 42.4294 2.62
      vertex -55.8014 42.5007 2.62
    endloop
  endfacet
  facet normal 0.595772 0.803154 -0
    outer loop
      vertex -55.9445 42.5865 -0.0199995
      vertex -56.0785 42.6859 0.62
      vertex -55.9445 42.5865 0.62
    endloop
  endfacet
  facet normal 0.595772 0.803154 0
    outer loop
      vertex -56.0785 42.6859 0.62
      vertex -55.9445 42.5865 -0.0199995
      vertex -56.0785 42.6859 -0.0199995
    endloop
  endfacet
  facet normal 0.595772 0.803154 -0
    outer loop
      vertex -55.9445 42.5865 2.62
      vertex -56.0785 42.6859 2.98
      vertex -55.9445 42.5865 2.98
    endloop
  endfacet
  facet normal 0.595772 0.803154 0
    outer loop
      vertex -56.0785 42.6859 2.98
      vertex -55.9445 42.5865 2.62
      vertex -56.0785 42.6859 2.62
    endloop
  endfacet
  facet normal 0.904043 0.427442 0
    outer loop
      vertex -56.4993 43.1986 2.98
      vertex -56.5706 43.3494 2.62
      vertex -56.5706 43.3494 2.98
    endloop
  endfacet
  facet normal 0.904043 0.427442 0
    outer loop
      vertex -56.5706 43.3494 2.62
      vertex -56.4993 43.1986 2.98
      vertex -56.4993 43.1986 2.62
    endloop
  endfacet
  facet normal 0.904043 0.427442 0
    outer loop
      vertex -56.4993 43.1986 0.62
      vertex -56.5706 43.3494 -0.0199995
      vertex -56.5706 43.3494 0.62
    endloop
  endfacet
  facet normal 0.904043 0.427442 0
    outer loop
      vertex -56.5706 43.3494 -0.0199995
      vertex -56.4993 43.1986 0.62
      vertex -56.4993 43.1986 -0.0199995
    endloop
  endfacet
  facet normal -0.514231 -0.857652 0
    outer loop
      vertex -54.1986 45.4993 2.62
      vertex -54.0555 45.4135 2.98
      vertex -54.1986 45.4993 2.98
    endloop
  endfacet
  facet normal -0.514231 -0.857652 -0
    outer loop
      vertex -54.0555 45.4135 2.98
      vertex -54.1986 45.4993 2.62
      vertex -54.0555 45.4135 2.62
    endloop
  endfacet
  facet normal -0.514231 -0.857652 0
    outer loop
      vertex -54.1986 45.4993 -0.0199995
      vertex -54.0555 45.4135 0.62
      vertex -54.1986 45.4993 0.62
    endloop
  endfacet
  facet normal -0.514231 -0.857652 -0
    outer loop
      vertex -54.0555 45.4135 0.62
      vertex -54.1986 45.4993 -0.0199995
      vertex -54.0555 45.4135 -0.0199995
    endloop
  endfacet
  facet normal 0.998791 0.0491602 0
    outer loop
      vertex -56.6918 43.8334 0.62
      vertex -56.7 44 -0.0199995
      vertex -56.7 44 0.62
    endloop
  endfacet
  facet normal 0.998791 0.0491602 0
    outer loop
      vertex -56.7 44 -0.0199995
      vertex -56.6918 43.8334 0.62
      vertex -56.6918 43.8334 -0.0199995
    endloop
  endfacet
  facet normal 0.998791 0.0491602 0
    outer loop
      vertex -56.6918 43.8334 2.98
      vertex -56.7 44 2.62
      vertex -56.7 44 2.98
    endloop
  endfacet
  facet normal 0.998791 0.0491602 0
    outer loop
      vertex -56.7 44 2.62
      vertex -56.6918 43.8334 2.98
      vertex -56.6918 43.8334 2.62
    endloop
  endfacet
  facet normal 0.33683 0.941566 -0
    outer loop
      vertex -55.4935 42.3732 -0.0199995
      vertex -55.6506 42.4294 0.62
      vertex -55.4935 42.3732 0.62
    endloop
  endfacet
  facet normal 0.33683 0.941566 0
    outer loop
      vertex -55.6506 42.4294 0.62
      vertex -55.4935 42.3732 -0.0199995
      vertex -55.6506 42.4294 -0.0199995
    endloop
  endfacet
  facet normal 0.33683 0.941566 -0
    outer loop
      vertex -55.4935 42.3732 2.62
      vertex -55.6506 42.4294 2.98
      vertex -55.4935 42.3732 2.98
    endloop
  endfacet
  facet normal 0.33683 0.941566 0
    outer loop
      vertex -55.6506 42.4294 2.98
      vertex -55.4935 42.3732 2.62
      vertex -55.6506 42.4294 2.62
    endloop
  endfacet
  facet normal -0.595772 -0.803154 0
    outer loop
      vertex -54.0555 45.4135 2.62
      vertex -53.9215 45.3141 2.98
      vertex -54.0555 45.4135 2.98
    endloop
  endfacet
  facet normal -0.595772 -0.803154 -0
    outer loop
      vertex -53.9215 45.3141 2.98
      vertex -54.0555 45.4135 2.62
      vertex -53.9215 45.3141 2.62
    endloop
  endfacet
  facet normal -0.595772 -0.803154 0
    outer loop
      vertex -54.0555 45.4135 -0.0199995
      vertex -53.9215 45.3141 0.62
      vertex -54.0555 45.4135 0.62
    endloop
  endfacet
  facet normal -0.595772 -0.803154 -0
    outer loop
      vertex -53.9215 45.3141 0.62
      vertex -54.0555 45.4135 -0.0199995
      vertex -53.9215 45.3141 -0.0199995
    endloop
  endfacet
  facet normal -0.970072 0.242818 0
    outer loop
      vertex -53.3732 43.5065 2.62
      vertex -53.3327 43.6683 2.98
      vertex -53.3327 43.6683 2.62
    endloop
  endfacet
  facet normal -0.970072 0.242818 0
    outer loop
      vertex -53.3327 43.6683 2.98
      vertex -53.3732 43.5065 2.62
      vertex -53.3732 43.5065 2.98
    endloop
  endfacet
  facet normal -0.970072 0.242818 0
    outer loop
      vertex -53.3732 43.5065 -0.0199995
      vertex -53.3327 43.6683 0.62
      vertex -53.3327 43.6683 -0.0199995
    endloop
  endfacet
  facet normal -0.970072 0.242818 0
    outer loop
      vertex -53.3327 43.6683 0.62
      vertex -53.3732 43.5065 -0.0199995
      vertex -53.3732 43.5065 0.62
    endloop
  endfacet
  facet normal 0.941566 0.33683 0
    outer loop
      vertex -56.5706 43.3494 0.62
      vertex -56.6268 43.5065 -0.0199995
      vertex -56.6268 43.5065 0.62
    endloop
  endfacet
  facet normal 0.941566 0.33683 0
    outer loop
      vertex -56.6268 43.5065 -0.0199995
      vertex -56.5706 43.3494 0.62
      vertex -56.5706 43.3494 -0.0199995
    endloop
  endfacet
  facet normal 0.941566 0.33683 0
    outer loop
      vertex -56.5706 43.3494 2.98
      vertex -56.6268 43.5065 2.62
      vertex -56.6268 43.5065 2.98
    endloop
  endfacet
  facet normal 0.941566 0.33683 0
    outer loop
      vertex -56.6268 43.5065 2.62
      vertex -56.5706 43.3494 2.98
      vertex -56.5706 43.3494 2.62
    endloop
  endfacet
  facet normal -0.242818 -0.970072 0
    outer loop
      vertex -54.6683 45.6673 2.62
      vertex -54.5065 45.6268 2.98
      vertex -54.6683 45.6673 2.98
    endloop
  endfacet
  facet normal -0.242818 -0.970072 -0
    outer loop
      vertex -54.5065 45.6268 2.98
      vertex -54.6683 45.6673 2.62
      vertex -54.5065 45.6268 2.62
    endloop
  endfacet
  facet normal -0.242818 -0.970072 0
    outer loop
      vertex -54.6683 45.6673 -0.0199995
      vertex -54.5065 45.6268 0.62
      vertex -54.6683 45.6673 0.62
    endloop
  endfacet
  facet normal -0.242818 -0.970072 -0
    outer loop
      vertex -54.5065 45.6268 0.62
      vertex -54.6683 45.6673 -0.0199995
      vertex -54.5065 45.6268 -0.0199995
    endloop
  endfacet
  facet normal 0.741024 -0.671478 0
    outer loop
      vertex -56.3141 45.0785 2.98
      vertex -56.2021 45.2021 2.62
      vertex -56.2021 45.2021 2.98
    endloop
  endfacet
  facet normal 0.741024 -0.671478 0
    outer loop
      vertex -56.2021 45.2021 2.62
      vertex -56.3141 45.0785 2.98
      vertex -56.3141 45.0785 2.62
    endloop
  endfacet
  facet normal 0.741024 -0.671478 0
    outer loop
      vertex -56.3141 45.0785 0.62
      vertex -56.2021 45.2021 -0.0199995
      vertex -56.2021 45.2021 0.62
    endloop
  endfacet
  facet normal 0.741024 -0.671478 0
    outer loop
      vertex -56.2021 45.2021 -0.0199995
      vertex -56.3141 45.0785 0.62
      vertex -56.3141 45.0785 -0.0199995
    endloop
  endfacet
  facet normal -0.0491602 0.998791 0
    outer loop
      vertex -54.8334 42.3082 -0.0199995
      vertex -55 42.3 0.62
      vertex -54.8334 42.3082 0.62
    endloop
  endfacet
  facet normal -0.0491602 0.998791 0
    outer loop
      vertex -55 42.3 0.62
      vertex -54.8334 42.3082 -0.0199995
      vertex -55 42.3 -0.0199995
    endloop
  endfacet
  facet normal -0.0491602 0.998791 0
    outer loop
      vertex -54.8334 42.3082 2.62
      vertex -55 42.3 2.98
      vertex -54.8334 42.3082 2.98
    endloop
  endfacet
  facet normal -0.0491602 0.998791 0
    outer loop
      vertex -55 42.3 2.98
      vertex -54.8334 42.3082 2.62
      vertex -55 42.3 2.62
    endloop
  endfacet
  facet normal -0.803154 -0.595772 0
    outer loop
      vertex -53.5865 44.9445 2.62
      vertex -53.6859 45.0785 2.98
      vertex -53.6859 45.0785 2.62
    endloop
  endfacet
  facet normal -0.803154 -0.595772 0
    outer loop
      vertex -53.6859 45.0785 2.98
      vertex -53.5865 44.9445 2.62
      vertex -53.5865 44.9445 2.98
    endloop
  endfacet
  facet normal -0.803154 -0.595772 0
    outer loop
      vertex -53.5865 44.9445 -0.0199995
      vertex -53.6859 45.0785 0.62
      vertex -53.6859 45.0785 -0.0199995
    endloop
  endfacet
  facet normal -0.803154 -0.595772 0
    outer loop
      vertex -53.6859 45.0785 0.62
      vertex -53.5865 44.9445 -0.0199995
      vertex -53.5865 44.9445 0.62
    endloop
  endfacet
  facet normal 0.970072 0.242818 0
    outer loop
      vertex -56.6268 43.5065 0.62
      vertex -56.6673 43.6683 -0.0199995
      vertex -56.6673 43.6683 0.62
    endloop
  endfacet
  facet normal 0.970072 0.242818 0
    outer loop
      vertex -56.6673 43.6683 -0.0199995
      vertex -56.6268 43.5065 0.62
      vertex -56.6268 43.5065 -0.0199995
    endloop
  endfacet
  facet normal 0.970072 0.242818 0
    outer loop
      vertex -56.6268 43.5065 2.98
      vertex -56.6673 43.6683 2.62
      vertex -56.6673 43.6683 2.98
    endloop
  endfacet
  facet normal 0.970072 0.242818 0
    outer loop
      vertex -56.6673 43.6683 2.62
      vertex -56.6268 43.5065 2.98
      vertex -56.6268 43.5065 2.62
    endloop
  endfacet
  facet normal -0.989168 0.146788 0
    outer loop
      vertex -53.3327 43.6683 -0.0199995
      vertex -53.3082 43.8334 0.62
      vertex -53.3082 43.8334 -0.0199995
    endloop
  endfacet
  facet normal -0.989168 0.146788 0
    outer loop
      vertex -53.3082 43.8334 0.62
      vertex -53.3327 43.6683 -0.0199995
      vertex -53.3327 43.6683 0.62
    endloop
  endfacet
  facet normal -0.989168 0.146788 0
    outer loop
      vertex -53.3327 43.6683 2.62
      vertex -53.3082 43.8334 2.98
      vertex -53.3082 43.8334 2.62
    endloop
  endfacet
  facet normal -0.989168 0.146788 0
    outer loop
      vertex -53.3082 43.8334 2.98
      vertex -53.3327 43.6683 2.62
      vertex -53.3327 43.6683 2.98
    endloop
  endfacet
  facet normal -0.514231 0.857652 0
    outer loop
      vertex -54.0555 42.5865 2.62
      vertex -54.1986 42.5007 2.98
      vertex -54.0555 42.5865 2.98
    endloop
  endfacet
  facet normal -0.514231 0.857652 0
    outer loop
      vertex -54.1986 42.5007 2.98
      vertex -54.0555 42.5865 2.62
      vertex -54.1986 42.5007 2.62
    endloop
  endfacet
  facet normal -0.514231 0.857652 0
    outer loop
      vertex -54.0555 42.5865 -0.0199995
      vertex -54.1986 42.5007 0.62
      vertex -54.0555 42.5865 0.62
    endloop
  endfacet
  facet normal -0.514231 0.857652 0
    outer loop
      vertex -54.1986 42.5007 0.62
      vertex -54.0555 42.5865 -0.0199995
      vertex -54.1986 42.5007 -0.0199995
    endloop
  endfacet
  facet normal 0.941566 -0.33683 0
    outer loop
      vertex -56.6268 44.4935 2.98
      vertex -56.5706 44.6506 2.62
      vertex -56.5706 44.6506 2.98
    endloop
  endfacet
  facet normal 0.941566 -0.33683 0
    outer loop
      vertex -56.5706 44.6506 2.62
      vertex -56.6268 44.4935 2.98
      vertex -56.6268 44.4935 2.62
    endloop
  endfacet
  facet normal 0.941566 -0.33683 0
    outer loop
      vertex -56.6268 44.4935 0.62
      vertex -56.5706 44.6506 -0.0199995
      vertex -56.5706 44.6506 0.62
    endloop
  endfacet
  facet normal 0.941566 -0.33683 0
    outer loop
      vertex -56.5706 44.6506 -0.0199995
      vertex -56.6268 44.4935 0.62
      vertex -56.6268 44.4935 -0.0199995
    endloop
  endfacet
  facet normal -0.671478 -0.741024 0
    outer loop
      vertex -53.9215 45.3141 -0.0199995
      vertex -53.7979 45.2021 0.62
      vertex -53.9215 45.3141 0.62
    endloop
  endfacet
  facet normal -0.671478 -0.741024 -0
    outer loop
      vertex -53.7979 45.2021 0.62
      vertex -53.9215 45.3141 -0.0199995
      vertex -53.7979 45.2021 -0.0199995
    endloop
  endfacet
  facet normal -0.671478 -0.741024 0
    outer loop
      vertex -53.9215 45.3141 2.62
      vertex -53.7979 45.2021 2.98
      vertex -53.9215 45.3141 2.98
    endloop
  endfacet
  facet normal -0.671478 -0.741024 -0
    outer loop
      vertex -53.7979 45.2021 2.98
      vertex -53.9215 45.3141 2.62
      vertex -53.7979 45.2021 2.62
    endloop
  endfacet
  facet normal 0.989168 -0.146788 0
    outer loop
      vertex -56.6918 44.1666 2.98
      vertex -56.6673 44.3317 2.62
      vertex -56.6673 44.3317 2.98
    endloop
  endfacet
  facet normal 0.989168 -0.146788 0
    outer loop
      vertex -56.6673 44.3317 2.62
      vertex -56.6918 44.1666 2.98
      vertex -56.6918 44.1666 2.62
    endloop
  endfacet
  facet normal 0.989168 -0.146788 0
    outer loop
      vertex -56.6918 44.1666 0.62
      vertex -56.6673 44.3317 -0.0199995
      vertex -56.6673 44.3317 0.62
    endloop
  endfacet
  facet normal 0.989168 -0.146788 0
    outer loop
      vertex -56.6673 44.3317 -0.0199995
      vertex -56.6918 44.1666 0.62
      vertex -56.6918 44.1666 -0.0199995
    endloop
  endfacet
  facet normal -0.904043 0.427442 0
    outer loop
      vertex -53.5007 43.1986 2.62
      vertex -53.4294 43.3494 2.98
      vertex -53.4294 43.3494 2.62
    endloop
  endfacet
  facet normal -0.904043 0.427442 0
    outer loop
      vertex -53.4294 43.3494 2.98
      vertex -53.5007 43.1986 2.62
      vertex -53.5007 43.1986 2.98
    endloop
  endfacet
  facet normal -0.904043 0.427442 0
    outer loop
      vertex -53.5007 43.1986 -0.0199995
      vertex -53.4294 43.3494 0.62
      vertex -53.4294 43.3494 -0.0199995
    endloop
  endfacet
  facet normal -0.904043 0.427442 0
    outer loop
      vertex -53.4294 43.3494 0.62
      vertex -53.5007 43.1986 -0.0199995
      vertex -53.5007 43.1986 0.62
    endloop
  endfacet
  facet normal -0.33683 -0.941566 0
    outer loop
      vertex -54.5065 45.6268 2.62
      vertex -54.3494 45.5706 2.98
      vertex -54.5065 45.6268 2.98
    endloop
  endfacet
  facet normal -0.33683 -0.941566 -0
    outer loop
      vertex -54.3494 45.5706 2.98
      vertex -54.5065 45.6268 2.62
      vertex -54.3494 45.5706 2.62
    endloop
  endfacet
  facet normal -0.33683 -0.941566 0
    outer loop
      vertex -54.5065 45.6268 -0.0199995
      vertex -54.3494 45.5706 0.62
      vertex -54.5065 45.6268 0.62
    endloop
  endfacet
  facet normal -0.33683 -0.941566 -0
    outer loop
      vertex -54.3494 45.5706 0.62
      vertex -54.5065 45.6268 -0.0199995
      vertex -54.3494 45.5706 -0.0199995
    endloop
  endfacet
  facet normal -0.998791 0.0491602 0
    outer loop
      vertex -53.3082 43.8334 2.62
      vertex -53.3 44 2.98
      vertex -53.3 44 2.62
    endloop
  endfacet
  facet normal -0.998791 0.0491602 0
    outer loop
      vertex -53.3 44 2.98
      vertex -53.3082 43.8334 2.62
      vertex -53.3082 43.8334 2.98
    endloop
  endfacet
  facet normal -0.998791 0.0491602 0
    outer loop
      vertex -53.3082 43.8334 -0.0199995
      vertex -53.3 44 0.62
      vertex -53.3 44 -0.0199995
    endloop
  endfacet
  facet normal -0.998791 0.0491602 0
    outer loop
      vertex -53.3 44 0.62
      vertex -53.3082 43.8334 -0.0199995
      vertex -53.3082 43.8334 0.62
    endloop
  endfacet
  facet normal -0.146788 0.989168 0
    outer loop
      vertex -54.6683 42.3327 2.62
      vertex -54.8334 42.3082 2.98
      vertex -54.6683 42.3327 2.98
    endloop
  endfacet
  facet normal -0.146788 0.989168 0
    outer loop
      vertex -54.8334 42.3082 2.98
      vertex -54.6683 42.3327 2.62
      vertex -54.8334 42.3082 2.62
    endloop
  endfacet
  facet normal -0.146788 0.989168 0
    outer loop
      vertex -54.6683 42.3327 -0.0199995
      vertex -54.8334 42.3082 0.62
      vertex -54.6683 42.3327 0.62
    endloop
  endfacet
  facet normal -0.146788 0.989168 0
    outer loop
      vertex -54.8334 42.3082 0.62
      vertex -54.6683 42.3327 -0.0199995
      vertex -54.8334 42.3082 -0.0199995
    endloop
  endfacet
  facet normal -0.941566 -0.33683 0
    outer loop
      vertex -53.3732 44.4935 -0.0199995
      vertex -53.4294 44.6506 0.62
      vertex -53.4294 44.6506 -0.0199995
    endloop
  endfacet
  facet normal -0.941566 -0.33683 0
    outer loop
      vertex -53.4294 44.6506 0.62
      vertex -53.3732 44.4935 -0.0199995
      vertex -53.3732 44.4935 0.62
    endloop
  endfacet
  facet normal -0.941566 -0.33683 0
    outer loop
      vertex -53.3732 44.4935 2.62
      vertex -53.4294 44.6506 2.98
      vertex -53.4294 44.6506 2.62
    endloop
  endfacet
  facet normal -0.941566 -0.33683 0
    outer loop
      vertex -53.4294 44.6506 2.98
      vertex -53.3732 44.4935 2.62
      vertex -53.3732 44.4935 2.98
    endloop
  endfacet
  facet normal -0.803154 0.595772 0
    outer loop
      vertex -53.6859 42.9215 -0.0199995
      vertex -53.5865 43.0555 0.62
      vertex -53.5865 43.0555 -0.0199995
    endloop
  endfacet
  facet normal -0.803154 0.595772 0
    outer loop
      vertex -53.5865 43.0555 0.62
      vertex -53.6859 42.9215 -0.0199995
      vertex -53.6859 42.9215 0.62
    endloop
  endfacet
  facet normal -0.803154 0.595772 0
    outer loop
      vertex -53.6859 42.9215 2.62
      vertex -53.5865 43.0555 2.98
      vertex -53.5865 43.0555 2.62
    endloop
  endfacet
  facet normal -0.803154 0.595772 0
    outer loop
      vertex -53.5865 43.0555 2.98
      vertex -53.6859 42.9215 2.62
      vertex -53.6859 42.9215 2.98
    endloop
  endfacet
  facet normal -0.857652 0.514231 0
    outer loop
      vertex -53.5865 43.0555 2.62
      vertex -53.5007 43.1986 2.98
      vertex -53.5007 43.1986 2.62
    endloop
  endfacet
  facet normal -0.857652 0.514231 0
    outer loop
      vertex -53.5007 43.1986 2.98
      vertex -53.5865 43.0555 2.62
      vertex -53.5865 43.0555 2.98
    endloop
  endfacet
  facet normal -0.857652 0.514231 0
    outer loop
      vertex -53.5865 43.0555 -0.0199995
      vertex -53.5007 43.1986 0.62
      vertex -53.5007 43.1986 -0.0199995
    endloop
  endfacet
  facet normal -0.857652 0.514231 0
    outer loop
      vertex -53.5007 43.1986 0.62
      vertex -53.5865 43.0555 -0.0199995
      vertex -53.5865 43.0555 0.62
    endloop
  endfacet
  facet normal 0.242818 -0.970072 0
    outer loop
      vertex -55.4935 45.6268 -0.0199995
      vertex -55.3317 45.6673 0.62
      vertex -55.4935 45.6268 0.62
    endloop
  endfacet
  facet normal 0.242818 -0.970072 0
    outer loop
      vertex -55.3317 45.6673 0.62
      vertex -55.4935 45.6268 -0.0199995
      vertex -55.3317 45.6673 -0.0199995
    endloop
  endfacet
  facet normal 0.242818 -0.970072 0
    outer loop
      vertex -55.4935 45.6268 2.62
      vertex -55.3317 45.6673 2.98
      vertex -55.4935 45.6268 2.98
    endloop
  endfacet
  facet normal 0.242818 -0.970072 0
    outer loop
      vertex -55.3317 45.6673 2.98
      vertex -55.4935 45.6268 2.62
      vertex -55.3317 45.6673 2.62
    endloop
  endfacet
  facet normal -0.941566 0.33683 0
    outer loop
      vertex -53.4294 43.3494 2.62
      vertex -53.3732 43.5065 2.98
      vertex -53.3732 43.5065 2.62
    endloop
  endfacet
  facet normal -0.941566 0.33683 0
    outer loop
      vertex -53.3732 43.5065 2.98
      vertex -53.4294 43.3494 2.62
      vertex -53.4294 43.3494 2.98
    endloop
  endfacet
  facet normal -0.941566 0.33683 0
    outer loop
      vertex -53.4294 43.3494 -0.0199995
      vertex -53.3732 43.5065 0.62
      vertex -53.3732 43.5065 -0.0199995
    endloop
  endfacet
  facet normal -0.941566 0.33683 0
    outer loop
      vertex -53.3732 43.5065 0.62
      vertex -53.4294 43.3494 -0.0199995
      vertex -53.4294 43.3494 0.62
    endloop
  endfacet
  facet normal -0.0491602 -0.998791 0
    outer loop
      vertex -55 45.7 -0.0199995
      vertex -54.8334 45.6918 0.62
      vertex -55 45.7 0.62
    endloop
  endfacet
  facet normal -0.0491602 -0.998791 -0
    outer loop
      vertex -54.8334 45.6918 0.62
      vertex -55 45.7 -0.0199995
      vertex -54.8334 45.6918 -0.0199995
    endloop
  endfacet
  facet normal -0.0491602 -0.998791 0
    outer loop
      vertex -55 45.7 2.62
      vertex -54.8334 45.6918 2.98
      vertex -55 45.7 2.98
    endloop
  endfacet
  facet normal -0.0491602 -0.998791 -0
    outer loop
      vertex -54.8334 45.6918 2.98
      vertex -55 45.7 2.62
      vertex -54.8334 45.6918 2.62
    endloop
  endfacet
  facet normal 0.514231 -0.857652 0
    outer loop
      vertex -55.9445 45.4135 2.62
      vertex -55.8014 45.4993 2.98
      vertex -55.9445 45.4135 2.98
    endloop
  endfacet
  facet normal 0.514231 -0.857652 0
    outer loop
      vertex -55.8014 45.4993 2.98
      vertex -55.9445 45.4135 2.62
      vertex -55.8014 45.4993 2.62
    endloop
  endfacet
  facet normal 0.514231 -0.857652 0
    outer loop
      vertex -55.9445 45.4135 -0.0199995
      vertex -55.8014 45.4993 0.62
      vertex -55.9445 45.4135 0.62
    endloop
  endfacet
  facet normal 0.514231 -0.857652 0
    outer loop
      vertex -55.8014 45.4993 0.62
      vertex -55.9445 45.4135 -0.0199995
      vertex -55.8014 45.4993 -0.0199995
    endloop
  endfacet
  facet normal -0.904043 -0.427442 0
    outer loop
      vertex -53.4294 44.6506 2.62
      vertex -53.5007 44.8014 2.98
      vertex -53.5007 44.8014 2.62
    endloop
  endfacet
  facet normal -0.904043 -0.427442 0
    outer loop
      vertex -53.5007 44.8014 2.98
      vertex -53.4294 44.6506 2.62
      vertex -53.4294 44.6506 2.98
    endloop
  endfacet
  facet normal -0.904043 -0.427442 0
    outer loop
      vertex -53.4294 44.6506 -0.0199995
      vertex -53.5007 44.8014 0.62
      vertex -53.5007 44.8014 -0.0199995
    endloop
  endfacet
  facet normal -0.904043 -0.427442 0
    outer loop
      vertex -53.5007 44.8014 0.62
      vertex -53.4294 44.6506 -0.0199995
      vertex -53.4294 44.6506 0.62
    endloop
  endfacet
  facet normal -0.146788 -0.989168 0
    outer loop
      vertex -54.8334 45.6918 2.62
      vertex -54.6683 45.6673 2.98
      vertex -54.8334 45.6918 2.98
    endloop
  endfacet
  facet normal -0.146788 -0.989168 -0
    outer loop
      vertex -54.6683 45.6673 2.98
      vertex -54.8334 45.6918 2.62
      vertex -54.6683 45.6673 2.62
    endloop
  endfacet
  facet normal -0.146788 -0.989168 0
    outer loop
      vertex -54.8334 45.6918 -0.0199995
      vertex -54.6683 45.6673 0.62
      vertex -54.8334 45.6918 0.62
    endloop
  endfacet
  facet normal -0.146788 -0.989168 -0
    outer loop
      vertex -54.6683 45.6673 0.62
      vertex -54.8334 45.6918 -0.0199995
      vertex -54.6683 45.6673 -0.0199995
    endloop
  endfacet
  facet normal 0.242818 0.970072 -0
    outer loop
      vertex -55.3317 42.3327 2.62
      vertex -55.4935 42.3732 2.98
      vertex -55.3317 42.3327 2.98
    endloop
  endfacet
  facet normal 0.242818 0.970072 0
    outer loop
      vertex -55.4935 42.3732 2.98
      vertex -55.3317 42.3327 2.62
      vertex -55.4935 42.3732 2.62
    endloop
  endfacet
  facet normal 0.242818 0.970072 -0
    outer loop
      vertex -55.3317 42.3327 -0.0199995
      vertex -55.4935 42.3732 0.62
      vertex -55.3317 42.3327 0.62
    endloop
  endfacet
  facet normal 0.242818 0.970072 0
    outer loop
      vertex -55.4935 42.3732 0.62
      vertex -55.3317 42.3327 -0.0199995
      vertex -55.4935 42.3732 -0.0199995
    endloop
  endfacet
  facet normal 0.857652 0.514231 0
    outer loop
      vertex -56.4135 43.0555 0.62
      vertex -56.4993 43.1986 -0.0199995
      vertex -56.4993 43.1986 0.62
    endloop
  endfacet
  facet normal 0.857652 0.514231 0
    outer loop
      vertex -56.4993 43.1986 -0.0199995
      vertex -56.4135 43.0555 0.62
      vertex -56.4135 43.0555 -0.0199995
    endloop
  endfacet
  facet normal 0.857652 0.514231 0
    outer loop
      vertex -56.4135 43.0555 2.98
      vertex -56.4993 43.1986 2.62
      vertex -56.4993 43.1986 2.98
    endloop
  endfacet
  facet normal 0.857652 0.514231 0
    outer loop
      vertex -56.4993 43.1986 2.62
      vertex -56.4135 43.0555 2.98
      vertex -56.4135 43.0555 2.62
    endloop
  endfacet
  facet normal -0.857652 -0.514231 0
    outer loop
      vertex -53.5007 44.8014 2.62
      vertex -53.5865 44.9445 2.98
      vertex -53.5865 44.9445 2.62
    endloop
  endfacet
  facet normal -0.857652 -0.514231 0
    outer loop
      vertex -53.5865 44.9445 2.98
      vertex -53.5007 44.8014 2.62
      vertex -53.5007 44.8014 2.98
    endloop
  endfacet
  facet normal -0.857652 -0.514231 0
    outer loop
      vertex -53.5007 44.8014 -0.0199995
      vertex -53.5865 44.9445 0.62
      vertex -53.5865 44.9445 -0.0199995
    endloop
  endfacet
  facet normal -0.857652 -0.514231 0
    outer loop
      vertex -53.5865 44.9445 0.62
      vertex -53.5007 44.8014 -0.0199995
      vertex -53.5007 44.8014 0.62
    endloop
  endfacet
  facet normal 0.33683 -0.941566 0
    outer loop
      vertex -55.6506 45.5706 2.62
      vertex -55.4935 45.6268 2.98
      vertex -55.6506 45.5706 2.98
    endloop
  endfacet
  facet normal 0.33683 -0.941566 0
    outer loop
      vertex -55.4935 45.6268 2.98
      vertex -55.6506 45.5706 2.62
      vertex -55.4935 45.6268 2.62
    endloop
  endfacet
  facet normal 0.33683 -0.941566 0
    outer loop
      vertex -55.6506 45.5706 -0.0199995
      vertex -55.4935 45.6268 0.62
      vertex -55.6506 45.5706 0.62
    endloop
  endfacet
  facet normal 0.33683 -0.941566 0
    outer loop
      vertex -55.4935 45.6268 0.62
      vertex -55.6506 45.5706 -0.0199995
      vertex -55.4935 45.6268 -0.0199995
    endloop
  endfacet
  facet normal 0.741024 0.671478 0
    outer loop
      vertex -56.2021 42.7979 0.62
      vertex -56.3141 42.9215 -0.0199995
      vertex -56.3141 42.9215 0.62
    endloop
  endfacet
  facet normal 0.741024 0.671478 0
    outer loop
      vertex -56.3141 42.9215 -0.0199995
      vertex -56.2021 42.7979 0.62
      vertex -56.2021 42.7979 -0.0199995
    endloop
  endfacet
  facet normal 0.741024 0.671478 0
    outer loop
      vertex -56.2021 42.7979 2.98
      vertex -56.3141 42.9215 2.62
      vertex -56.3141 42.9215 2.98
    endloop
  endfacet
  facet normal 0.741024 0.671478 0
    outer loop
      vertex -56.3141 42.9215 2.62
      vertex -56.2021 42.7979 2.98
      vertex -56.2021 42.7979 2.62
    endloop
  endfacet
  facet normal 0.671478 -0.741024 0
    outer loop
      vertex -56.2021 45.2021 2.62
      vertex -56.0785 45.3141 2.98
      vertex -56.2021 45.2021 2.98
    endloop
  endfacet
  facet normal 0.671478 -0.741024 0
    outer loop
      vertex -56.0785 45.3141 2.98
      vertex -56.2021 45.2021 2.62
      vertex -56.0785 45.3141 2.62
    endloop
  endfacet
  facet normal 0.671478 -0.741024 0
    outer loop
      vertex -56.2021 45.2021 -0.0199995
      vertex -56.0785 45.3141 0.62
      vertex -56.2021 45.2021 0.62
    endloop
  endfacet
  facet normal 0.671478 -0.741024 0
    outer loop
      vertex -56.0785 45.3141 0.62
      vertex -56.2021 45.2021 -0.0199995
      vertex -56.0785 45.3141 -0.0199995
    endloop
  endfacet
  facet normal 0.514231 0.857652 -0
    outer loop
      vertex -55.8014 42.5007 -0.0199995
      vertex -55.9445 42.5865 0.62
      vertex -55.8014 42.5007 0.62
    endloop
  endfacet
  facet normal 0.514231 0.857652 0
    outer loop
      vertex -55.9445 42.5865 0.62
      vertex -55.8014 42.5007 -0.0199995
      vertex -55.9445 42.5865 -0.0199995
    endloop
  endfacet
  facet normal 0.514231 0.857652 -0
    outer loop
      vertex -55.8014 42.5007 2.62
      vertex -55.9445 42.5865 2.98
      vertex -55.8014 42.5007 2.98
    endloop
  endfacet
  facet normal 0.514231 0.857652 0
    outer loop
      vertex -55.9445 42.5865 2.98
      vertex -55.8014 42.5007 2.62
      vertex -55.9445 42.5865 2.62
    endloop
  endfacet
  facet normal 0.970072 -0.242818 0
    outer loop
      vertex -56.6673 44.3317 2.98
      vertex -56.6268 44.4935 2.62
      vertex -56.6268 44.4935 2.98
    endloop
  endfacet
  facet normal 0.970072 -0.242818 0
    outer loop
      vertex -56.6268 44.4935 2.62
      vertex -56.6673 44.3317 2.98
      vertex -56.6673 44.3317 2.62
    endloop
  endfacet
  facet normal 0.970072 -0.242818 0
    outer loop
      vertex -56.6673 44.3317 0.62
      vertex -56.6268 44.4935 -0.0199995
      vertex -56.6268 44.4935 0.62
    endloop
  endfacet
  facet normal 0.970072 -0.242818 0
    outer loop
      vertex -56.6268 44.4935 -0.0199995
      vertex -56.6673 44.3317 0.62
      vertex -56.6673 44.3317 -0.0199995
    endloop
  endfacet
  facet normal -0.33683 0.941566 0
    outer loop
      vertex -54.3494 42.4294 2.62
      vertex -54.5065 42.3732 2.98
      vertex -54.3494 42.4294 2.98
    endloop
  endfacet
  facet normal -0.33683 0.941566 0
    outer loop
      vertex -54.5065 42.3732 2.98
      vertex -54.3494 42.4294 2.62
      vertex -54.5065 42.3732 2.62
    endloop
  endfacet
  facet normal -0.33683 0.941566 0
    outer loop
      vertex -54.3494 42.4294 -0.0199995
      vertex -54.5065 42.3732 0.62
      vertex -54.3494 42.4294 0.62
    endloop
  endfacet
  facet normal -0.33683 0.941566 0
    outer loop
      vertex -54.5065 42.3732 0.62
      vertex -54.3494 42.4294 -0.0199995
      vertex -54.5065 42.3732 -0.0199995
    endloop
  endfacet
  facet normal 0.803154 0.595772 0
    outer loop
      vertex -56.3141 42.9215 0.62
      vertex -56.4135 43.0555 -0.0199995
      vertex -56.4135 43.0555 0.62
    endloop
  endfacet
  facet normal 0.803154 0.595772 0
    outer loop
      vertex -56.4135 43.0555 -0.0199995
      vertex -56.3141 42.9215 0.62
      vertex -56.3141 42.9215 -0.0199995
    endloop
  endfacet
  facet normal 0.803154 0.595772 0
    outer loop
      vertex -56.3141 42.9215 2.98
      vertex -56.4135 43.0555 2.62
      vertex -56.4135 43.0555 2.98
    endloop
  endfacet
  facet normal 0.803154 0.595772 0
    outer loop
      vertex -56.4135 43.0555 2.62
      vertex -56.3141 42.9215 2.98
      vertex -56.3141 42.9215 2.62
    endloop
  endfacet
  facet normal 0.989168 0.146788 0
    outer loop
      vertex -56.6673 43.6683 2.98
      vertex -56.6918 43.8334 2.62
      vertex -56.6918 43.8334 2.98
    endloop
  endfacet
  facet normal 0.989168 0.146788 0
    outer loop
      vertex -56.6918 43.8334 2.62
      vertex -56.6673 43.6683 2.98
      vertex -56.6673 43.6683 2.62
    endloop
  endfacet
  facet normal 0.989168 0.146788 0
    outer loop
      vertex -56.6673 43.6683 0.62
      vertex -56.6918 43.8334 -0.0199995
      vertex -56.6918 43.8334 0.62
    endloop
  endfacet
  facet normal 0.989168 0.146788 0
    outer loop
      vertex -56.6918 43.8334 -0.0199995
      vertex -56.6673 43.6683 0.62
      vertex -56.6673 43.6683 -0.0199995
    endloop
  endfacet
  facet normal -0.595772 0.803154 0
    outer loop
      vertex -53.9215 42.6859 2.62
      vertex -54.0555 42.5865 2.98
      vertex -53.9215 42.6859 2.98
    endloop
  endfacet
  facet normal -0.595772 0.803154 0
    outer loop
      vertex -54.0555 42.5865 2.98
      vertex -53.9215 42.6859 2.62
      vertex -54.0555 42.5865 2.62
    endloop
  endfacet
  facet normal -0.595772 0.803154 0
    outer loop
      vertex -53.9215 42.6859 -0.0199995
      vertex -54.0555 42.5865 0.62
      vertex -53.9215 42.6859 0.62
    endloop
  endfacet
  facet normal -0.595772 0.803154 0
    outer loop
      vertex -54.0555 42.5865 0.62
      vertex -53.9215 42.6859 -0.0199995
      vertex -54.0555 42.5865 -0.0199995
    endloop
  endfacet
  facet normal 0.671478 0.741024 -0
    outer loop
      vertex -56.0785 42.6859 2.62
      vertex -56.2021 42.7979 2.98
      vertex -56.0785 42.6859 2.98
    endloop
  endfacet
  facet normal 0.671478 0.741024 0
    outer loop
      vertex -56.2021 42.7979 2.98
      vertex -56.0785 42.6859 2.62
      vertex -56.2021 42.7979 2.62
    endloop
  endfacet
  facet normal 0.671478 0.741024 -0
    outer loop
      vertex -56.0785 42.6859 -0.0199995
      vertex -56.2021 42.7979 0.62
      vertex -56.0785 42.6859 0.62
    endloop
  endfacet
  facet normal 0.671478 0.741024 0
    outer loop
      vertex -56.2021 42.7979 0.62
      vertex -56.0785 42.6859 -0.0199995
      vertex -56.2021 42.7979 -0.0199995
    endloop
  endfacet
  facet normal 0.803154 -0.595772 0
    outer loop
      vertex -56.4135 44.9445 2.98
      vertex -56.3141 45.0785 2.62
      vertex -56.3141 45.0785 2.98
    endloop
  endfacet
  facet normal 0.803154 -0.595772 0
    outer loop
      vertex -56.3141 45.0785 2.62
      vertex -56.4135 44.9445 2.98
      vertex -56.4135 44.9445 2.62
    endloop
  endfacet
  facet normal 0.803154 -0.595772 0
    outer loop
      vertex -56.4135 44.9445 0.62
      vertex -56.3141 45.0785 -0.0199995
      vertex -56.3141 45.0785 0.62
    endloop
  endfacet
  facet normal 0.803154 -0.595772 0
    outer loop
      vertex -56.3141 45.0785 -0.0199995
      vertex -56.4135 44.9445 0.62
      vertex -56.4135 44.9445 -0.0199995
    endloop
  endfacet
  facet normal 0.857652 -0.514231 0
    outer loop
      vertex -56.4993 44.8014 0.62
      vertex -56.4135 44.9445 -0.0199995
      vertex -56.4135 44.9445 0.62
    endloop
  endfacet
  facet normal 0.857652 -0.514231 0
    outer loop
      vertex -56.4135 44.9445 -0.0199995
      vertex -56.4993 44.8014 0.62
      vertex -56.4993 44.8014 -0.0199995
    endloop
  endfacet
  facet normal 0.857652 -0.514231 0
    outer loop
      vertex -56.4993 44.8014 2.98
      vertex -56.4135 44.9445 2.62
      vertex -56.4135 44.9445 2.98
    endloop
  endfacet
  facet normal 0.857652 -0.514231 0
    outer loop
      vertex -56.4135 44.9445 2.62
      vertex -56.4993 44.8014 2.98
      vertex -56.4993 44.8014 2.62
    endloop
  endfacet
  facet normal 0.0491602 0.998791 -0
    outer loop
      vertex -55 42.3 -0.0199995
      vertex -55.1666 42.3082 0.62
      vertex -55 42.3 0.62
    endloop
  endfacet
  facet normal 0.0491602 0.998791 0
    outer loop
      vertex -55.1666 42.3082 0.62
      vertex -55 42.3 -0.0199995
      vertex -55.1666 42.3082 -0.0199995
    endloop
  endfacet
  facet normal 0.0491602 0.998791 -0
    outer loop
      vertex -55 42.3 2.62
      vertex -55.1666 42.3082 2.98
      vertex -55 42.3 2.98
    endloop
  endfacet
  facet normal 0.0491602 0.998791 0
    outer loop
      vertex -55.1666 42.3082 2.98
      vertex -55 42.3 2.62
      vertex -55.1666 42.3082 2.62
    endloop
  endfacet
  facet normal 0.998791 -0.0491602 0
    outer loop
      vertex -56.7 44 2.98
      vertex -56.6918 44.1666 2.62
      vertex -56.6918 44.1666 2.98
    endloop
  endfacet
  facet normal 0.998791 -0.0491602 0
    outer loop
      vertex -56.6918 44.1666 2.62
      vertex -56.7 44 2.98
      vertex -56.7 44 2.62
    endloop
  endfacet
  facet normal 0.998791 -0.0491602 0
    outer loop
      vertex -56.7 44 0.62
      vertex -56.6918 44.1666 -0.0199995
      vertex -56.6918 44.1666 0.62
    endloop
  endfacet
  facet normal 0.998791 -0.0491602 0
    outer loop
      vertex -56.6918 44.1666 -0.0199995
      vertex -56.7 44 0.62
      vertex -56.7 44 -0.0199995
    endloop
  endfacet
  facet normal -0.741024 0.671478 0
    outer loop
      vertex -53.7979 42.7979 -0.0199995
      vertex -53.6859 42.9215 0.62
      vertex -53.6859 42.9215 -0.0199995
    endloop
  endfacet
  facet normal -0.741024 0.671478 0
    outer loop
      vertex -53.6859 42.9215 0.62
      vertex -53.7979 42.7979 -0.0199995
      vertex -53.7979 42.7979 0.62
    endloop
  endfacet
  facet normal -0.741024 0.671478 0
    outer loop
      vertex -53.7979 42.7979 2.62
      vertex -53.6859 42.9215 2.98
      vertex -53.6859 42.9215 2.62
    endloop
  endfacet
  facet normal -0.741024 0.671478 0
    outer loop
      vertex -53.6859 42.9215 2.98
      vertex -53.7979 42.7979 2.62
      vertex -53.7979 42.7979 2.98
    endloop
  endfacet
  facet normal -0.671478 0.741024 0
    outer loop
      vertex -53.7979 42.7979 2.62
      vertex -53.9215 42.6859 2.98
      vertex -53.7979 42.7979 2.98
    endloop
  endfacet
  facet normal -0.671478 0.741024 0
    outer loop
      vertex -53.9215 42.6859 2.98
      vertex -53.7979 42.7979 2.62
      vertex -53.9215 42.6859 2.62
    endloop
  endfacet
  facet normal -0.671478 0.741024 0
    outer loop
      vertex -53.7979 42.7979 -0.0199995
      vertex -53.9215 42.6859 0.62
      vertex -53.7979 42.7979 0.62
    endloop
  endfacet
  facet normal -0.671478 0.741024 0
    outer loop
      vertex -53.9215 42.6859 0.62
      vertex -53.7979 42.7979 -0.0199995
      vertex -53.9215 42.6859 -0.0199995
    endloop
  endfacet
  facet normal -0.989145 -0.146942 0
    outer loop
      vertex -51.9149 44.3039 0.62
      vertex -51.9596 44.6048 2.62
      vertex -51.9596 44.6048 0.62
    endloop
  endfacet
  facet normal -0.989145 -0.146942 0
    outer loop
      vertex -51.9596 44.6048 2.62
      vertex -51.9149 44.3039 0.62
      vertex -51.9149 44.3039 2.62
    endloop
  endfacet
  facet normal -0.9988 -0.0489705 0
    outer loop
      vertex -51.9 44 0.62
      vertex -51.9149 44.3039 2.62
      vertex -51.9149 44.3039 0.62
    endloop
  endfacet
  facet normal -0.9988 -0.0489705 0
    outer loop
      vertex -51.9149 44.3039 2.62
      vertex -51.9 44 0.62
      vertex -51.9 44 2.62
    endloop
  endfacet
  facet normal -0.970046 -0.242922 0
    outer loop
      vertex -51.9596 44.6048 0.62
      vertex -52.0335 44.8999 2.62
      vertex -52.0335 44.8999 0.62
    endloop
  endfacet
  facet normal -0.970046 -0.242922 0
    outer loop
      vertex -52.0335 44.8999 2.62
      vertex -51.9596 44.6048 0.62
      vertex -51.9596 44.6048 2.62
    endloop
  endfacet
  facet normal -0.803027 0.595943 0
    outer loop
      vertex -52.6037 42.0334 0.62
      vertex -52.4224 42.2777 2.62
      vertex -52.4224 42.2777 0.62
    endloop
  endfacet
  facet normal -0.803027 0.595943 0
    outer loop
      vertex -52.4224 42.2777 2.62
      vertex -52.6037 42.0334 0.62
      vertex -52.6037 42.0334 2.62
    endloop
  endfacet
  facet normal -0.0489705 0.9988 0
    outer loop
      vertex -54.6961 40.9149 0.62
      vertex -55 40.9 2.62
      vertex -54.6961 40.9149 2.62
    endloop
  endfacet
  facet normal -0.0489705 0.9988 0
    outer loop
      vertex -55 40.9 2.62
      vertex -54.6961 40.9149 0.62
      vertex -55 40.9 0.62
    endloop
  endfacet
  facet normal -0.514012 0.857783 0
    outer loop
      vertex -53.2777 41.4224 0.62
      vertex -53.5387 41.266 2.62
      vertex -53.2777 41.4224 2.62
    endloop
  endfacet
  facet normal -0.514012 0.857783 0
    outer loop
      vertex -53.5387 41.266 2.62
      vertex -53.2777 41.4224 0.62
      vertex -53.5387 41.266 0.62
    endloop
  endfacet
  facet normal 0.42738 -0.904072 0
    outer loop
      vertex -56.4613 46.734 0.62
      vertex -56.1863 46.864 2.62
      vertex -56.4613 46.734 2.62
    endloop
  endfacet
  facet normal 0.42738 -0.904072 0
    outer loop
      vertex -56.1863 46.864 2.62
      vertex -56.4613 46.734 0.62
      vertex -56.1863 46.864 0.62
    endloop
  endfacet
  facet normal -0.514012 -0.857783 0
    outer loop
      vertex -53.5387 46.734 0.62
      vertex -53.2777 46.5776 2.62
      vertex -53.5387 46.734 2.62
    endloop
  endfacet
  facet normal -0.514012 -0.857783 -0
    outer loop
      vertex -53.2777 46.5776 2.62
      vertex -53.5387 46.734 0.62
      vertex -53.2777 46.5776 0.62
    endloop
  endfacet
  facet normal 0.0489705 -0.9988 0
    outer loop
      vertex -55.3039 47.0851 0.62
      vertex -55 47.1 2.62
      vertex -55.3039 47.0851 2.62
    endloop
  endfacet
  facet normal 0.0489705 -0.9988 0
    outer loop
      vertex -55 47.1 2.62
      vertex -55.3039 47.0851 0.62
      vertex -55 47.1 0.62
    endloop
  endfacet
  facet normal 0.803027 0.595943 0
    outer loop
      vertex -57.3963 42.0334 2.62
      vertex -57.5776 42.2777 0.62
      vertex -57.5776 42.2777 2.62
    endloop
  endfacet
  facet normal 0.803027 0.595943 0
    outer loop
      vertex -57.5776 42.2777 0.62
      vertex -57.3963 42.0334 2.62
      vertex -57.3963 42.0334 0.62
    endloop
  endfacet
  facet normal -0.941519 -0.336961 0
    outer loop
      vertex -52.0335 44.8999 0.62
      vertex -52.136 45.1863 2.62
      vertex -52.136 45.1863 0.62
    endloop
  endfacet
  facet normal -0.941519 -0.336961 0
    outer loop
      vertex -52.136 45.1863 2.62
      vertex -52.0335 44.8999 0.62
      vertex -52.0335 44.8999 2.62
    endloop
  endfacet
  facet normal -0.941519 0.336961 0
    outer loop
      vertex -52.136 42.8137 0.62
      vertex -52.0335 43.1001 2.62
      vertex -52.0335 43.1001 0.62
    endloop
  endfacet
  facet normal -0.941519 0.336961 0
    outer loop
      vertex -52.0335 43.1001 2.62
      vertex -52.136 42.8137 0.62
      vertex -52.136 42.8137 2.62
    endloop
  endfacet
  facet normal 0.857783 0.514012 0
    outer loop
      vertex -57.5776 42.2777 2.62
      vertex -57.734 42.5387 0.62
      vertex -57.734 42.5387 2.62
    endloop
  endfacet
  facet normal 0.857783 0.514012 0
    outer loop
      vertex -57.734 42.5387 0.62
      vertex -57.5776 42.2777 2.62
      vertex -57.5776 42.2777 0.62
    endloop
  endfacet
  facet normal -0.242922 0.970046 0
    outer loop
      vertex -54.1001 41.0335 0.62
      vertex -54.3952 40.9596 2.62
      vertex -54.1001 41.0335 2.62
    endloop
  endfacet
  facet normal -0.242922 0.970046 0
    outer loop
      vertex -54.3952 40.9596 2.62
      vertex -54.1001 41.0335 0.62
      vertex -54.3952 40.9596 0.62
    endloop
  endfacet
  facet normal -0.9988 0.0489705 0
    outer loop
      vertex -51.9149 43.6961 0.62
      vertex -51.9 44 2.62
      vertex -51.9 44 0.62
    endloop
  endfacet
  facet normal -0.9988 0.0489705 0
    outer loop
      vertex -51.9 44 2.62
      vertex -51.9149 43.6961 0.62
      vertex -51.9149 43.6961 2.62
    endloop
  endfacet
  facet normal 0.989145 0.146942 0
    outer loop
      vertex -58.0404 43.3952 2.62
      vertex -58.0851 43.6961 0.62
      vertex -58.0851 43.6961 2.62
    endloop
  endfacet
  facet normal 0.989145 0.146942 0
    outer loop
      vertex -58.0851 43.6961 0.62
      vertex -58.0404 43.3952 2.62
      vertex -58.0404 43.3952 0.62
    endloop
  endfacet
  facet normal 0.595943 -0.803027 0
    outer loop
      vertex -56.9666 46.3963 0.62
      vertex -56.7223 46.5776 2.62
      vertex -56.9666 46.3963 2.62
    endloop
  endfacet
  facet normal 0.595943 -0.803027 0
    outer loop
      vertex -56.7223 46.5776 2.62
      vertex -56.9666 46.3963 0.62
      vertex -56.7223 46.5776 0.62
    endloop
  endfacet
  facet normal -0.595943 -0.803027 0
    outer loop
      vertex -53.2777 46.5776 0.62
      vertex -53.0334 46.3963 2.62
      vertex -53.2777 46.5776 2.62
    endloop
  endfacet
  facet normal -0.595943 -0.803027 -0
    outer loop
      vertex -53.0334 46.3963 2.62
      vertex -53.2777 46.5776 0.62
      vertex -53.0334 46.3963 0.62
    endloop
  endfacet
  facet normal -0.740936 0.671576 0
    outer loop
      vertex -52.808 41.808 0.62
      vertex -52.6037 42.0334 2.62
      vertex -52.6037 42.0334 0.62
    endloop
  endfacet
  facet normal -0.740936 0.671576 0
    outer loop
      vertex -52.6037 42.0334 2.62
      vertex -52.808 41.808 0.62
      vertex -52.808 41.808 2.62
    endloop
  endfacet
  facet normal 0.941519 0.336961 0
    outer loop
      vertex -57.864 42.8137 2.62
      vertex -57.9665 43.1001 0.62
      vertex -57.9665 43.1001 2.62
    endloop
  endfacet
  facet normal 0.941519 0.336961 0
    outer loop
      vertex -57.9665 43.1001 0.62
      vertex -57.864 42.8137 2.62
      vertex -57.864 42.8137 0.62
    endloop
  endfacet
  facet normal -0.989145 0.146942 0
    outer loop
      vertex -51.9596 43.3952 0.62
      vertex -51.9149 43.6961 2.62
      vertex -51.9149 43.6961 0.62
    endloop
  endfacet
  facet normal -0.989145 0.146942 0
    outer loop
      vertex -51.9149 43.6961 2.62
      vertex -51.9596 43.3952 0.62
      vertex -51.9596 43.3952 2.62
    endloop
  endfacet
  facet normal 0.857783 -0.514012 0
    outer loop
      vertex -57.734 45.4613 2.62
      vertex -57.5776 45.7223 0.62
      vertex -57.5776 45.7223 2.62
    endloop
  endfacet
  facet normal 0.857783 -0.514012 0
    outer loop
      vertex -57.5776 45.7223 0.62
      vertex -57.734 45.4613 2.62
      vertex -57.734 45.4613 0.62
    endloop
  endfacet
  facet normal -0.970046 0.242922 0
    outer loop
      vertex -52.0335 43.1001 0.62
      vertex -51.9596 43.3952 2.62
      vertex -51.9596 43.3952 0.62
    endloop
  endfacet
  facet normal -0.970046 0.242922 0
    outer loop
      vertex -51.9596 43.3952 2.62
      vertex -52.0335 43.1001 0.62
      vertex -52.0335 43.1001 2.62
    endloop
  endfacet
  facet normal -0.42738 0.904072 0
    outer loop
      vertex -53.5387 41.266 0.62
      vertex -53.8137 41.136 2.62
      vertex -53.5387 41.266 2.62
    endloop
  endfacet
  facet normal -0.42738 0.904072 0
    outer loop
      vertex -53.8137 41.136 2.62
      vertex -53.5387 41.266 0.62
      vertex -53.8137 41.136 0.62
    endloop
  endfacet
  facet normal 0 0 -1
    outer loop
      vertex -53.3 44 2.62
      vertex -51.9 44 2.62
      vertex -51.9149 43.6961 2.62
    endloop
  endfacet
  facet normal 0 0 -1
    outer loop
      vertex -53.3082 43.8334 2.62
      vertex -51.9149 43.6961 2.62
      vertex -51.9596 43.3952 2.62
    endloop
  endfacet
  facet normal 0 0 -1
    outer loop
      vertex -51.9 44 2.62
      vertex -53.3 44 2.62
      vertex -51.9149 44.3039 2.62
    endloop
  endfacet
  facet normal 0 0 -1
    outer loop
      vertex -53.3327 43.6683 2.62
      vertex -51.9596 43.3952 2.62
      vertex -52.0335 43.1001 2.62
    endloop
  endfacet
  facet normal 0 0 -1
    outer loop
      vertex -53.3082 44.1666 2.62
      vertex -51.9149 44.3039 2.62
      vertex -53.3 44 2.62
    endloop
  endfacet
  facet normal 0 0 -1
    outer loop
      vertex -53.3732 43.5065 2.62
      vertex -52.0335 43.1001 2.62
      vertex -52.136 42.8137 2.62
    endloop
  endfacet
  facet normal -0 0 -1
    outer loop
      vertex -51.9149 44.3039 2.62
      vertex -53.3082 44.1666 2.62
      vertex -51.9596 44.6048 2.62
    endloop
  endfacet
  facet normal 0 0 -1
    outer loop
      vertex -53.4294 43.3494 2.62
      vertex -52.136 42.8137 2.62
      vertex -52.266 42.5387 2.62
    endloop
  endfacet
  facet normal 0 0 -1
    outer loop
      vertex -53.3327 44.3317 2.62
      vertex -51.9596 44.6048 2.62
      vertex -53.3082 44.1666 2.62
    endloop
  endfacet
  facet normal 0 0 -1
    outer loop
      vertex -53.5007 43.1986 2.62
      vertex -52.266 42.5387 2.62
      vertex -52.4224 42.2777 2.62
    endloop
  endfacet
  facet normal -0 0 -1
    outer loop
      vertex -51.9596 44.6048 2.62
      vertex -53.3327 44.3317 2.62
      vertex -52.0335 44.8999 2.62
    endloop
  endfacet
  facet normal 0 0 -1
    outer loop
      vertex -53.5865 43.0555 2.62
      vertex -52.4224 42.2777 2.62
      vertex -52.6037 42.0334 2.62
    endloop
  endfacet
  facet normal 0 0 -1
    outer loop
      vertex -53.3732 44.4935 2.62
      vertex -52.0335 44.8999 2.62
      vertex -53.3327 44.3317 2.62
    endloop
  endfacet
  facet normal 0 0 -1
    outer loop
      vertex -53.6859 42.9215 2.62
      vertex -52.6037 42.0334 2.62
      vertex -52.808 41.808 2.62
    endloop
  endfacet
  facet normal -0 0 -1
    outer loop
      vertex -52.0335 44.8999 2.62
      vertex -53.3732 44.4935 2.62
      vertex -52.136 45.1863 2.62
    endloop
  endfacet
  facet normal 0 0 -1
    outer loop
      vertex -53.7979 42.7979 2.62
      vertex -52.808 41.808 2.62
      vertex -53.0334 41.6037 2.62
    endloop
  endfacet
  facet normal 0 0 -1
    outer loop
      vertex -53.4294 44.6506 2.62
      vertex -52.136 45.1863 2.62
      vertex -53.3732 44.4935 2.62
    endloop
  endfacet
  facet normal 0 0 -1
    outer loop
      vertex -53.9215 42.6859 2.62
      vertex -53.0334 41.6037 2.62
      vertex -53.2777 41.4224 2.62
    endloop
  endfacet
  facet normal -0 0 -1
    outer loop
      vertex -52.136 45.1863 2.62
      vertex -53.4294 44.6506 2.62
      vertex -52.266 45.4613 2.62
    endloop
  endfacet
  facet normal 0 0 -1
    outer loop
      vertex -53.5007 44.8014 2.62
      vertex -52.266 45.4613 2.62
      vertex -53.4294 44.6506 2.62
    endloop
  endfacet
  facet normal 0 0 -1
    outer loop
      vertex -51.9149 43.6961 2.62
      vertex -53.3082 43.8334 2.62
      vertex -53.3 44 2.62
    endloop
  endfacet
  facet normal 0 0 -1
    outer loop
      vertex -51.9596 43.3952 2.62
      vertex -53.3327 43.6683 2.62
      vertex -53.3082 43.8334 2.62
    endloop
  endfacet
  facet normal 0 0 -1
    outer loop
      vertex -52.0335 43.1001 2.62
      vertex -53.3732 43.5065 2.62
      vertex -53.3327 43.6683 2.62
    endloop
  endfacet
  facet normal 0 0 -1
    outer loop
      vertex -52.136 42.8137 2.62
      vertex -53.4294 43.3494 2.62
      vertex -53.3732 43.5065 2.62
    endloop
  endfacet
  facet normal 0 0 -1
    outer loop
      vertex -52.266 42.5387 2.62
      vertex -53.5007 43.1986 2.62
      vertex -53.4294 43.3494 2.62
    endloop
  endfacet
  facet normal 0 0 -1
    outer loop
      vertex -54.0555 42.5865 2.62
      vertex -53.2777 41.4224 2.62
      vertex -53.5387 41.266 2.62
    endloop
  endfacet
  facet normal 0 0 -1
    outer loop
      vertex -52.4224 42.2777 2.62
      vertex -53.5865 43.0555 2.62
      vertex -53.5007 43.1986 2.62
    endloop
  endfacet
  facet normal 0 0 -1
    outer loop
      vertex -52.6037 42.0334 2.62
      vertex -53.6859 42.9215 2.62
      vertex -53.5865 43.0555 2.62
    endloop
  endfacet
  facet normal 0 0 -1
    outer loop
      vertex -52.808 41.808 2.62
      vertex -53.7979 42.7979 2.62
      vertex -53.6859 42.9215 2.62
    endloop
  endfacet
  facet normal 0 0 -1
    outer loop
      vertex -54.1986 42.5007 2.62
      vertex -53.5387 41.266 2.62
      vertex -53.8137 41.136 2.62
    endloop
  endfacet
  facet normal 0 0 -1
    outer loop
      vertex -53.0334 41.6037 2.62
      vertex -53.9215 42.6859 2.62
      vertex -53.7979 42.7979 2.62
    endloop
  endfacet
  facet normal 0 0 -1
    outer loop
      vertex -53.2777 41.4224 2.62
      vertex -54.0555 42.5865 2.62
      vertex -53.9215 42.6859 2.62
    endloop
  endfacet
  facet normal 0 0 -1
    outer loop
      vertex -54.3494 42.4294 2.62
      vertex -53.8137 41.136 2.62
      vertex -54.1001 41.0335 2.62
    endloop
  endfacet
  facet normal 0 0 -1
    outer loop
      vertex -53.5387 41.266 2.62
      vertex -54.1986 42.5007 2.62
      vertex -54.0555 42.5865 2.62
    endloop
  endfacet
  facet normal 0 0 -1
    outer loop
      vertex -53.8137 41.136 2.62
      vertex -54.3494 42.4294 2.62
      vertex -54.1986 42.5007 2.62
    endloop
  endfacet
  facet normal 0 0 -1
    outer loop
      vertex -54.5065 42.3732 2.62
      vertex -54.1001 41.0335 2.62
      vertex -54.3952 40.9596 2.62
    endloop
  endfacet
  facet normal 0 0 -1
    outer loop
      vertex -54.1001 41.0335 2.62
      vertex -54.5065 42.3732 2.62
      vertex -54.3494 42.4294 2.62
    endloop
  endfacet
  facet normal 0 0 -1
    outer loop
      vertex -54.3952 40.9596 2.62
      vertex -54.6683 42.3327 2.62
      vertex -54.5065 42.3732 2.62
    endloop
  endfacet
  facet normal 0 0 -1
    outer loop
      vertex -54.6961 40.9149 2.62
      vertex -54.6683 42.3327 2.62
      vertex -54.3952 40.9596 2.62
    endloop
  endfacet
  facet normal 0 0 -1
    outer loop
      vertex -54.6961 40.9149 2.62
      vertex -54.8334 42.3082 2.62
      vertex -54.6683 42.3327 2.62
    endloop
  endfacet
  facet normal 0 0 -1
    outer loop
      vertex -55 40.9 2.62
      vertex -54.8334 42.3082 2.62
      vertex -54.6961 40.9149 2.62
    endloop
  endfacet
  facet normal 0 0 -1
    outer loop
      vertex -55 40.9 2.62
      vertex -55 42.3 2.62
      vertex -54.8334 42.3082 2.62
    endloop
  endfacet
  facet normal 0 0 -1
    outer loop
      vertex -55 40.9 2.62
      vertex -55.1666 42.3082 2.62
      vertex -55 42.3 2.62
    endloop
  endfacet
  facet normal 0 0 -1
    outer loop
      vertex -55.3039 40.9149 2.62
      vertex -55.1666 42.3082 2.62
      vertex -55 40.9 2.62
    endloop
  endfacet
  facet normal 0 0 -1
    outer loop
      vertex -55.3039 40.9149 2.62
      vertex -55.3317 42.3327 2.62
      vertex -55.1666 42.3082 2.62
    endloop
  endfacet
  facet normal 0 0 -1
    outer loop
      vertex -55.6048 40.9596 2.62
      vertex -55.3317 42.3327 2.62
      vertex -55.3039 40.9149 2.62
    endloop
  endfacet
  facet normal -0 0 -1
    outer loop
      vertex -55.3317 42.3327 2.62
      vertex -55.6048 40.9596 2.62
      vertex -55.4935 42.3732 2.62
    endloop
  endfacet
  facet normal 0 0 -1
    outer loop
      vertex -55.8999 41.0335 2.62
      vertex -55.4935 42.3732 2.62
      vertex -55.6048 40.9596 2.62
    endloop
  endfacet
  facet normal -0 0 -1
    outer loop
      vertex -55.4935 42.3732 2.62
      vertex -55.8999 41.0335 2.62
      vertex -55.6506 42.4294 2.62
    endloop
  endfacet
  facet normal 0 0 -1
    outer loop
      vertex -56.1863 41.136 2.62
      vertex -55.6506 42.4294 2.62
      vertex -55.8999 41.0335 2.62
    endloop
  endfacet
  facet normal -0 0 -1
    outer loop
      vertex -55.6506 42.4294 2.62
      vertex -56.1863 41.136 2.62
      vertex -55.8014 42.5007 2.62
    endloop
  endfacet
  facet normal 0 0 -1
    outer loop
      vertex -56.4613 41.266 2.62
      vertex -55.8014 42.5007 2.62
      vertex -56.1863 41.136 2.62
    endloop
  endfacet
  facet normal -0 0 -1
    outer loop
      vertex -55.8014 42.5007 2.62
      vertex -56.4613 41.266 2.62
      vertex -55.9445 42.5865 2.62
    endloop
  endfacet
  facet normal 0 0 -1
    outer loop
      vertex -56.7223 41.4224 2.62
      vertex -55.9445 42.5865 2.62
      vertex -56.4613 41.266 2.62
    endloop
  endfacet
  facet normal -0 0 -1
    outer loop
      vertex -55.9445 42.5865 2.62
      vertex -56.7223 41.4224 2.62
      vertex -56.0785 42.6859 2.62
    endloop
  endfacet
  facet normal 0 0 -1
    outer loop
      vertex -56.9666 41.6037 2.62
      vertex -56.0785 42.6859 2.62
      vertex -56.7223 41.4224 2.62
    endloop
  endfacet
  facet normal -0 0 -1
    outer loop
      vertex -56.0785 42.6859 2.62
      vertex -56.9666 41.6037 2.62
      vertex -56.2021 42.7979 2.62
    endloop
  endfacet
  facet normal 0 0 -1
    outer loop
      vertex -57.192 41.808 2.62
      vertex -56.2021 42.7979 2.62
      vertex -56.9666 41.6037 2.62
    endloop
  endfacet
  facet normal -0 0 -1
    outer loop
      vertex -56.2021 42.7979 2.62
      vertex -57.192 41.808 2.62
      vertex -56.3141 42.9215 2.62
    endloop
  endfacet
  facet normal 0 0 -1
    outer loop
      vertex -57.3963 42.0334 2.62
      vertex -56.3141 42.9215 2.62
      vertex -57.192 41.808 2.62
    endloop
  endfacet
  facet normal -0 0 -1
    outer loop
      vertex -56.3141 42.9215 2.62
      vertex -57.3963 42.0334 2.62
      vertex -56.4135 43.0555 2.62
    endloop
  endfacet
  facet normal 0 0 -1
    outer loop
      vertex -57.5776 42.2777 2.62
      vertex -56.4135 43.0555 2.62
      vertex -57.3963 42.0334 2.62
    endloop
  endfacet
  facet normal 0 0 -1
    outer loop
      vertex -57.734 42.5387 2.62
      vertex -56.4993 43.1986 2.62
      vertex -57.5776 42.2777 2.62
    endloop
  endfacet
  facet normal -0 0 -1
    outer loop
      vertex -56.4135 43.0555 2.62
      vertex -57.5776 42.2777 2.62
      vertex -56.4993 43.1986 2.62
    endloop
  endfacet
  facet normal -0 0 -1
    outer loop
      vertex -52.266 45.4613 2.62
      vertex -53.5007 44.8014 2.62
      vertex -52.4224 45.7223 2.62
    endloop
  endfacet
  facet normal 0 0 -1
    outer loop
      vertex -53.5865 44.9445 2.62
      vertex -52.4224 45.7223 2.62
      vertex -53.5007 44.8014 2.62
    endloop
  endfacet
  facet normal -0 0 -1
    outer loop
      vertex -52.4224 45.7223 2.62
      vertex -53.5865 44.9445 2.62
      vertex -52.6037 45.9666 2.62
    endloop
  endfacet
  facet normal 0 0 -1
    outer loop
      vertex -53.6859 45.0785 2.62
      vertex -52.6037 45.9666 2.62
      vertex -53.5865 44.9445 2.62
    endloop
  endfacet
  facet normal -0 0 -1
    outer loop
      vertex -52.6037 45.9666 2.62
      vertex -53.6859 45.0785 2.62
      vertex -52.808 46.192 2.62
    endloop
  endfacet
  facet normal 0 0 -1
    outer loop
      vertex -53.7979 45.2021 2.62
      vertex -52.808 46.192 2.62
      vertex -53.6859 45.0785 2.62
    endloop
  endfacet
  facet normal -0 0 -1
    outer loop
      vertex -52.808 46.192 2.62
      vertex -53.7979 45.2021 2.62
      vertex -53.0334 46.3963 2.62
    endloop
  endfacet
  facet normal 0 0 -1
    outer loop
      vertex -53.9215 45.3141 2.62
      vertex -53.0334 46.3963 2.62
      vertex -53.7979 45.2021 2.62
    endloop
  endfacet
  facet normal -0 0 -1
    outer loop
      vertex -53.0334 46.3963 2.62
      vertex -53.9215 45.3141 2.62
      vertex -53.2777 46.5776 2.62
    endloop
  endfacet
  facet normal 0 0 -1
    outer loop
      vertex -54.0555 45.4135 2.62
      vertex -53.2777 46.5776 2.62
      vertex -53.9215 45.3141 2.62
    endloop
  endfacet
  facet normal -0 0 -1
    outer loop
      vertex -53.2777 46.5776 2.62
      vertex -54.0555 45.4135 2.62
      vertex -53.5387 46.734 2.62
    endloop
  endfacet
  facet normal 0 0 -1
    outer loop
      vertex -54.1986 45.4993 2.62
      vertex -53.5387 46.734 2.62
      vertex -54.0555 45.4135 2.62
    endloop
  endfacet
  facet normal -0 0 -1
    outer loop
      vertex -53.5387 46.734 2.62
      vertex -54.1986 45.4993 2.62
      vertex -53.8137 46.864 2.62
    endloop
  endfacet
  facet normal 0 0 -1
    outer loop
      vertex -54.3494 45.5706 2.62
      vertex -53.8137 46.864 2.62
      vertex -54.1986 45.4993 2.62
    endloop
  endfacet
  facet normal -0 0 -1
    outer loop
      vertex -53.8137 46.864 2.62
      vertex -54.3494 45.5706 2.62
      vertex -54.1001 46.9665 2.62
    endloop
  endfacet
  facet normal 0 0 -1
    outer loop
      vertex -54.5065 45.6268 2.62
      vertex -54.1001 46.9665 2.62
      vertex -54.3494 45.5706 2.62
    endloop
  endfacet
  facet normal -0 0 -1
    outer loop
      vertex -54.1001 46.9665 2.62
      vertex -54.5065 45.6268 2.62
      vertex -54.3952 47.0404 2.62
    endloop
  endfacet
  facet normal 0 0 -1
    outer loop
      vertex -54.6683 45.6673 2.62
      vertex -54.3952 47.0404 2.62
      vertex -54.5065 45.6268 2.62
    endloop
  endfacet
  facet normal 0 0 -1
    outer loop
      vertex -54.6683 45.6673 2.62
      vertex -54.6961 47.0851 2.62
      vertex -54.3952 47.0404 2.62
    endloop
  endfacet
  facet normal 0 0 -1
    outer loop
      vertex -54.8334 45.6918 2.62
      vertex -54.6961 47.0851 2.62
      vertex -54.6683 45.6673 2.62
    endloop
  endfacet
  facet normal 0 0 -1
    outer loop
      vertex -55 45.7 2.62
      vertex -54.6961 47.0851 2.62
      vertex -54.8334 45.6918 2.62
    endloop
  endfacet
  facet normal 0 0 -1
    outer loop
      vertex -55 45.7 2.62
      vertex -55 47.1 2.62
      vertex -54.6961 47.0851 2.62
    endloop
  endfacet
  facet normal 0 0 -1
    outer loop
      vertex -55.1666 45.6918 2.62
      vertex -55 47.1 2.62
      vertex -55 45.7 2.62
    endloop
  endfacet
  facet normal 0 0 -1
    outer loop
      vertex -55.1666 45.6918 2.62
      vertex -55.3039 47.0851 2.62
      vertex -55 47.1 2.62
    endloop
  endfacet
  facet normal 0 0 -1
    outer loop
      vertex -55.3317 45.6673 2.62
      vertex -55.3039 47.0851 2.62
      vertex -55.1666 45.6918 2.62
    endloop
  endfacet
  facet normal 0 0 -1
    outer loop
      vertex -55.6048 47.0404 2.62
      vertex -55.3317 45.6673 2.62
      vertex -55.4935 45.6268 2.62
    endloop
  endfacet
  facet normal 0 0 -1
    outer loop
      vertex -55.3317 45.6673 2.62
      vertex -55.6048 47.0404 2.62
      vertex -55.3039 47.0851 2.62
    endloop
  endfacet
  facet normal 0 0 -1
    outer loop
      vertex -55.8999 46.9665 2.62
      vertex -55.4935 45.6268 2.62
      vertex -55.6506 45.5706 2.62
    endloop
  endfacet
  facet normal 0 0 -1
    outer loop
      vertex -56.1863 46.864 2.62
      vertex -55.6506 45.5706 2.62
      vertex -55.8014 45.4993 2.62
    endloop
  endfacet
  facet normal 0 0 -1
    outer loop
      vertex -55.4935 45.6268 2.62
      vertex -55.8999 46.9665 2.62
      vertex -55.6048 47.0404 2.62
    endloop
  endfacet
  facet normal 0 0 -1
    outer loop
      vertex -56.4613 46.734 2.62
      vertex -55.8014 45.4993 2.62
      vertex -55.9445 45.4135 2.62
    endloop
  endfacet
  facet normal 0 0 -1
    outer loop
      vertex -56.7223 46.5776 2.62
      vertex -55.9445 45.4135 2.62
      vertex -56.0785 45.3141 2.62
    endloop
  endfacet
  facet normal 0 0 -1
    outer loop
      vertex -55.6506 45.5706 2.62
      vertex -56.1863 46.864 2.62
      vertex -55.8999 46.9665 2.62
    endloop
  endfacet
  facet normal 0 0 -1
    outer loop
      vertex -56.9666 46.3963 2.62
      vertex -56.0785 45.3141 2.62
      vertex -56.2021 45.2021 2.62
    endloop
  endfacet
  facet normal 0 0 -1
    outer loop
      vertex -57.192 46.192 2.62
      vertex -56.2021 45.2021 2.62
      vertex -56.3141 45.0785 2.62
    endloop
  endfacet
  facet normal 0 0 -1
    outer loop
      vertex -57.3963 45.9666 2.62
      vertex -56.3141 45.0785 2.62
      vertex -56.4135 44.9445 2.62
    endloop
  endfacet
  facet normal 0 0 -1
    outer loop
      vertex -55.8014 45.4993 2.62
      vertex -56.4613 46.734 2.62
      vertex -56.1863 46.864 2.62
    endloop
  endfacet
  facet normal 0 0 -1
    outer loop
      vertex -57.5776 45.7223 2.62
      vertex -56.4135 44.9445 2.62
      vertex -56.4993 44.8014 2.62
    endloop
  endfacet
  facet normal 0 0 -1
    outer loop
      vertex -57.734 45.4613 2.62
      vertex -56.4993 44.8014 2.62
      vertex -56.5706 44.6506 2.62
    endloop
  endfacet
  facet normal 0 0 -1
    outer loop
      vertex -57.864 45.1863 2.62
      vertex -56.5706 44.6506 2.62
      vertex -56.6268 44.4935 2.62
    endloop
  endfacet
  facet normal 0 0 -1
    outer loop
      vertex -57.9665 44.8999 2.62
      vertex -56.6268 44.4935 2.62
      vertex -56.6673 44.3317 2.62
    endloop
  endfacet
  facet normal 0 0 -1
    outer loop
      vertex -58.0404 44.6048 2.62
      vertex -56.6673 44.3317 2.62
      vertex -56.6918 44.1666 2.62
    endloop
  endfacet
  facet normal 0 0 -1
    outer loop
      vertex -55.9445 45.4135 2.62
      vertex -56.7223 46.5776 2.62
      vertex -56.4613 46.734 2.62
    endloop
  endfacet
  facet normal 0 0 -1
    outer loop
      vertex -58.0851 44.3039 2.62
      vertex -56.6918 44.1666 2.62
      vertex -56.7 44 2.62
    endloop
  endfacet
  facet normal -0 0 -1
    outer loop
      vertex -56.4993 43.1986 2.62
      vertex -57.734 42.5387 2.62
      vertex -56.5706 43.3494 2.62
    endloop
  endfacet
  facet normal 0 0 -1
    outer loop
      vertex -57.864 42.8137 2.62
      vertex -56.5706 43.3494 2.62
      vertex -57.734 42.5387 2.62
    endloop
  endfacet
  facet normal 0 0 -1
    outer loop
      vertex -56.0785 45.3141 2.62
      vertex -56.9666 46.3963 2.62
      vertex -56.7223 46.5776 2.62
    endloop
  endfacet
  facet normal -0 0 -1
    outer loop
      vertex -56.5706 43.3494 2.62
      vertex -57.864 42.8137 2.62
      vertex -56.6268 43.5065 2.62
    endloop
  endfacet
  facet normal 0 0 -1
    outer loop
      vertex -56.2021 45.2021 2.62
      vertex -57.192 46.192 2.62
      vertex -56.9666 46.3963 2.62
    endloop
  endfacet
  facet normal 0 0 -1
    outer loop
      vertex -57.9665 43.1001 2.62
      vertex -56.6268 43.5065 2.62
      vertex -57.864 42.8137 2.62
    endloop
  endfacet
  facet normal 0 0 -1
    outer loop
      vertex -56.3141 45.0785 2.62
      vertex -57.3963 45.9666 2.62
      vertex -57.192 46.192 2.62
    endloop
  endfacet
  facet normal -0 0 -1
    outer loop
      vertex -56.6268 43.5065 2.62
      vertex -57.9665 43.1001 2.62
      vertex -56.6673 43.6683 2.62
    endloop
  endfacet
  facet normal 0 0 -1
    outer loop
      vertex -56.4135 44.9445 2.62
      vertex -57.5776 45.7223 2.62
      vertex -57.3963 45.9666 2.62
    endloop
  endfacet
  facet normal 0 0 -1
    outer loop
      vertex -58.0404 43.3952 2.62
      vertex -56.6673 43.6683 2.62
      vertex -57.9665 43.1001 2.62
    endloop
  endfacet
  facet normal 0 0 -1
    outer loop
      vertex -56.4993 44.8014 2.62
      vertex -57.734 45.4613 2.62
      vertex -57.5776 45.7223 2.62
    endloop
  endfacet
  facet normal -0 0 -1
    outer loop
      vertex -56.6673 43.6683 2.62
      vertex -58.0404 43.3952 2.62
      vertex -56.6918 43.8334 2.62
    endloop
  endfacet
  facet normal 0 0 -1
    outer loop
      vertex -56.5706 44.6506 2.62
      vertex -57.864 45.1863 2.62
      vertex -57.734 45.4613 2.62
    endloop
  endfacet
  facet normal 0 0 -1
    outer loop
      vertex -58.0851 43.6961 2.62
      vertex -56.6918 43.8334 2.62
      vertex -58.0404 43.3952 2.62
    endloop
  endfacet
  facet normal 0 0 -1
    outer loop
      vertex -56.6268 44.4935 2.62
      vertex -57.9665 44.8999 2.62
      vertex -57.864 45.1863 2.62
    endloop
  endfacet
  facet normal -0 0 -1
    outer loop
      vertex -56.6918 43.8334 2.62
      vertex -58.0851 43.6961 2.62
      vertex -56.7 44 2.62
    endloop
  endfacet
  facet normal 0 0 -1
    outer loop
      vertex -56.6673 44.3317 2.62
      vertex -58.0404 44.6048 2.62
      vertex -57.9665 44.8999 2.62
    endloop
  endfacet
  facet normal 0 0 -1
    outer loop
      vertex -58.1 44 2.62
      vertex -56.7 44 2.62
      vertex -58.0851 43.6961 2.62
    endloop
  endfacet
  facet normal 0 0 -1
    outer loop
      vertex -56.6918 44.1666 2.62
      vertex -58.0851 44.3039 2.62
      vertex -58.0404 44.6048 2.62
    endloop
  endfacet
  facet normal 0 0 -1
    outer loop
      vertex -56.7 44 2.62
      vertex -58.1 44 2.62
      vertex -58.0851 44.3039 2.62
    endloop
  endfacet
  facet normal -0.671576 -0.740936 0
    outer loop
      vertex -53.0334 46.3963 0.62
      vertex -52.808 46.192 2.62
      vertex -53.0334 46.3963 2.62
    endloop
  endfacet
  facet normal -0.671576 -0.740936 -0
    outer loop
      vertex -52.808 46.192 2.62
      vertex -53.0334 46.3963 0.62
      vertex -52.808 46.192 0.62
    endloop
  endfacet
  facet normal 0.336961 -0.941519 0
    outer loop
      vertex -56.1863 46.864 0.62
      vertex -55.8999 46.9665 2.62
      vertex -56.1863 46.864 2.62
    endloop
  endfacet
  facet normal 0.336961 -0.941519 0
    outer loop
      vertex -55.8999 46.9665 2.62
      vertex -56.1863 46.864 0.62
      vertex -55.8999 46.9665 0.62
    endloop
  endfacet
  facet normal -0.42738 -0.904072 0
    outer loop
      vertex -53.8137 46.864 0.62
      vertex -53.5387 46.734 2.62
      vertex -53.8137 46.864 2.62
    endloop
  endfacet
  facet normal -0.42738 -0.904072 -0
    outer loop
      vertex -53.5387 46.734 2.62
      vertex -53.8137 46.864 0.62
      vertex -53.5387 46.734 0.62
    endloop
  endfacet
  facet normal 0.9988 -0.0489705 0
    outer loop
      vertex -58.1 44 2.62
      vertex -58.0851 44.3039 0.62
      vertex -58.0851 44.3039 2.62
    endloop
  endfacet
  facet normal 0.9988 -0.0489705 0
    outer loop
      vertex -58.0851 44.3039 0.62
      vertex -58.1 44 2.62
      vertex -58.1 44 0.62
    endloop
  endfacet
  facet normal -0.803027 -0.595943 0
    outer loop
      vertex -52.4224 45.7223 0.62
      vertex -52.6037 45.9666 2.62
      vertex -52.6037 45.9666 0.62
    endloop
  endfacet
  facet normal -0.803027 -0.595943 0
    outer loop
      vertex -52.6037 45.9666 2.62
      vertex -52.4224 45.7223 0.62
      vertex -52.4224 45.7223 2.62
    endloop
  endfacet
  facet normal -0.0489705 -0.9988 0
    outer loop
      vertex -55 47.1 0.62
      vertex -54.6961 47.0851 2.62
      vertex -55 47.1 2.62
    endloop
  endfacet
  facet normal -0.0489705 -0.9988 -0
    outer loop
      vertex -54.6961 47.0851 2.62
      vertex -55 47.1 0.62
      vertex -54.6961 47.0851 0.62
    endloop
  endfacet
  facet normal 0.671576 -0.740936 0
    outer loop
      vertex -57.192 46.192 0.62
      vertex -56.9666 46.3963 2.62
      vertex -57.192 46.192 2.62
    endloop
  endfacet
  facet normal 0.671576 -0.740936 0
    outer loop
      vertex -56.9666 46.3963 2.62
      vertex -57.192 46.192 0.62
      vertex -56.9666 46.3963 0.62
    endloop
  endfacet
  facet normal -0.336961 0.941519 0
    outer loop
      vertex -53.8137 41.136 0.62
      vertex -54.1001 41.0335 2.62
      vertex -53.8137 41.136 2.62
    endloop
  endfacet
  facet normal -0.336961 0.941519 0
    outer loop
      vertex -54.1001 41.0335 2.62
      vertex -53.8137 41.136 0.62
      vertex -54.1001 41.0335 0.62
    endloop
  endfacet
  facet normal -0.740936 -0.671576 0
    outer loop
      vertex -52.6037 45.9666 0.62
      vertex -52.808 46.192 2.62
      vertex -52.808 46.192 0.62
    endloop
  endfacet
  facet normal -0.740936 -0.671576 0
    outer loop
      vertex -52.808 46.192 2.62
      vertex -52.6037 45.9666 0.62
      vertex -52.6037 45.9666 2.62
    endloop
  endfacet
  facet normal 0.242922 0.970046 -0
    outer loop
      vertex -55.6048 40.9596 0.62
      vertex -55.8999 41.0335 2.62
      vertex -55.6048 40.9596 2.62
    endloop
  endfacet
  facet normal 0.242922 0.970046 0
    outer loop
      vertex -55.8999 41.0335 2.62
      vertex -55.6048 40.9596 0.62
      vertex -55.8999 41.0335 0.62
    endloop
  endfacet
  facet normal -0.904072 -0.42738 0
    outer loop
      vertex -52.136 45.1863 0.62
      vertex -52.266 45.4613 2.62
      vertex -52.266 45.4613 0.62
    endloop
  endfacet
  facet normal -0.904072 -0.42738 0
    outer loop
      vertex -52.266 45.4613 2.62
      vertex -52.136 45.1863 0.62
      vertex -52.136 45.1863 2.62
    endloop
  endfacet
  facet normal -0.857783 0.514012 0
    outer loop
      vertex -52.4224 42.2777 0.62
      vertex -52.266 42.5387 2.62
      vertex -52.266 42.5387 0.62
    endloop
  endfacet
  facet normal -0.857783 0.514012 0
    outer loop
      vertex -52.266 42.5387 2.62
      vertex -52.4224 42.2777 0.62
      vertex -52.4224 42.2777 2.62
    endloop
  endfacet
  facet normal -0.336961 -0.941519 0
    outer loop
      vertex -54.1001 46.9665 0.62
      vertex -53.8137 46.864 2.62
      vertex -54.1001 46.9665 2.62
    endloop
  endfacet
  facet normal -0.336961 -0.941519 -0
    outer loop
      vertex -53.8137 46.864 2.62
      vertex -54.1001 46.9665 0.62
      vertex -53.8137 46.864 0.62
    endloop
  endfacet
  facet normal 0.242922 -0.970046 0
    outer loop
      vertex -55.8999 46.9665 0.62
      vertex -55.6048 47.0404 2.62
      vertex -55.8999 46.9665 2.62
    endloop
  endfacet
  facet normal 0.242922 -0.970046 0
    outer loop
      vertex -55.6048 47.0404 2.62
      vertex -55.8999 46.9665 0.62
      vertex -55.6048 47.0404 0.62
    endloop
  endfacet
  facet normal 0.514012 -0.857783 0
    outer loop
      vertex -56.7223 46.5776 0.62
      vertex -56.4613 46.734 2.62
      vertex -56.7223 46.5776 2.62
    endloop
  endfacet
  facet normal 0.514012 -0.857783 0
    outer loop
      vertex -56.4613 46.734 2.62
      vertex -56.7223 46.5776 0.62
      vertex -56.4613 46.734 0.62
    endloop
  endfacet
  facet normal 0.740936 -0.671576 0
    outer loop
      vertex -57.3963 45.9666 2.62
      vertex -57.192 46.192 0.62
      vertex -57.192 46.192 2.62
    endloop
  endfacet
  facet normal 0.740936 -0.671576 0
    outer loop
      vertex -57.192 46.192 0.62
      vertex -57.3963 45.9666 2.62
      vertex -57.3963 45.9666 0.62
    endloop
  endfacet
  facet normal -0.857783 -0.514012 0
    outer loop
      vertex -52.266 45.4613 0.62
      vertex -52.4224 45.7223 2.62
      vertex -52.4224 45.7223 0.62
    endloop
  endfacet
  facet normal -0.857783 -0.514012 0
    outer loop
      vertex -52.4224 45.7223 2.62
      vertex -52.266 45.4613 0.62
      vertex -52.266 45.4613 2.62
    endloop
  endfacet
  facet normal 0.970046 -0.242922 0
    outer loop
      vertex -58.0404 44.6048 2.62
      vertex -57.9665 44.8999 0.62
      vertex -57.9665 44.8999 2.62
    endloop
  endfacet
  facet normal 0.970046 -0.242922 0
    outer loop
      vertex -57.9665 44.8999 0.62
      vertex -58.0404 44.6048 2.62
      vertex -58.0404 44.6048 0.62
    endloop
  endfacet
  facet normal 0.146942 -0.989145 0
    outer loop
      vertex -55.6048 47.0404 0.62
      vertex -55.3039 47.0851 2.62
      vertex -55.6048 47.0404 2.62
    endloop
  endfacet
  facet normal 0.146942 -0.989145 0
    outer loop
      vertex -55.3039 47.0851 2.62
      vertex -55.6048 47.0404 0.62
      vertex -55.3039 47.0851 0.62
    endloop
  endfacet
  facet normal 0.904072 0.42738 0
    outer loop
      vertex -57.734 42.5387 2.62
      vertex -57.864 42.8137 0.62
      vertex -57.864 42.8137 2.62
    endloop
  endfacet
  facet normal 0.904072 0.42738 0
    outer loop
      vertex -57.864 42.8137 0.62
      vertex -57.734 42.5387 2.62
      vertex -57.734 42.5387 0.62
    endloop
  endfacet
  facet normal -0.146942 0.989145 0
    outer loop
      vertex -54.3952 40.9596 0.62
      vertex -54.6961 40.9149 2.62
      vertex -54.3952 40.9596 2.62
    endloop
  endfacet
  facet normal -0.146942 0.989145 0
    outer loop
      vertex -54.6961 40.9149 2.62
      vertex -54.3952 40.9596 0.62
      vertex -54.6961 40.9149 0.62
    endloop
  endfacet
  facet normal 0.336961 0.941519 -0
    outer loop
      vertex -55.8999 41.0335 0.62
      vertex -56.1863 41.136 2.62
      vertex -55.8999 41.0335 2.62
    endloop
  endfacet
  facet normal 0.336961 0.941519 0
    outer loop
      vertex -56.1863 41.136 2.62
      vertex -55.8999 41.0335 0.62
      vertex -56.1863 41.136 0.62
    endloop
  endfacet
  facet normal 0.671576 0.740936 -0
    outer loop
      vertex -56.9666 41.6037 0.62
      vertex -57.192 41.808 2.62
      vertex -56.9666 41.6037 2.62
    endloop
  endfacet
  facet normal 0.671576 0.740936 0
    outer loop
      vertex -57.192 41.808 2.62
      vertex -56.9666 41.6037 0.62
      vertex -57.192 41.808 0.62
    endloop
  endfacet
  facet normal 0.970046 0.242922 0
    outer loop
      vertex -57.9665 43.1001 2.62
      vertex -58.0404 43.3952 0.62
      vertex -58.0404 43.3952 2.62
    endloop
  endfacet
  facet normal 0.970046 0.242922 0
    outer loop
      vertex -58.0404 43.3952 0.62
      vertex -57.9665 43.1001 2.62
      vertex -57.9665 43.1001 0.62
    endloop
  endfacet
  facet normal 0.740936 0.671576 0
    outer loop
      vertex -57.192 41.808 2.62
      vertex -57.3963 42.0334 0.62
      vertex -57.3963 42.0334 2.62
    endloop
  endfacet
  facet normal 0.740936 0.671576 0
    outer loop
      vertex -57.3963 42.0334 0.62
      vertex -57.192 41.808 2.62
      vertex -57.192 41.808 0.62
    endloop
  endfacet
  facet normal 0.989145 -0.146942 0
    outer loop
      vertex -58.0851 44.3039 2.62
      vertex -58.0404 44.6048 0.62
      vertex -58.0404 44.6048 2.62
    endloop
  endfacet
  facet normal 0.989145 -0.146942 0
    outer loop
      vertex -58.0404 44.6048 0.62
      vertex -58.0851 44.3039 2.62
      vertex -58.0851 44.3039 0.62
    endloop
  endfacet
  facet normal -0.242922 -0.970046 0
    outer loop
      vertex -54.3952 47.0404 0.62
      vertex -54.1001 46.9665 2.62
      vertex -54.3952 47.0404 2.62
    endloop
  endfacet
  facet normal -0.242922 -0.970046 -0
    outer loop
      vertex -54.1001 46.9665 2.62
      vertex -54.3952 47.0404 0.62
      vertex -54.1001 46.9665 0.62
    endloop
  endfacet
  facet normal 0.9988 0.0489705 0
    outer loop
      vertex -58.0851 43.6961 2.62
      vertex -58.1 44 0.62
      vertex -58.1 44 2.62
    endloop
  endfacet
  facet normal 0.9988 0.0489705 0
    outer loop
      vertex -58.1 44 0.62
      vertex -58.0851 43.6961 2.62
      vertex -58.0851 43.6961 0.62
    endloop
  endfacet
  facet normal 0.941519 -0.336961 0
    outer loop
      vertex -57.9665 44.8999 2.62
      vertex -57.864 45.1863 0.62
      vertex -57.864 45.1863 2.62
    endloop
  endfacet
  facet normal 0.941519 -0.336961 0
    outer loop
      vertex -57.864 45.1863 0.62
      vertex -57.9665 44.8999 2.62
      vertex -57.9665 44.8999 0.62
    endloop
  endfacet
  facet normal -0.595943 0.803027 0
    outer loop
      vertex -53.0334 41.6037 0.62
      vertex -53.2777 41.4224 2.62
      vertex -53.0334 41.6037 2.62
    endloop
  endfacet
  facet normal -0.595943 0.803027 0
    outer loop
      vertex -53.2777 41.4224 2.62
      vertex -53.0334 41.6037 0.62
      vertex -53.2777 41.4224 0.62
    endloop
  endfacet
  facet normal 0.803027 -0.595943 0
    outer loop
      vertex -57.5776 45.7223 2.62
      vertex -57.3963 45.9666 0.62
      vertex -57.3963 45.9666 2.62
    endloop
  endfacet
  facet normal 0.803027 -0.595943 0
    outer loop
      vertex -57.3963 45.9666 0.62
      vertex -57.5776 45.7223 2.62
      vertex -57.5776 45.7223 0.62
    endloop
  endfacet
  facet normal 0.514012 0.857783 -0
    outer loop
      vertex -56.4613 41.266 0.62
      vertex -56.7223 41.4224 2.62
      vertex -56.4613 41.266 2.62
    endloop
  endfacet
  facet normal 0.514012 0.857783 0
    outer loop
      vertex -56.7223 41.4224 2.62
      vertex -56.4613 41.266 0.62
      vertex -56.7223 41.4224 0.62
    endloop
  endfacet
  facet normal 0.595943 0.803027 -0
    outer loop
      vertex -56.7223 41.4224 0.62
      vertex -56.9666 41.6037 2.62
      vertex -56.7223 41.4224 2.62
    endloop
  endfacet
  facet normal 0.595943 0.803027 0
    outer loop
      vertex -56.9666 41.6037 2.62
      vertex -56.7223 41.4224 0.62
      vertex -56.9666 41.6037 0.62
    endloop
  endfacet
  facet normal 0.904072 -0.42738 0
    outer loop
      vertex -57.864 45.1863 2.62
      vertex -57.734 45.4613 0.62
      vertex -57.734 45.4613 2.62
    endloop
  endfacet
  facet normal 0.904072 -0.42738 0
    outer loop
      vertex -57.734 45.4613 0.62
      vertex -57.864 45.1863 2.62
      vertex -57.864 45.1863 0.62
    endloop
  endfacet
  facet normal -0.904072 0.42738 0
    outer loop
      vertex -52.266 42.5387 0.62
      vertex -52.136 42.8137 2.62
      vertex -52.136 42.8137 0.62
    endloop
  endfacet
  facet normal -0.904072 0.42738 0
    outer loop
      vertex -52.136 42.8137 2.62
      vertex -52.266 42.5387 0.62
      vertex -52.266 42.5387 2.62
    endloop
  endfacet
  facet normal 0.0489705 0.9988 -0
    outer loop
      vertex -55 40.9 0.62
      vertex -55.3039 40.9149 2.62
      vertex -55 40.9 2.62
    endloop
  endfacet
  facet normal 0.0489705 0.9988 0
    outer loop
      vertex -55.3039 40.9149 2.62
      vertex -55 40.9 0.62
      vertex -55.3039 40.9149 0.62
    endloop
  endfacet
  facet normal 0.146942 0.989145 -0
    outer loop
      vertex -55.3039 40.9149 0.62
      vertex -55.6048 40.9596 2.62
      vertex -55.3039 40.9149 2.62
    endloop
  endfacet
  facet normal 0.146942 0.989145 0
    outer loop
      vertex -55.6048 40.9596 2.62
      vertex -55.3039 40.9149 0.62
      vertex -55.6048 40.9596 0.62
    endloop
  endfacet
  facet normal -0.671576 0.740936 0
    outer loop
      vertex -52.808 41.808 0.62
      vertex -53.0334 41.6037 2.62
      vertex -52.808 41.808 2.62
    endloop
  endfacet
  facet normal -0.671576 0.740936 0
    outer loop
      vertex -53.0334 41.6037 2.62
      vertex -52.808 41.808 0.62
      vertex -53.0334 41.6037 0.62
    endloop
  endfacet
  facet normal -0.146942 -0.989145 0
    outer loop
      vertex -54.6961 47.0851 0.62
      vertex -54.3952 47.0404 2.62
      vertex -54.6961 47.0851 2.62
    endloop
  endfacet
  facet normal -0.146942 -0.989145 -0
    outer loop
      vertex -54.3952 47.0404 2.62
      vertex -54.6961 47.0851 0.62
      vertex -54.3952 47.0404 0.62
    endloop
  endfacet
  facet normal 0.42738 0.904072 -0
    outer loop
      vertex -56.1863 41.136 0.62
      vertex -56.4613 41.266 2.62
      vertex -56.1863 41.136 2.62
    endloop
  endfacet
  facet normal 0.42738 0.904072 0
    outer loop
      vertex -56.4613 41.266 2.62
      vertex -56.1863 41.136 0.62
      vertex -56.4613 41.266 0.62
    endloop
  endfacet
  facet normal 0 0 1
    outer loop
      vertex -53.3 44 0.62
      vertex -51.9 44 0.62
      vertex -51.9149 44.3039 0.62
    endloop
  endfacet
  facet normal 0 0 1
    outer loop
      vertex -53.3082 44.1666 0.62
      vertex -51.9149 44.3039 0.62
      vertex -51.9596 44.6048 0.62
    endloop
  endfacet
  facet normal 0 0 1
    outer loop
      vertex -51.9 44 0.62
      vertex -53.3 44 0.62
      vertex -51.9149 43.6961 0.62
    endloop
  endfacet
  facet normal 0 0 1
    outer loop
      vertex -53.3327 44.3317 0.62
      vertex -51.9596 44.6048 0.62
      vertex -52.0335 44.8999 0.62
    endloop
  endfacet
  facet normal -0 0 1
    outer loop
      vertex -53.3082 43.8334 0.62
      vertex -51.9149 43.6961 0.62
      vertex -53.3 44 0.62
    endloop
  endfacet
  facet normal 0 0 1
    outer loop
      vertex -53.3732 44.4935 0.62
      vertex -52.0335 44.8999 0.62
      vertex -52.136 45.1863 0.62
    endloop
  endfacet
  facet normal 0 0 1
    outer loop
      vertex -51.9149 43.6961 0.62
      vertex -53.3082 43.8334 0.62
      vertex -51.9596 43.3952 0.62
    endloop
  endfacet
  facet normal 0 0 1
    outer loop
      vertex -53.4294 44.6506 0.62
      vertex -52.136 45.1863 0.62
      vertex -52.266 45.4613 0.62
    endloop
  endfacet
  facet normal -0 0 1
    outer loop
      vertex -53.3327 43.6683 0.62
      vertex -51.9596 43.3952 0.62
      vertex -53.3082 43.8334 0.62
    endloop
  endfacet
  facet normal 0 0 1
    outer loop
      vertex -53.5007 44.8014 0.62
      vertex -52.266 45.4613 0.62
      vertex -52.4224 45.7223 0.62
    endloop
  endfacet
  facet normal 0 0 1
    outer loop
      vertex -51.9596 43.3952 0.62
      vertex -53.3327 43.6683 0.62
      vertex -52.0335 43.1001 0.62
    endloop
  endfacet
  facet normal 0 0 1
    outer loop
      vertex -53.5865 44.9445 0.62
      vertex -52.4224 45.7223 0.62
      vertex -52.6037 45.9666 0.62
    endloop
  endfacet
  facet normal -0 0 1
    outer loop
      vertex -53.3732 43.5065 0.62
      vertex -52.0335 43.1001 0.62
      vertex -53.3327 43.6683 0.62
    endloop
  endfacet
  facet normal 0 0 1
    outer loop
      vertex -53.6859 45.0785 0.62
      vertex -52.6037 45.9666 0.62
      vertex -52.808 46.192 0.62
    endloop
  endfacet
  facet normal 0 0 1
    outer loop
      vertex -52.0335 43.1001 0.62
      vertex -53.3732 43.5065 0.62
      vertex -52.136 42.8137 0.62
    endloop
  endfacet
  facet normal 0 0 1
    outer loop
      vertex -53.7979 45.2021 0.62
      vertex -52.808 46.192 0.62
      vertex -53.0334 46.3963 0.62
    endloop
  endfacet
  facet normal -0 0 1
    outer loop
      vertex -53.4294 43.3494 0.62
      vertex -52.136 42.8137 0.62
      vertex -53.3732 43.5065 0.62
    endloop
  endfacet
  facet normal 0 0 1
    outer loop
      vertex -53.9215 45.3141 0.62
      vertex -53.0334 46.3963 0.62
      vertex -53.2777 46.5776 0.62
    endloop
  endfacet
  facet normal 0 0 1
    outer loop
      vertex -52.136 42.8137 0.62
      vertex -53.4294 43.3494 0.62
      vertex -52.266 42.5387 0.62
    endloop
  endfacet
  facet normal -0 0 1
    outer loop
      vertex -53.5007 43.1986 0.62
      vertex -52.266 42.5387 0.62
      vertex -53.4294 43.3494 0.62
    endloop
  endfacet
  facet normal 0 0 1
    outer loop
      vertex -51.9149 44.3039 0.62
      vertex -53.3082 44.1666 0.62
      vertex -53.3 44 0.62
    endloop
  endfacet
  facet normal 0 0 1
    outer loop
      vertex -51.9596 44.6048 0.62
      vertex -53.3327 44.3317 0.62
      vertex -53.3082 44.1666 0.62
    endloop
  endfacet
  facet normal 0 0 1
    outer loop
      vertex -52.0335 44.8999 0.62
      vertex -53.3732 44.4935 0.62
      vertex -53.3327 44.3317 0.62
    endloop
  endfacet
  facet normal 0 0 1
    outer loop
      vertex -52.136 45.1863 0.62
      vertex -53.4294 44.6506 0.62
      vertex -53.3732 44.4935 0.62
    endloop
  endfacet
  facet normal 0 0 1
    outer loop
      vertex -52.266 45.4613 0.62
      vertex -53.5007 44.8014 0.62
      vertex -53.4294 44.6506 0.62
    endloop
  endfacet
  facet normal 0 0 1
    outer loop
      vertex -54.0555 45.4135 0.62
      vertex -53.2777 46.5776 0.62
      vertex -53.5387 46.734 0.62
    endloop
  endfacet
  facet normal 0 0 1
    outer loop
      vertex -52.4224 45.7223 0.62
      vertex -53.5865 44.9445 0.62
      vertex -53.5007 44.8014 0.62
    endloop
  endfacet
  facet normal 0 0 1
    outer loop
      vertex -52.6037 45.9666 0.62
      vertex -53.6859 45.0785 0.62
      vertex -53.5865 44.9445 0.62
    endloop
  endfacet
  facet normal 0 0 1
    outer loop
      vertex -52.808 46.192 0.62
      vertex -53.7979 45.2021 0.62
      vertex -53.6859 45.0785 0.62
    endloop
  endfacet
  facet normal 0 0 1
    outer loop
      vertex -54.1986 45.4993 0.62
      vertex -53.5387 46.734 0.62
      vertex -53.8137 46.864 0.62
    endloop
  endfacet
  facet normal 0 0 1
    outer loop
      vertex -53.0334 46.3963 0.62
      vertex -53.9215 45.3141 0.62
      vertex -53.7979 45.2021 0.62
    endloop
  endfacet
  facet normal 0 0 1
    outer loop
      vertex -53.2777 46.5776 0.62
      vertex -54.0555 45.4135 0.62
      vertex -53.9215 45.3141 0.62
    endloop
  endfacet
  facet normal 0 0 1
    outer loop
      vertex -54.3494 45.5706 0.62
      vertex -53.8137 46.864 0.62
      vertex -54.1001 46.9665 0.62
    endloop
  endfacet
  facet normal 0 0 1
    outer loop
      vertex -53.5387 46.734 0.62
      vertex -54.1986 45.4993 0.62
      vertex -54.0555 45.4135 0.62
    endloop
  endfacet
  facet normal 0 0 1
    outer loop
      vertex -53.8137 46.864 0.62
      vertex -54.3494 45.5706 0.62
      vertex -54.1986 45.4993 0.62
    endloop
  endfacet
  facet normal 0 0 1
    outer loop
      vertex -54.5065 45.6268 0.62
      vertex -54.1001 46.9665 0.62
      vertex -54.3952 47.0404 0.62
    endloop
  endfacet
  facet normal 0 0 1
    outer loop
      vertex -54.1001 46.9665 0.62
      vertex -54.5065 45.6268 0.62
      vertex -54.3494 45.5706 0.62
    endloop
  endfacet
  facet normal 0 0 1
    outer loop
      vertex -54.3952 47.0404 0.62
      vertex -54.6683 45.6673 0.62
      vertex -54.5065 45.6268 0.62
    endloop
  endfacet
  facet normal 0 0 1
    outer loop
      vertex -54.6961 47.0851 0.62
      vertex -54.6683 45.6673 0.62
      vertex -54.3952 47.0404 0.62
    endloop
  endfacet
  facet normal 0 0 1
    outer loop
      vertex -54.6961 47.0851 0.62
      vertex -54.8334 45.6918 0.62
      vertex -54.6683 45.6673 0.62
    endloop
  endfacet
  facet normal 0 0 1
    outer loop
      vertex -55 47.1 0.62
      vertex -54.8334 45.6918 0.62
      vertex -54.6961 47.0851 0.62
    endloop
  endfacet
  facet normal 0 0 1
    outer loop
      vertex -55 47.1 0.62
      vertex -55 45.7 0.62
      vertex -54.8334 45.6918 0.62
    endloop
  endfacet
  facet normal 0 0 1
    outer loop
      vertex -55 47.1 0.62
      vertex -55.1666 45.6918 0.62
      vertex -55 45.7 0.62
    endloop
  endfacet
  facet normal -0 0 1
    outer loop
      vertex -55.3039 47.0851 0.62
      vertex -55.1666 45.6918 0.62
      vertex -55 47.1 0.62
    endloop
  endfacet
  facet normal 0 0 1
    outer loop
      vertex -55.3039 47.0851 0.62
      vertex -55.3317 45.6673 0.62
      vertex -55.1666 45.6918 0.62
    endloop
  endfacet
  facet normal -0 0 1
    outer loop
      vertex -55.6048 47.0404 0.62
      vertex -55.3317 45.6673 0.62
      vertex -55.3039 47.0851 0.62
    endloop
  endfacet
  facet normal 0 0 1
    outer loop
      vertex -55.3317 45.6673 0.62
      vertex -55.6048 47.0404 0.62
      vertex -55.4935 45.6268 0.62
    endloop
  endfacet
  facet normal -0 0 1
    outer loop
      vertex -55.8999 46.9665 0.62
      vertex -55.4935 45.6268 0.62
      vertex -55.6048 47.0404 0.62
    endloop
  endfacet
  facet normal 0 0 1
    outer loop
      vertex -55.4935 45.6268 0.62
      vertex -55.8999 46.9665 0.62
      vertex -55.6506 45.5706 0.62
    endloop
  endfacet
  facet normal -0 0 1
    outer loop
      vertex -56.1863 46.864 0.62
      vertex -55.6506 45.5706 0.62
      vertex -55.8999 46.9665 0.62
    endloop
  endfacet
  facet normal 0 0 1
    outer loop
      vertex -55.6506 45.5706 0.62
      vertex -56.1863 46.864 0.62
      vertex -55.8014 45.4993 0.62
    endloop
  endfacet
  facet normal -0 0 1
    outer loop
      vertex -56.4613 46.734 0.62
      vertex -55.8014 45.4993 0.62
      vertex -56.1863 46.864 0.62
    endloop
  endfacet
  facet normal 0 0 1
    outer loop
      vertex -55.8014 45.4993 0.62
      vertex -56.4613 46.734 0.62
      vertex -55.9445 45.4135 0.62
    endloop
  endfacet
  facet normal -0 0 1
    outer loop
      vertex -56.7223 46.5776 0.62
      vertex -55.9445 45.4135 0.62
      vertex -56.4613 46.734 0.62
    endloop
  endfacet
  facet normal 0 0 1
    outer loop
      vertex -55.9445 45.4135 0.62
      vertex -56.7223 46.5776 0.62
      vertex -56.0785 45.3141 0.62
    endloop
  endfacet
  facet normal -0 0 1
    outer loop
      vertex -56.9666 46.3963 0.62
      vertex -56.0785 45.3141 0.62
      vertex -56.7223 46.5776 0.62
    endloop
  endfacet
  facet normal 0 0 1
    outer loop
      vertex -56.0785 45.3141 0.62
      vertex -56.9666 46.3963 0.62
      vertex -56.2021 45.2021 0.62
    endloop
  endfacet
  facet normal -0 0 1
    outer loop
      vertex -57.192 46.192 0.62
      vertex -56.2021 45.2021 0.62
      vertex -56.9666 46.3963 0.62
    endloop
  endfacet
  facet normal 0 0 1
    outer loop
      vertex -56.2021 45.2021 0.62
      vertex -57.192 46.192 0.62
      vertex -56.3141 45.0785 0.62
    endloop
  endfacet
  facet normal -0 0 1
    outer loop
      vertex -57.3963 45.9666 0.62
      vertex -56.3141 45.0785 0.62
      vertex -57.192 46.192 0.62
    endloop
  endfacet
  facet normal 0 0 1
    outer loop
      vertex -56.3141 45.0785 0.62
      vertex -57.3963 45.9666 0.62
      vertex -56.4135 44.9445 0.62
    endloop
  endfacet
  facet normal -0 0 1
    outer loop
      vertex -57.5776 45.7223 0.62
      vertex -56.4135 44.9445 0.62
      vertex -57.3963 45.9666 0.62
    endloop
  endfacet
  facet normal -0 0 1
    outer loop
      vertex -57.734 45.4613 0.62
      vertex -56.4993 44.8014 0.62
      vertex -57.5776 45.7223 0.62
    endloop
  endfacet
  facet normal 0 0 1
    outer loop
      vertex -56.4135 44.9445 0.62
      vertex -57.5776 45.7223 0.62
      vertex -56.4993 44.8014 0.62
    endloop
  endfacet
  facet normal 0 0 1
    outer loop
      vertex -52.266 42.5387 0.62
      vertex -53.5007 43.1986 0.62
      vertex -52.4224 42.2777 0.62
    endloop
  endfacet
  facet normal -0 0 1
    outer loop
      vertex -53.5865 43.0555 0.62
      vertex -52.4224 42.2777 0.62
      vertex -53.5007 43.1986 0.62
    endloop
  endfacet
  facet normal 0 0 1
    outer loop
      vertex -52.4224 42.2777 0.62
      vertex -53.5865 43.0555 0.62
      vertex -52.6037 42.0334 0.62
    endloop
  endfacet
  facet normal -0 0 1
    outer loop
      vertex -53.6859 42.9215 0.62
      vertex -52.6037 42.0334 0.62
      vertex -53.5865 43.0555 0.62
    endloop
  endfacet
  facet normal 0 0 1
    outer loop
      vertex -52.6037 42.0334 0.62
      vertex -53.6859 42.9215 0.62
      vertex -52.808 41.808 0.62
    endloop
  endfacet
  facet normal -0 0 1
    outer loop
      vertex -53.7979 42.7979 0.62
      vertex -52.808 41.808 0.62
      vertex -53.6859 42.9215 0.62
    endloop
  endfacet
  facet normal 0 0 1
    outer loop
      vertex -52.808 41.808 0.62
      vertex -53.7979 42.7979 0.62
      vertex -53.0334 41.6037 0.62
    endloop
  endfacet
  facet normal -0 0 1
    outer loop
      vertex -53.9215 42.6859 0.62
      vertex -53.0334 41.6037 0.62
      vertex -53.7979 42.7979 0.62
    endloop
  endfacet
  facet normal 0 0 1
    outer loop
      vertex -53.0334 41.6037 0.62
      vertex -53.9215 42.6859 0.62
      vertex -53.2777 41.4224 0.62
    endloop
  endfacet
  facet normal -0 0 1
    outer loop
      vertex -54.0555 42.5865 0.62
      vertex -53.2777 41.4224 0.62
      vertex -53.9215 42.6859 0.62
    endloop
  endfacet
  facet normal 0 0 1
    outer loop
      vertex -53.2777 41.4224 0.62
      vertex -54.0555 42.5865 0.62
      vertex -53.5387 41.266 0.62
    endloop
  endfacet
  facet normal -0 0 1
    outer loop
      vertex -54.1986 42.5007 0.62
      vertex -53.5387 41.266 0.62
      vertex -54.0555 42.5865 0.62
    endloop
  endfacet
  facet normal 0 0 1
    outer loop
      vertex -53.5387 41.266 0.62
      vertex -54.1986 42.5007 0.62
      vertex -53.8137 41.136 0.62
    endloop
  endfacet
  facet normal -0 0 1
    outer loop
      vertex -54.3494 42.4294 0.62
      vertex -53.8137 41.136 0.62
      vertex -54.1986 42.5007 0.62
    endloop
  endfacet
  facet normal 0 0 1
    outer loop
      vertex -53.8137 41.136 0.62
      vertex -54.3494 42.4294 0.62
      vertex -54.1001 41.0335 0.62
    endloop
  endfacet
  facet normal -0 0 1
    outer loop
      vertex -54.5065 42.3732 0.62
      vertex -54.1001 41.0335 0.62
      vertex -54.3494 42.4294 0.62
    endloop
  endfacet
  facet normal 0 0 1
    outer loop
      vertex -54.1001 41.0335 0.62
      vertex -54.5065 42.3732 0.62
      vertex -54.3952 40.9596 0.62
    endloop
  endfacet
  facet normal -0 0 1
    outer loop
      vertex -54.6683 42.3327 0.62
      vertex -54.3952 40.9596 0.62
      vertex -54.5065 42.3732 0.62
    endloop
  endfacet
  facet normal 0 0 1
    outer loop
      vertex -54.6683 42.3327 0.62
      vertex -54.6961 40.9149 0.62
      vertex -54.3952 40.9596 0.62
    endloop
  endfacet
  facet normal -0 0 1
    outer loop
      vertex -54.8334 42.3082 0.62
      vertex -54.6961 40.9149 0.62
      vertex -54.6683 42.3327 0.62
    endloop
  endfacet
  facet normal -0 0 1
    outer loop
      vertex -55 42.3 0.62
      vertex -54.6961 40.9149 0.62
      vertex -54.8334 42.3082 0.62
    endloop
  endfacet
  facet normal 0 0 1
    outer loop
      vertex -55 42.3 0.62
      vertex -55 40.9 0.62
      vertex -54.6961 40.9149 0.62
    endloop
  endfacet
  facet normal 0 0 1
    outer loop
      vertex -55.1666 42.3082 0.62
      vertex -55 40.9 0.62
      vertex -55 42.3 0.62
    endloop
  endfacet
  facet normal 0 0 1
    outer loop
      vertex -55.1666 42.3082 0.62
      vertex -55.3039 40.9149 0.62
      vertex -55 40.9 0.62
    endloop
  endfacet
  facet normal 0 0 1
    outer loop
      vertex -55.3317 42.3327 0.62
      vertex -55.3039 40.9149 0.62
      vertex -55.1666 42.3082 0.62
    endloop
  endfacet
  facet normal 0 0 1
    outer loop
      vertex -55.6048 40.9596 0.62
      vertex -55.3317 42.3327 0.62
      vertex -55.4935 42.3732 0.62
    endloop
  endfacet
  facet normal 0 0 1
    outer loop
      vertex -55.3317 42.3327 0.62
      vertex -55.6048 40.9596 0.62
      vertex -55.3039 40.9149 0.62
    endloop
  endfacet
  facet normal 0 0 1
    outer loop
      vertex -55.8999 41.0335 0.62
      vertex -55.4935 42.3732 0.62
      vertex -55.6506 42.4294 0.62
    endloop
  endfacet
  facet normal 0 0 1
    outer loop
      vertex -56.1863 41.136 0.62
      vertex -55.6506 42.4294 0.62
      vertex -55.8014 42.5007 0.62
    endloop
  endfacet
  facet normal 0 0 1
    outer loop
      vertex -55.4935 42.3732 0.62
      vertex -55.8999 41.0335 0.62
      vertex -55.6048 40.9596 0.62
    endloop
  endfacet
  facet normal 0 0 1
    outer loop
      vertex -56.4613 41.266 0.62
      vertex -55.8014 42.5007 0.62
      vertex -55.9445 42.5865 0.62
    endloop
  endfacet
  facet normal 0 0 1
    outer loop
      vertex -56.7223 41.4224 0.62
      vertex -55.9445 42.5865 0.62
      vertex -56.0785 42.6859 0.62
    endloop
  endfacet
  facet normal 0 0 1
    outer loop
      vertex -55.6506 42.4294 0.62
      vertex -56.1863 41.136 0.62
      vertex -55.8999 41.0335 0.62
    endloop
  endfacet
  facet normal 0 0 1
    outer loop
      vertex -56.9666 41.6037 0.62
      vertex -56.0785 42.6859 0.62
      vertex -56.2021 42.7979 0.62
    endloop
  endfacet
  facet normal 0 0 1
    outer loop
      vertex -57.192 41.808 0.62
      vertex -56.2021 42.7979 0.62
      vertex -56.3141 42.9215 0.62
    endloop
  endfacet
  facet normal 0 0 1
    outer loop
      vertex -57.3963 42.0334 0.62
      vertex -56.3141 42.9215 0.62
      vertex -56.4135 43.0555 0.62
    endloop
  endfacet
  facet normal 0 0 1
    outer loop
      vertex -55.8014 42.5007 0.62
      vertex -56.4613 41.266 0.62
      vertex -56.1863 41.136 0.62
    endloop
  endfacet
  facet normal 0 0 1
    outer loop
      vertex -57.5776 42.2777 0.62
      vertex -56.4135 43.0555 0.62
      vertex -56.4993 43.1986 0.62
    endloop
  endfacet
  facet normal 0 0 1
    outer loop
      vertex -57.734 42.5387 0.62
      vertex -56.4993 43.1986 0.62
      vertex -56.5706 43.3494 0.62
    endloop
  endfacet
  facet normal 0 0 1
    outer loop
      vertex -57.864 42.8137 0.62
      vertex -56.5706 43.3494 0.62
      vertex -56.6268 43.5065 0.62
    endloop
  endfacet
  facet normal 0 0 1
    outer loop
      vertex -57.9665 43.1001 0.62
      vertex -56.6268 43.5065 0.62
      vertex -56.6673 43.6683 0.62
    endloop
  endfacet
  facet normal 0 0 1
    outer loop
      vertex -58.0404 43.3952 0.62
      vertex -56.6673 43.6683 0.62
      vertex -56.6918 43.8334 0.62
    endloop
  endfacet
  facet normal 0 0 1
    outer loop
      vertex -55.9445 42.5865 0.62
      vertex -56.7223 41.4224 0.62
      vertex -56.4613 41.266 0.62
    endloop
  endfacet
  facet normal 0 0 1
    outer loop
      vertex -58.0851 43.6961 0.62
      vertex -56.6918 43.8334 0.62
      vertex -56.7 44 0.62
    endloop
  endfacet
  facet normal 0 0 1
    outer loop
      vertex -56.4993 44.8014 0.62
      vertex -57.734 45.4613 0.62
      vertex -56.5706 44.6506 0.62
    endloop
  endfacet
  facet normal -0 0 1
    outer loop
      vertex -57.864 45.1863 0.62
      vertex -56.5706 44.6506 0.62
      vertex -57.734 45.4613 0.62
    endloop
  endfacet
  facet normal 0 0 1
    outer loop
      vertex -56.0785 42.6859 0.62
      vertex -56.9666 41.6037 0.62
      vertex -56.7223 41.4224 0.62
    endloop
  endfacet
  facet normal 0 0 1
    outer loop
      vertex -56.5706 44.6506 0.62
      vertex -57.864 45.1863 0.62
      vertex -56.6268 44.4935 0.62
    endloop
  endfacet
  facet normal 0 0 1
    outer loop
      vertex -56.2021 42.7979 0.62
      vertex -57.192 41.808 0.62
      vertex -56.9666 41.6037 0.62
    endloop
  endfacet
  facet normal -0 0 1
    outer loop
      vertex -57.9665 44.8999 0.62
      vertex -56.6268 44.4935 0.62
      vertex -57.864 45.1863 0.62
    endloop
  endfacet
  facet normal 0 0 1
    outer loop
      vertex -56.3141 42.9215 0.62
      vertex -57.3963 42.0334 0.62
      vertex -57.192 41.808 0.62
    endloop
  endfacet
  facet normal 0 0 1
    outer loop
      vertex -56.6268 44.4935 0.62
      vertex -57.9665 44.8999 0.62
      vertex -56.6673 44.3317 0.62
    endloop
  endfacet
  facet normal 0 0 1
    outer loop
      vertex -56.4135 43.0555 0.62
      vertex -57.5776 42.2777 0.62
      vertex -57.3963 42.0334 0.62
    endloop
  endfacet
  facet normal -0 0 1
    outer loop
      vertex -58.0404 44.6048 0.62
      vertex -56.6673 44.3317 0.62
      vertex -57.9665 44.8999 0.62
    endloop
  endfacet
  facet normal 0 0 1
    outer loop
      vertex -56.4993 43.1986 0.62
      vertex -57.734 42.5387 0.62
      vertex -57.5776 42.2777 0.62
    endloop
  endfacet
  facet normal 0 0 1
    outer loop
      vertex -56.6673 44.3317 0.62
      vertex -58.0404 44.6048 0.62
      vertex -56.6918 44.1666 0.62
    endloop
  endfacet
  facet normal 0 0 1
    outer loop
      vertex -56.5706 43.3494 0.62
      vertex -57.864 42.8137 0.62
      vertex -57.734 42.5387 0.62
    endloop
  endfacet
  facet normal -0 0 1
    outer loop
      vertex -58.0851 44.3039 0.62
      vertex -56.6918 44.1666 0.62
      vertex -58.0404 44.6048 0.62
    endloop
  endfacet
  facet normal 0 0 1
    outer loop
      vertex -56.6268 43.5065 0.62
      vertex -57.9665 43.1001 0.62
      vertex -57.864 42.8137 0.62
    endloop
  endfacet
  facet normal 0 0 1
    outer loop
      vertex -56.6918 44.1666 0.62
      vertex -58.0851 44.3039 0.62
      vertex -56.7 44 0.62
    endloop
  endfacet
  facet normal 0 0 1
    outer loop
      vertex -56.6673 43.6683 0.62
      vertex -58.0404 43.3952 0.62
      vertex -57.9665 43.1001 0.62
    endloop
  endfacet
  facet normal 0 0 1
    outer loop
      vertex -58.1 44 0.62
      vertex -56.7 44 0.62
      vertex -58.0851 44.3039 0.62
    endloop
  endfacet
  facet normal 0 0 1
    outer loop
      vertex -56.6918 43.8334 0.62
      vertex -58.0851 43.6961 0.62
      vertex -58.0404 43.3952 0.62
    endloop
  endfacet
  facet normal 0 0 1
    outer loop
      vertex -56.7 44 0.62
      vertex -58.1 44 0.62
      vertex -58.0851 43.6961 0.62
    endloop
  endfacet
  facet normal -0.671478 0.741024 0
    outer loop
      vertex 56.2021 -45.2021 2.62
      vertex 56.0785 -45.3141 2.98
      vertex 56.2021 -45.2021 2.98
    endloop
  endfacet
  facet normal -0.671478 0.741024 0
    outer loop
      vertex 56.0785 -45.3141 2.98
      vertex 56.2021 -45.2021 2.62
      vertex 56.0785 -45.3141 2.62
    endloop
  endfacet
  facet normal -0.671478 0.741024 0
    outer loop
      vertex 56.2021 -45.2021 -0.0199995
      vertex 56.0785 -45.3141 0.62
      vertex 56.2021 -45.2021 0.62
    endloop
  endfacet
  facet normal -0.671478 0.741024 0
    outer loop
      vertex 56.0785 -45.3141 0.62
      vertex 56.2021 -45.2021 -0.0199995
      vertex 56.0785 -45.3141 -0.0199995
    endloop
  endfacet
  facet normal -0.989168 -0.146788 0
    outer loop
      vertex 56.6918 -43.8334 -0.0199995
      vertex 56.6673 -43.6683 0.62
      vertex 56.6673 -43.6683 -0.0199995
    endloop
  endfacet
  facet normal -0.989168 -0.146788 0
    outer loop
      vertex 56.6673 -43.6683 0.62
      vertex 56.6918 -43.8334 -0.0199995
      vertex 56.6918 -43.8334 0.62
    endloop
  endfacet
  facet normal -0.989168 -0.146788 0
    outer loop
      vertex 56.6918 -43.8334 2.62
      vertex 56.6673 -43.6683 2.98
      vertex 56.6673 -43.6683 2.62
    endloop
  endfacet
  facet normal -0.989168 -0.146788 0
    outer loop
      vertex 56.6673 -43.6683 2.98
      vertex 56.6918 -43.8334 2.62
      vertex 56.6918 -43.8334 2.98
    endloop
  endfacet
  facet normal -0.998791 -0.0491602 0
    outer loop
      vertex 56.7 -44 -0.0199995
      vertex 56.6918 -43.8334 0.62
      vertex 56.6918 -43.8334 -0.0199995
    endloop
  endfacet
  facet normal -0.998791 -0.0491602 0
    outer loop
      vertex 56.6918 -43.8334 0.62
      vertex 56.7 -44 -0.0199995
      vertex 56.7 -44 0.62
    endloop
  endfacet
  facet normal -0.998791 -0.0491602 0
    outer loop
      vertex 56.7 -44 2.62
      vertex 56.6918 -43.8334 2.98
      vertex 56.6918 -43.8334 2.62
    endloop
  endfacet
  facet normal -0.998791 -0.0491602 0
    outer loop
      vertex 56.6918 -43.8334 2.98
      vertex 56.7 -44 2.62
      vertex 56.7 -44 2.98
    endloop
  endfacet
  facet normal -0.970072 -0.242818 0
    outer loop
      vertex 56.6673 -43.6683 -0.0199995
      vertex 56.6268 -43.5065 0.62
      vertex 56.6268 -43.5065 -0.0199995
    endloop
  endfacet
  facet normal -0.970072 -0.242818 0
    outer loop
      vertex 56.6268 -43.5065 0.62
      vertex 56.6673 -43.6683 -0.0199995
      vertex 56.6673 -43.6683 0.62
    endloop
  endfacet
  facet normal -0.970072 -0.242818 0
    outer loop
      vertex 56.6673 -43.6683 2.62
      vertex 56.6268 -43.5065 2.98
      vertex 56.6268 -43.5065 2.62
    endloop
  endfacet
  facet normal -0.970072 -0.242818 0
    outer loop
      vertex 56.6268 -43.5065 2.98
      vertex 56.6673 -43.6683 2.62
      vertex 56.6673 -43.6683 2.98
    endloop
  endfacet
  facet normal -0.427442 0.904043 0
    outer loop
      vertex 55.8014 -45.4993 2.62
      vertex 55.6506 -45.5706 2.98
      vertex 55.8014 -45.4993 2.98
    endloop
  endfacet
  facet normal -0.427442 0.904043 0
    outer loop
      vertex 55.6506 -45.5706 2.98
      vertex 55.8014 -45.4993 2.62
      vertex 55.6506 -45.5706 2.62
    endloop
  endfacet
  facet normal -0.427442 0.904043 0
    outer loop
      vertex 55.8014 -45.4993 -0.0199995
      vertex 55.6506 -45.5706 0.62
      vertex 55.8014 -45.4993 0.62
    endloop
  endfacet
  facet normal -0.427442 0.904043 0
    outer loop
      vertex 55.6506 -45.5706 0.62
      vertex 55.8014 -45.4993 -0.0199995
      vertex 55.6506 -45.5706 -0.0199995
    endloop
  endfacet
  facet normal 0.0491602 -0.998791 0
    outer loop
      vertex 54.8334 -42.3082 -0.0199995
      vertex 55 -42.3 0.62
      vertex 54.8334 -42.3082 0.62
    endloop
  endfacet
  facet normal 0.0491602 -0.998791 0
    outer loop
      vertex 55 -42.3 0.62
      vertex 54.8334 -42.3082 -0.0199995
      vertex 55 -42.3 -0.0199995
    endloop
  endfacet
  facet normal 0.0491602 -0.998791 0
    outer loop
      vertex 54.8334 -42.3082 2.62
      vertex 55 -42.3 2.98
      vertex 54.8334 -42.3082 2.98
    endloop
  endfacet
  facet normal 0.0491602 -0.998791 0
    outer loop
      vertex 55 -42.3 2.98
      vertex 54.8334 -42.3082 2.62
      vertex 55 -42.3 2.62
    endloop
  endfacet
  facet normal 0.427442 -0.904043 0
    outer loop
      vertex 54.1986 -42.5007 -0.0199995
      vertex 54.3494 -42.4294 0.62
      vertex 54.1986 -42.5007 0.62
    endloop
  endfacet
  facet normal 0.427442 -0.904043 0
    outer loop
      vertex 54.3494 -42.4294 0.62
      vertex 54.1986 -42.5007 -0.0199995
      vertex 54.3494 -42.4294 -0.0199995
    endloop
  endfacet
  facet normal 0.427442 -0.904043 0
    outer loop
      vertex 54.1986 -42.5007 2.62
      vertex 54.3494 -42.4294 2.98
      vertex 54.1986 -42.5007 2.98
    endloop
  endfacet
  facet normal 0.427442 -0.904043 0
    outer loop
      vertex 54.3494 -42.4294 2.98
      vertex 54.1986 -42.5007 2.62
      vertex 54.3494 -42.4294 2.62
    endloop
  endfacet
  facet normal -0.741024 -0.671478 0
    outer loop
      vertex 56.3141 -42.9215 -0.0199995
      vertex 56.2021 -42.7979 0.62
      vertex 56.2021 -42.7979 -0.0199995
    endloop
  endfacet
  facet normal -0.741024 -0.671478 0
    outer loop
      vertex 56.2021 -42.7979 0.62
      vertex 56.3141 -42.9215 -0.0199995
      vertex 56.3141 -42.9215 0.62
    endloop
  endfacet
  facet normal -0.741024 -0.671478 0
    outer loop
      vertex 56.3141 -42.9215 2.62
      vertex 56.2021 -42.7979 2.98
      vertex 56.2021 -42.7979 2.62
    endloop
  endfacet
  facet normal -0.741024 -0.671478 0
    outer loop
      vertex 56.2021 -42.7979 2.98
      vertex 56.3141 -42.9215 2.62
      vertex 56.3141 -42.9215 2.98
    endloop
  endfacet
  facet normal 0.146788 0.989168 -0
    outer loop
      vertex 54.8334 -45.6918 2.62
      vertex 54.6683 -45.6673 2.98
      vertex 54.8334 -45.6918 2.98
    endloop
  endfacet
  facet normal 0.146788 0.989168 0
    outer loop
      vertex 54.6683 -45.6673 2.98
      vertex 54.8334 -45.6918 2.62
      vertex 54.6683 -45.6673 2.62
    endloop
  endfacet
  facet normal 0.146788 0.989168 -0
    outer loop
      vertex 54.8334 -45.6918 -0.0199995
      vertex 54.6683 -45.6673 0.62
      vertex 54.8334 -45.6918 0.62
    endloop
  endfacet
  facet normal 0.146788 0.989168 0
    outer loop
      vertex 54.6683 -45.6673 0.62
      vertex 54.8334 -45.6918 -0.0199995
      vertex 54.6683 -45.6673 -0.0199995
    endloop
  endfacet
  facet normal -0.427442 -0.904043 0
    outer loop
      vertex 55.6506 -42.4294 2.62
      vertex 55.8014 -42.5007 2.98
      vertex 55.6506 -42.4294 2.98
    endloop
  endfacet
  facet normal -0.427442 -0.904043 -0
    outer loop
      vertex 55.8014 -42.5007 2.98
      vertex 55.6506 -42.4294 2.62
      vertex 55.8014 -42.5007 2.62
    endloop
  endfacet
  facet normal -0.427442 -0.904043 0
    outer loop
      vertex 55.6506 -42.4294 -0.0199995
      vertex 55.8014 -42.5007 0.62
      vertex 55.6506 -42.4294 0.62
    endloop
  endfacet
  facet normal -0.427442 -0.904043 -0
    outer loop
      vertex 55.8014 -42.5007 0.62
      vertex 55.6506 -42.4294 -0.0199995
      vertex 55.8014 -42.5007 -0.0199995
    endloop
  endfacet
  facet normal 0.146788 -0.989168 0
    outer loop
      vertex 54.6683 -42.3327 -0.0199995
      vertex 54.8334 -42.3082 0.62
      vertex 54.6683 -42.3327 0.62
    endloop
  endfacet
  facet normal 0.146788 -0.989168 0
    outer loop
      vertex 54.8334 -42.3082 0.62
      vertex 54.6683 -42.3327 -0.0199995
      vertex 54.8334 -42.3082 -0.0199995
    endloop
  endfacet
  facet normal 0.146788 -0.989168 0
    outer loop
      vertex 54.6683 -42.3327 2.62
      vertex 54.8334 -42.3082 2.98
      vertex 54.6683 -42.3327 2.98
    endloop
  endfacet
  facet normal 0.146788 -0.989168 0
    outer loop
      vertex 54.8334 -42.3082 2.98
      vertex 54.6683 -42.3327 2.62
      vertex 54.8334 -42.3082 2.62
    endloop
  endfacet
  facet normal -0.242818 0.970072 0
    outer loop
      vertex 55.4935 -45.6268 -0.0199995
      vertex 55.3317 -45.6673 0.62
      vertex 55.4935 -45.6268 0.62
    endloop
  endfacet
  facet normal -0.242818 0.970072 0
    outer loop
      vertex 55.3317 -45.6673 0.62
      vertex 55.4935 -45.6268 -0.0199995
      vertex 55.3317 -45.6673 -0.0199995
    endloop
  endfacet
  facet normal -0.242818 0.970072 0
    outer loop
      vertex 55.4935 -45.6268 2.62
      vertex 55.3317 -45.6673 2.98
      vertex 55.4935 -45.6268 2.98
    endloop
  endfacet
  facet normal -0.242818 0.970072 0
    outer loop
      vertex 55.3317 -45.6673 2.98
      vertex 55.4935 -45.6268 2.62
      vertex 55.3317 -45.6673 2.62
    endloop
  endfacet
  facet normal 0.595772 -0.803154 0
    outer loop
      vertex 53.9215 -42.6859 2.62
      vertex 54.0555 -42.5865 2.98
      vertex 53.9215 -42.6859 2.98
    endloop
  endfacet
  facet normal 0.595772 -0.803154 0
    outer loop
      vertex 54.0555 -42.5865 2.98
      vertex 53.9215 -42.6859 2.62
      vertex 54.0555 -42.5865 2.62
    endloop
  endfacet
  facet normal 0.595772 -0.803154 0
    outer loop
      vertex 53.9215 -42.6859 -0.0199995
      vertex 54.0555 -42.5865 0.62
      vertex 53.9215 -42.6859 0.62
    endloop
  endfacet
  facet normal 0.595772 -0.803154 0
    outer loop
      vertex 54.0555 -42.5865 0.62
      vertex 53.9215 -42.6859 -0.0199995
      vertex 54.0555 -42.5865 -0.0199995
    endloop
  endfacet
  facet normal 0.904043 -0.427442 0
    outer loop
      vertex 53.4294 -43.3494 0.62
      vertex 53.5007 -43.1986 -0.0199995
      vertex 53.5007 -43.1986 0.62
    endloop
  endfacet
  facet normal 0.904043 -0.427442 0
    outer loop
      vertex 53.5007 -43.1986 -0.0199995
      vertex 53.4294 -43.3494 0.62
      vertex 53.4294 -43.3494 -0.0199995
    endloop
  endfacet
  facet normal 0.904043 -0.427442 0
    outer loop
      vertex 53.4294 -43.3494 2.98
      vertex 53.5007 -43.1986 2.62
      vertex 53.5007 -43.1986 2.98
    endloop
  endfacet
  facet normal 0.904043 -0.427442 0
    outer loop
      vertex 53.5007 -43.1986 2.62
      vertex 53.4294 -43.3494 2.98
      vertex 53.4294 -43.3494 2.62
    endloop
  endfacet
  facet normal 0.427442 0.904043 -0
    outer loop
      vertex 54.3494 -45.5706 -0.0199995
      vertex 54.1986 -45.4993 0.62
      vertex 54.3494 -45.5706 0.62
    endloop
  endfacet
  facet normal 0.427442 0.904043 0
    outer loop
      vertex 54.1986 -45.4993 0.62
      vertex 54.3494 -45.5706 -0.0199995
      vertex 54.1986 -45.4993 -0.0199995
    endloop
  endfacet
  facet normal 0.427442 0.904043 -0
    outer loop
      vertex 54.3494 -45.5706 2.62
      vertex 54.1986 -45.4993 2.98
      vertex 54.3494 -45.5706 2.98
    endloop
  endfacet
  facet normal 0.427442 0.904043 0
    outer loop
      vertex 54.1986 -45.4993 2.98
      vertex 54.3494 -45.5706 2.62
      vertex 54.1986 -45.4993 2.62
    endloop
  endfacet
  facet normal -0.33683 0.941566 0
    outer loop
      vertex 55.6506 -45.5706 2.62
      vertex 55.4935 -45.6268 2.98
      vertex 55.6506 -45.5706 2.98
    endloop
  endfacet
  facet normal -0.33683 0.941566 0
    outer loop
      vertex 55.4935 -45.6268 2.98
      vertex 55.6506 -45.5706 2.62
      vertex 55.4935 -45.6268 2.62
    endloop
  endfacet
  facet normal -0.33683 0.941566 0
    outer loop
      vertex 55.6506 -45.5706 -0.0199995
      vertex 55.4935 -45.6268 0.62
      vertex 55.6506 -45.5706 0.62
    endloop
  endfacet
  facet normal -0.33683 0.941566 0
    outer loop
      vertex 55.4935 -45.6268 0.62
      vertex 55.6506 -45.5706 -0.0199995
      vertex 55.4935 -45.6268 -0.0199995
    endloop
  endfacet
  facet normal 0.595772 0.803154 -0
    outer loop
      vertex 54.0555 -45.4135 -0.0199995
      vertex 53.9215 -45.3141 0.62
      vertex 54.0555 -45.4135 0.62
    endloop
  endfacet
  facet normal 0.595772 0.803154 0
    outer loop
      vertex 53.9215 -45.3141 0.62
      vertex 54.0555 -45.4135 -0.0199995
      vertex 53.9215 -45.3141 -0.0199995
    endloop
  endfacet
  facet normal 0.595772 0.803154 -0
    outer loop
      vertex 54.0555 -45.4135 2.62
      vertex 53.9215 -45.3141 2.98
      vertex 54.0555 -45.4135 2.98
    endloop
  endfacet
  facet normal 0.595772 0.803154 0
    outer loop
      vertex 53.9215 -45.3141 2.98
      vertex 54.0555 -45.4135 2.62
      vertex 53.9215 -45.3141 2.62
    endloop
  endfacet
  facet normal 0.904043 0.427442 0
    outer loop
      vertex 53.5007 -44.8014 2.98
      vertex 53.4294 -44.6506 2.62
      vertex 53.4294 -44.6506 2.98
    endloop
  endfacet
  facet normal 0.904043 0.427442 0
    outer loop
      vertex 53.4294 -44.6506 2.62
      vertex 53.5007 -44.8014 2.98
      vertex 53.5007 -44.8014 2.62
    endloop
  endfacet
  facet normal 0.904043 0.427442 0
    outer loop
      vertex 53.5007 -44.8014 0.62
      vertex 53.4294 -44.6506 -0.0199995
      vertex 53.4294 -44.6506 0.62
    endloop
  endfacet
  facet normal 0.904043 0.427442 0
    outer loop
      vertex 53.4294 -44.6506 -0.0199995
      vertex 53.5007 -44.8014 0.62
      vertex 53.5007 -44.8014 -0.0199995
    endloop
  endfacet
  facet normal -0.514231 -0.857652 0
    outer loop
      vertex 55.8014 -42.5007 2.62
      vertex 55.9445 -42.5865 2.98
      vertex 55.8014 -42.5007 2.98
    endloop
  endfacet
  facet normal -0.514231 -0.857652 -0
    outer loop
      vertex 55.9445 -42.5865 2.98
      vertex 55.8014 -42.5007 2.62
      vertex 55.9445 -42.5865 2.62
    endloop
  endfacet
  facet normal -0.514231 -0.857652 0
    outer loop
      vertex 55.8014 -42.5007 -0.0199995
      vertex 55.9445 -42.5865 0.62
      vertex 55.8014 -42.5007 0.62
    endloop
  endfacet
  facet normal -0.514231 -0.857652 -0
    outer loop
      vertex 55.9445 -42.5865 0.62
      vertex 55.8014 -42.5007 -0.0199995
      vertex 55.9445 -42.5865 -0.0199995
    endloop
  endfacet
  facet normal 0.998791 0.0491602 0
    outer loop
      vertex 53.3082 -44.1666 0.62
      vertex 53.3 -44 -0.0199995
      vertex 53.3 -44 0.62
    endloop
  endfacet
  facet normal 0.998791 0.0491602 0
    outer loop
      vertex 53.3 -44 -0.0199995
      vertex 53.3082 -44.1666 0.62
      vertex 53.3082 -44.1666 -0.0199995
    endloop
  endfacet
  facet normal 0.998791 0.0491602 0
    outer loop
      vertex 53.3082 -44.1666 2.98
      vertex 53.3 -44 2.62
      vertex 53.3 -44 2.98
    endloop
  endfacet
  facet normal 0.998791 0.0491602 0
    outer loop
      vertex 53.3 -44 2.62
      vertex 53.3082 -44.1666 2.98
      vertex 53.3082 -44.1666 2.62
    endloop
  endfacet
  facet normal -0.595772 -0.803154 0
    outer loop
      vertex 55.9445 -42.5865 2.62
      vertex 56.0785 -42.6859 2.98
      vertex 55.9445 -42.5865 2.98
    endloop
  endfacet
  facet normal -0.595772 -0.803154 -0
    outer loop
      vertex 56.0785 -42.6859 2.98
      vertex 55.9445 -42.5865 2.62
      vertex 56.0785 -42.6859 2.62
    endloop
  endfacet
  facet normal -0.595772 -0.803154 0
    outer loop
      vertex 55.9445 -42.5865 -0.0199995
      vertex 56.0785 -42.6859 0.62
      vertex 55.9445 -42.5865 0.62
    endloop
  endfacet
  facet normal -0.595772 -0.803154 -0
    outer loop
      vertex 56.0785 -42.6859 0.62
      vertex 55.9445 -42.5865 -0.0199995
      vertex 56.0785 -42.6859 -0.0199995
    endloop
  endfacet
  facet normal -0.970072 0.242818 0
    outer loop
      vertex 56.6268 -44.4935 2.62
      vertex 56.6673 -44.3317 2.98
      vertex 56.6673 -44.3317 2.62
    endloop
  endfacet
  facet normal -0.970072 0.242818 0
    outer loop
      vertex 56.6673 -44.3317 2.98
      vertex 56.6268 -44.4935 2.62
      vertex 56.6268 -44.4935 2.98
    endloop
  endfacet
  facet normal -0.970072 0.242818 0
    outer loop
      vertex 56.6268 -44.4935 -0.0199995
      vertex 56.6673 -44.3317 0.62
      vertex 56.6673 -44.3317 -0.0199995
    endloop
  endfacet
  facet normal -0.970072 0.242818 0
    outer loop
      vertex 56.6673 -44.3317 0.62
      vertex 56.6268 -44.4935 -0.0199995
      vertex 56.6268 -44.4935 0.62
    endloop
  endfacet
  facet normal 0.941566 0.33683 0
    outer loop
      vertex 53.4294 -44.6506 0.62
      vertex 53.3732 -44.4935 -0.0199995
      vertex 53.3732 -44.4935 0.62
    endloop
  endfacet
  facet normal 0.941566 0.33683 0
    outer loop
      vertex 53.3732 -44.4935 -0.0199995
      vertex 53.4294 -44.6506 0.62
      vertex 53.4294 -44.6506 -0.0199995
    endloop
  endfacet
  facet normal 0.941566 0.33683 0
    outer loop
      vertex 53.4294 -44.6506 2.98
      vertex 53.3732 -44.4935 2.62
      vertex 53.3732 -44.4935 2.98
    endloop
  endfacet
  facet normal 0.941566 0.33683 0
    outer loop
      vertex 53.3732 -44.4935 2.62
      vertex 53.4294 -44.6506 2.98
      vertex 53.4294 -44.6506 2.62
    endloop
  endfacet
  facet normal -0.242818 -0.970072 0
    outer loop
      vertex 55.3317 -42.3327 2.62
      vertex 55.4935 -42.3732 2.98
      vertex 55.3317 -42.3327 2.98
    endloop
  endfacet
  facet normal -0.242818 -0.970072 -0
    outer loop
      vertex 55.4935 -42.3732 2.98
      vertex 55.3317 -42.3327 2.62
      vertex 55.4935 -42.3732 2.62
    endloop
  endfacet
  facet normal -0.242818 -0.970072 0
    outer loop
      vertex 55.3317 -42.3327 -0.0199995
      vertex 55.4935 -42.3732 0.62
      vertex 55.3317 -42.3327 0.62
    endloop
  endfacet
  facet normal -0.242818 -0.970072 -0
    outer loop
      vertex 55.4935 -42.3732 0.62
      vertex 55.3317 -42.3327 -0.0199995
      vertex 55.4935 -42.3732 -0.0199995
    endloop
  endfacet
  facet normal 0.741024 -0.671478 0
    outer loop
      vertex 53.6859 -42.9215 2.98
      vertex 53.7979 -42.7979 2.62
      vertex 53.7979 -42.7979 2.98
    endloop
  endfacet
  facet normal 0.741024 -0.671478 0
    outer loop
      vertex 53.7979 -42.7979 2.62
      vertex 53.6859 -42.9215 2.98
      vertex 53.6859 -42.9215 2.62
    endloop
  endfacet
  facet normal 0.741024 -0.671478 0
    outer loop
      vertex 53.6859 -42.9215 0.62
      vertex 53.7979 -42.7979 -0.0199995
      vertex 53.7979 -42.7979 0.62
    endloop
  endfacet
  facet normal 0.741024 -0.671478 0
    outer loop
      vertex 53.7979 -42.7979 -0.0199995
      vertex 53.6859 -42.9215 0.62
      vertex 53.6859 -42.9215 -0.0199995
    endloop
  endfacet
  facet normal -0.0491602 0.998791 0
    outer loop
      vertex 55.1666 -45.6918 -0.0199995
      vertex 55 -45.7 0.62
      vertex 55.1666 -45.6918 0.62
    endloop
  endfacet
  facet normal -0.0491602 0.998791 0
    outer loop
      vertex 55 -45.7 0.62
      vertex 55.1666 -45.6918 -0.0199995
      vertex 55 -45.7 -0.0199995
    endloop
  endfacet
  facet normal -0.0491602 0.998791 0
    outer loop
      vertex 55.1666 -45.6918 2.62
      vertex 55 -45.7 2.98
      vertex 55.1666 -45.6918 2.98
    endloop
  endfacet
  facet normal -0.0491602 0.998791 0
    outer loop
      vertex 55 -45.7 2.98
      vertex 55.1666 -45.6918 2.62
      vertex 55 -45.7 2.62
    endloop
  endfacet
  facet normal -0.803154 -0.595772 0
    outer loop
      vertex 56.4135 -43.0555 2.62
      vertex 56.3141 -42.9215 2.98
      vertex 56.3141 -42.9215 2.62
    endloop
  endfacet
  facet normal -0.803154 -0.595772 0
    outer loop
      vertex 56.3141 -42.9215 2.98
      vertex 56.4135 -43.0555 2.62
      vertex 56.4135 -43.0555 2.98
    endloop
  endfacet
  facet normal -0.803154 -0.595772 0
    outer loop
      vertex 56.4135 -43.0555 -0.0199995
      vertex 56.3141 -42.9215 0.62
      vertex 56.3141 -42.9215 -0.0199995
    endloop
  endfacet
  facet normal -0.803154 -0.595772 0
    outer loop
      vertex 56.3141 -42.9215 0.62
      vertex 56.4135 -43.0555 -0.0199995
      vertex 56.4135 -43.0555 0.62
    endloop
  endfacet
  facet normal 0.970072 0.242818 0
    outer loop
      vertex 53.3732 -44.4935 0.62
      vertex 53.3327 -44.3317 -0.0199995
      vertex 53.3327 -44.3317 0.62
    endloop
  endfacet
  facet normal 0.970072 0.242818 0
    outer loop
      vertex 53.3327 -44.3317 -0.0199995
      vertex 53.3732 -44.4935 0.62
      vertex 53.3732 -44.4935 -0.0199995
    endloop
  endfacet
  facet normal 0.970072 0.242818 0
    outer loop
      vertex 53.3732 -44.4935 2.98
      vertex 53.3327 -44.3317 2.62
      vertex 53.3327 -44.3317 2.98
    endloop
  endfacet
  facet normal 0.970072 0.242818 0
    outer loop
      vertex 53.3327 -44.3317 2.62
      vertex 53.3732 -44.4935 2.98
      vertex 53.3732 -44.4935 2.62
    endloop
  endfacet
  facet normal -0.989168 0.146788 0
    outer loop
      vertex 56.6673 -44.3317 -0.0199995
      vertex 56.6918 -44.1666 0.62
      vertex 56.6918 -44.1666 -0.0199995
    endloop
  endfacet
  facet normal -0.989168 0.146788 0
    outer loop
      vertex 56.6918 -44.1666 0.62
      vertex 56.6673 -44.3317 -0.0199995
      vertex 56.6673 -44.3317 0.62
    endloop
  endfacet
  facet normal -0.989168 0.146788 0
    outer loop
      vertex 56.6673 -44.3317 2.62
      vertex 56.6918 -44.1666 2.98
      vertex 56.6918 -44.1666 2.62
    endloop
  endfacet
  facet normal -0.989168 0.146788 0
    outer loop
      vertex 56.6918 -44.1666 2.98
      vertex 56.6673 -44.3317 2.62
      vertex 56.6673 -44.3317 2.98
    endloop
  endfacet
  facet normal -0.514231 0.857652 0
    outer loop
      vertex 55.9445 -45.4135 2.62
      vertex 55.8014 -45.4993 2.98
      vertex 55.9445 -45.4135 2.98
    endloop
  endfacet
  facet normal -0.514231 0.857652 0
    outer loop
      vertex 55.8014 -45.4993 2.98
      vertex 55.9445 -45.4135 2.62
      vertex 55.8014 -45.4993 2.62
    endloop
  endfacet
  facet normal -0.514231 0.857652 0
    outer loop
      vertex 55.9445 -45.4135 -0.0199995
      vertex 55.8014 -45.4993 0.62
      vertex 55.9445 -45.4135 0.62
    endloop
  endfacet
  facet normal -0.514231 0.857652 0
    outer loop
      vertex 55.8014 -45.4993 0.62
      vertex 55.9445 -45.4135 -0.0199995
      vertex 55.8014 -45.4993 -0.0199995
    endloop
  endfacet
  facet normal 0.941566 -0.33683 0
    outer loop
      vertex 53.3732 -43.5065 2.98
      vertex 53.4294 -43.3494 2.62
      vertex 53.4294 -43.3494 2.98
    endloop
  endfacet
  facet normal 0.941566 -0.33683 0
    outer loop
      vertex 53.4294 -43.3494 2.62
      vertex 53.3732 -43.5065 2.98
      vertex 53.3732 -43.5065 2.62
    endloop
  endfacet
  facet normal 0.941566 -0.33683 0
    outer loop
      vertex 53.3732 -43.5065 0.62
      vertex 53.4294 -43.3494 -0.0199995
      vertex 53.4294 -43.3494 0.62
    endloop
  endfacet
  facet normal 0.941566 -0.33683 0
    outer loop
      vertex 53.4294 -43.3494 -0.0199995
      vertex 53.3732 -43.5065 0.62
      vertex 53.3732 -43.5065 -0.0199995
    endloop
  endfacet
  facet normal -0.671478 -0.741024 0
    outer loop
      vertex 56.0785 -42.6859 -0.0199995
      vertex 56.2021 -42.7979 0.62
      vertex 56.0785 -42.6859 0.62
    endloop
  endfacet
  facet normal -0.671478 -0.741024 -0
    outer loop
      vertex 56.2021 -42.7979 0.62
      vertex 56.0785 -42.6859 -0.0199995
      vertex 56.2021 -42.7979 -0.0199995
    endloop
  endfacet
  facet normal -0.671478 -0.741024 0
    outer loop
      vertex 56.0785 -42.6859 2.62
      vertex 56.2021 -42.7979 2.98
      vertex 56.0785 -42.6859 2.98
    endloop
  endfacet
  facet normal -0.671478 -0.741024 -0
    outer loop
      vertex 56.2021 -42.7979 2.98
      vertex 56.0785 -42.6859 2.62
      vertex 56.2021 -42.7979 2.62
    endloop
  endfacet
  facet normal 0.989168 -0.146788 0
    outer loop
      vertex 53.3082 -43.8334 2.98
      vertex 53.3327 -43.6683 2.62
      vertex 53.3327 -43.6683 2.98
    endloop
  endfacet
  facet normal 0.989168 -0.146788 0
    outer loop
      vertex 53.3327 -43.6683 2.62
      vertex 53.3082 -43.8334 2.98
      vertex 53.3082 -43.8334 2.62
    endloop
  endfacet
  facet normal 0.989168 -0.146788 0
    outer loop
      vertex 53.3082 -43.8334 0.62
      vertex 53.3327 -43.6683 -0.0199995
      vertex 53.3327 -43.6683 0.62
    endloop
  endfacet
  facet normal 0.989168 -0.146788 0
    outer loop
      vertex 53.3327 -43.6683 -0.0199995
      vertex 53.3082 -43.8334 0.62
      vertex 53.3082 -43.8334 -0.0199995
    endloop
  endfacet
  facet normal -0.904043 0.427442 0
    outer loop
      vertex 56.4993 -44.8014 2.62
      vertex 56.5706 -44.6506 2.98
      vertex 56.5706 -44.6506 2.62
    endloop
  endfacet
  facet normal -0.904043 0.427442 0
    outer loop
      vertex 56.5706 -44.6506 2.98
      vertex 56.4993 -44.8014 2.62
      vertex 56.4993 -44.8014 2.98
    endloop
  endfacet
  facet normal -0.904043 0.427442 0
    outer loop
      vertex 56.4993 -44.8014 -0.0199995
      vertex 56.5706 -44.6506 0.62
      vertex 56.5706 -44.6506 -0.0199995
    endloop
  endfacet
  facet normal -0.904043 0.427442 0
    outer loop
      vertex 56.5706 -44.6506 0.62
      vertex 56.4993 -44.8014 -0.0199995
      vertex 56.4993 -44.8014 0.62
    endloop
  endfacet
  facet normal -0.33683 -0.941566 0
    outer loop
      vertex 55.4935 -42.3732 2.62
      vertex 55.6506 -42.4294 2.98
      vertex 55.4935 -42.3732 2.98
    endloop
  endfacet
  facet normal -0.33683 -0.941566 -0
    outer loop
      vertex 55.6506 -42.4294 2.98
      vertex 55.4935 -42.3732 2.62
      vertex 55.6506 -42.4294 2.62
    endloop
  endfacet
  facet normal -0.33683 -0.941566 0
    outer loop
      vertex 55.4935 -42.3732 -0.0199995
      vertex 55.6506 -42.4294 0.62
      vertex 55.4935 -42.3732 0.62
    endloop
  endfacet
  facet normal -0.33683 -0.941566 -0
    outer loop
      vertex 55.6506 -42.4294 0.62
      vertex 55.4935 -42.3732 -0.0199995
      vertex 55.6506 -42.4294 -0.0199995
    endloop
  endfacet
  facet normal -0.998791 0.0491602 0
    outer loop
      vertex 56.6918 -44.1666 2.62
      vertex 56.7 -44 2.98
      vertex 56.7 -44 2.62
    endloop
  endfacet
  facet normal -0.998791 0.0491602 0
    outer loop
      vertex 56.7 -44 2.98
      vertex 56.6918 -44.1666 2.62
      vertex 56.6918 -44.1666 2.98
    endloop
  endfacet
  facet normal -0.998791 0.0491602 0
    outer loop
      vertex 56.6918 -44.1666 -0.0199995
      vertex 56.7 -44 0.62
      vertex 56.7 -44 -0.0199995
    endloop
  endfacet
  facet normal -0.998791 0.0491602 0
    outer loop
      vertex 56.7 -44 0.62
      vertex 56.6918 -44.1666 -0.0199995
      vertex 56.6918 -44.1666 0.62
    endloop
  endfacet
  facet normal -0.146788 0.989168 0
    outer loop
      vertex 55.3317 -45.6673 2.62
      vertex 55.1666 -45.6918 2.98
      vertex 55.3317 -45.6673 2.98
    endloop
  endfacet
  facet normal -0.146788 0.989168 0
    outer loop
      vertex 55.1666 -45.6918 2.98
      vertex 55.3317 -45.6673 2.62
      vertex 55.1666 -45.6918 2.62
    endloop
  endfacet
  facet normal -0.146788 0.989168 0
    outer loop
      vertex 55.3317 -45.6673 -0.0199995
      vertex 55.1666 -45.6918 0.62
      vertex 55.3317 -45.6673 0.62
    endloop
  endfacet
  facet normal -0.146788 0.989168 0
    outer loop
      vertex 55.1666 -45.6918 0.62
      vertex 55.3317 -45.6673 -0.0199995
      vertex 55.1666 -45.6918 -0.0199995
    endloop
  endfacet
  facet normal -0.941566 -0.33683 0
    outer loop
      vertex 56.6268 -43.5065 -0.0199995
      vertex 56.5706 -43.3494 0.62
      vertex 56.5706 -43.3494 -0.0199995
    endloop
  endfacet
  facet normal -0.941566 -0.33683 0
    outer loop
      vertex 56.5706 -43.3494 0.62
      vertex 56.6268 -43.5065 -0.0199995
      vertex 56.6268 -43.5065 0.62
    endloop
  endfacet
  facet normal -0.941566 -0.33683 0
    outer loop
      vertex 56.6268 -43.5065 2.62
      vertex 56.5706 -43.3494 2.98
      vertex 56.5706 -43.3494 2.62
    endloop
  endfacet
  facet normal -0.941566 -0.33683 0
    outer loop
      vertex 56.5706 -43.3494 2.98
      vertex 56.6268 -43.5065 2.62
      vertex 56.6268 -43.5065 2.98
    endloop
  endfacet
  facet normal -0.803154 0.595772 0
    outer loop
      vertex 56.3141 -45.0785 -0.0199995
      vertex 56.4135 -44.9445 0.62
      vertex 56.4135 -44.9445 -0.0199995
    endloop
  endfacet
  facet normal -0.803154 0.595772 0
    outer loop
      vertex 56.4135 -44.9445 0.62
      vertex 56.3141 -45.0785 -0.0199995
      vertex 56.3141 -45.0785 0.62
    endloop
  endfacet
  facet normal -0.803154 0.595772 0
    outer loop
      vertex 56.3141 -45.0785 2.62
      vertex 56.4135 -44.9445 2.98
      vertex 56.4135 -44.9445 2.62
    endloop
  endfacet
  facet normal -0.803154 0.595772 0
    outer loop
      vertex 56.4135 -44.9445 2.98
      vertex 56.3141 -45.0785 2.62
      vertex 56.3141 -45.0785 2.98
    endloop
  endfacet
  facet normal -0.857652 0.514231 0
    outer loop
      vertex 56.4135 -44.9445 2.62
      vertex 56.4993 -44.8014 2.98
      vertex 56.4993 -44.8014 2.62
    endloop
  endfacet
  facet normal -0.857652 0.514231 0
    outer loop
      vertex 56.4993 -44.8014 2.98
      vertex 56.4135 -44.9445 2.62
      vertex 56.4135 -44.9445 2.98
    endloop
  endfacet
  facet normal -0.857652 0.514231 0
    outer loop
      vertex 56.4135 -44.9445 -0.0199995
      vertex 56.4993 -44.8014 0.62
      vertex 56.4993 -44.8014 -0.0199995
    endloop
  endfacet
  facet normal -0.857652 0.514231 0
    outer loop
      vertex 56.4993 -44.8014 0.62
      vertex 56.4135 -44.9445 -0.0199995
      vertex 56.4135 -44.9445 0.62
    endloop
  endfacet
  facet normal 0.242818 -0.970072 0
    outer loop
      vertex 54.5065 -42.3732 -0.0199995
      vertex 54.6683 -42.3327 0.62
      vertex 54.5065 -42.3732 0.62
    endloop
  endfacet
  facet normal 0.242818 -0.970072 0
    outer loop
      vertex 54.6683 -42.3327 0.62
      vertex 54.5065 -42.3732 -0.0199995
      vertex 54.6683 -42.3327 -0.0199995
    endloop
  endfacet
  facet normal 0.242818 -0.970072 0
    outer loop
      vertex 54.5065 -42.3732 2.62
      vertex 54.6683 -42.3327 2.98
      vertex 54.5065 -42.3732 2.98
    endloop
  endfacet
  facet normal 0.242818 -0.970072 0
    outer loop
      vertex 54.6683 -42.3327 2.98
      vertex 54.5065 -42.3732 2.62
      vertex 54.6683 -42.3327 2.62
    endloop
  endfacet
  facet normal -0.941566 0.33683 0
    outer loop
      vertex 56.5706 -44.6506 2.62
      vertex 56.6268 -44.4935 2.98
      vertex 56.6268 -44.4935 2.62
    endloop
  endfacet
  facet normal -0.941566 0.33683 0
    outer loop
      vertex 56.6268 -44.4935 2.98
      vertex 56.5706 -44.6506 2.62
      vertex 56.5706 -44.6506 2.98
    endloop
  endfacet
  facet normal -0.941566 0.33683 0
    outer loop
      vertex 56.5706 -44.6506 -0.0199995
      vertex 56.6268 -44.4935 0.62
      vertex 56.6268 -44.4935 -0.0199995
    endloop
  endfacet
  facet normal -0.941566 0.33683 0
    outer loop
      vertex 56.6268 -44.4935 0.62
      vertex 56.5706 -44.6506 -0.0199995
      vertex 56.5706 -44.6506 0.62
    endloop
  endfacet
  facet normal -0.0491602 -0.998791 0
    outer loop
      vertex 55 -42.3 -0.0199995
      vertex 55.1666 -42.3082 0.62
      vertex 55 -42.3 0.62
    endloop
  endfacet
  facet normal -0.0491602 -0.998791 -0
    outer loop
      vertex 55.1666 -42.3082 0.62
      vertex 55 -42.3 -0.0199995
      vertex 55.1666 -42.3082 -0.0199995
    endloop
  endfacet
  facet normal -0.0491602 -0.998791 0
    outer loop
      vertex 55 -42.3 2.62
      vertex 55.1666 -42.3082 2.98
      vertex 55 -42.3 2.98
    endloop
  endfacet
  facet normal -0.0491602 -0.998791 -0
    outer loop
      vertex 55.1666 -42.3082 2.98
      vertex 55 -42.3 2.62
      vertex 55.1666 -42.3082 2.62
    endloop
  endfacet
  facet normal 0.514231 -0.857652 0
    outer loop
      vertex 54.0555 -42.5865 2.62
      vertex 54.1986 -42.5007 2.98
      vertex 54.0555 -42.5865 2.98
    endloop
  endfacet
  facet normal 0.514231 -0.857652 0
    outer loop
      vertex 54.1986 -42.5007 2.98
      vertex 54.0555 -42.5865 2.62
      vertex 54.1986 -42.5007 2.62
    endloop
  endfacet
  facet normal 0.514231 -0.857652 0
    outer loop
      vertex 54.0555 -42.5865 -0.0199995
      vertex 54.1986 -42.5007 0.62
      vertex 54.0555 -42.5865 0.62
    endloop
  endfacet
  facet normal 0.514231 -0.857652 0
    outer loop
      vertex 54.1986 -42.5007 0.62
      vertex 54.0555 -42.5865 -0.0199995
      vertex 54.1986 -42.5007 -0.0199995
    endloop
  endfacet
  facet normal -0.904043 -0.427442 0
    outer loop
      vertex 56.5706 -43.3494 2.62
      vertex 56.4993 -43.1986 2.98
      vertex 56.4993 -43.1986 2.62
    endloop
  endfacet
  facet normal -0.904043 -0.427442 0
    outer loop
      vertex 56.4993 -43.1986 2.98
      vertex 56.5706 -43.3494 2.62
      vertex 56.5706 -43.3494 2.98
    endloop
  endfacet
  facet normal -0.904043 -0.427442 0
    outer loop
      vertex 56.5706 -43.3494 -0.0199995
      vertex 56.4993 -43.1986 0.62
      vertex 56.4993 -43.1986 -0.0199995
    endloop
  endfacet
  facet normal -0.904043 -0.427442 0
    outer loop
      vertex 56.4993 -43.1986 0.62
      vertex 56.5706 -43.3494 -0.0199995
      vertex 56.5706 -43.3494 0.62
    endloop
  endfacet
  facet normal -0.146788 -0.989168 0
    outer loop
      vertex 55.1666 -42.3082 2.62
      vertex 55.3317 -42.3327 2.98
      vertex 55.1666 -42.3082 2.98
    endloop
  endfacet
  facet normal -0.146788 -0.989168 -0
    outer loop
      vertex 55.3317 -42.3327 2.98
      vertex 55.1666 -42.3082 2.62
      vertex 55.3317 -42.3327 2.62
    endloop
  endfacet
  facet normal -0.146788 -0.989168 0
    outer loop
      vertex 55.1666 -42.3082 -0.0199995
      vertex 55.3317 -42.3327 0.62
      vertex 55.1666 -42.3082 0.62
    endloop
  endfacet
  facet normal -0.146788 -0.989168 -0
    outer loop
      vertex 55.3317 -42.3327 0.62
      vertex 55.1666 -42.3082 -0.0199995
      vertex 55.3317 -42.3327 -0.0199995
    endloop
  endfacet
  facet normal 0.242818 0.970072 -0
    outer loop
      vertex 54.6683 -45.6673 2.62
      vertex 54.5065 -45.6268 2.98
      vertex 54.6683 -45.6673 2.98
    endloop
  endfacet
  facet normal 0.242818 0.970072 0
    outer loop
      vertex 54.5065 -45.6268 2.98
      vertex 54.6683 -45.6673 2.62
      vertex 54.5065 -45.6268 2.62
    endloop
  endfacet
  facet normal 0.242818 0.970072 -0
    outer loop
      vertex 54.6683 -45.6673 -0.0199995
      vertex 54.5065 -45.6268 0.62
      vertex 54.6683 -45.6673 0.62
    endloop
  endfacet
  facet normal 0.242818 0.970072 0
    outer loop
      vertex 54.5065 -45.6268 0.62
      vertex 54.6683 -45.6673 -0.0199995
      vertex 54.5065 -45.6268 -0.0199995
    endloop
  endfacet
  facet normal 0.857652 0.514231 0
    outer loop
      vertex 53.5865 -44.9445 0.62
      vertex 53.5007 -44.8014 -0.0199995
      vertex 53.5007 -44.8014 0.62
    endloop
  endfacet
  facet normal 0.857652 0.514231 0
    outer loop
      vertex 53.5007 -44.8014 -0.0199995
      vertex 53.5865 -44.9445 0.62
      vertex 53.5865 -44.9445 -0.0199995
    endloop
  endfacet
  facet normal 0.857652 0.514231 0
    outer loop
      vertex 53.5865 -44.9445 2.98
      vertex 53.5007 -44.8014 2.62
      vertex 53.5007 -44.8014 2.98
    endloop
  endfacet
  facet normal 0.857652 0.514231 0
    outer loop
      vertex 53.5007 -44.8014 2.62
      vertex 53.5865 -44.9445 2.98
      vertex 53.5865 -44.9445 2.62
    endloop
  endfacet
  facet normal -0.857652 -0.514231 0
    outer loop
      vertex 56.4993 -43.1986 2.62
      vertex 56.4135 -43.0555 2.98
      vertex 56.4135 -43.0555 2.62
    endloop
  endfacet
  facet normal -0.857652 -0.514231 0
    outer loop
      vertex 56.4135 -43.0555 2.98
      vertex 56.4993 -43.1986 2.62
      vertex 56.4993 -43.1986 2.98
    endloop
  endfacet
  facet normal -0.857652 -0.514231 0
    outer loop
      vertex 56.4993 -43.1986 -0.0199995
      vertex 56.4135 -43.0555 0.62
      vertex 56.4135 -43.0555 -0.0199995
    endloop
  endfacet
  facet normal -0.857652 -0.514231 0
    outer loop
      vertex 56.4135 -43.0555 0.62
      vertex 56.4993 -43.1986 -0.0199995
      vertex 56.4993 -43.1986 0.62
    endloop
  endfacet
  facet normal 0.33683 -0.941566 0
    outer loop
      vertex 54.3494 -42.4294 2.62
      vertex 54.5065 -42.3732 2.98
      vertex 54.3494 -42.4294 2.98
    endloop
  endfacet
  facet normal 0.33683 -0.941566 0
    outer loop
      vertex 54.5065 -42.3732 2.98
      vertex 54.3494 -42.4294 2.62
      vertex 54.5065 -42.3732 2.62
    endloop
  endfacet
  facet normal 0.33683 -0.941566 0
    outer loop
      vertex 54.3494 -42.4294 -0.0199995
      vertex 54.5065 -42.3732 0.62
      vertex 54.3494 -42.4294 0.62
    endloop
  endfacet
  facet normal 0.33683 -0.941566 0
    outer loop
      vertex 54.5065 -42.3732 0.62
      vertex 54.3494 -42.4294 -0.0199995
      vertex 54.5065 -42.3732 -0.0199995
    endloop
  endfacet
  facet normal 0.741024 0.671478 0
    outer loop
      vertex 53.7979 -45.2021 0.62
      vertex 53.6859 -45.0785 -0.0199995
      vertex 53.6859 -45.0785 0.62
    endloop
  endfacet
  facet normal 0.741024 0.671478 0
    outer loop
      vertex 53.6859 -45.0785 -0.0199995
      vertex 53.7979 -45.2021 0.62
      vertex 53.7979 -45.2021 -0.0199995
    endloop
  endfacet
  facet normal 0.741024 0.671478 0
    outer loop
      vertex 53.7979 -45.2021 2.98
      vertex 53.6859 -45.0785 2.62
      vertex 53.6859 -45.0785 2.98
    endloop
  endfacet
  facet normal 0.741024 0.671478 0
    outer loop
      vertex 53.6859 -45.0785 2.62
      vertex 53.7979 -45.2021 2.98
      vertex 53.7979 -45.2021 2.62
    endloop
  endfacet
  facet normal 0.671478 -0.741024 0
    outer loop
      vertex 53.7979 -42.7979 2.62
      vertex 53.9215 -42.6859 2.98
      vertex 53.7979 -42.7979 2.98
    endloop
  endfacet
  facet normal 0.671478 -0.741024 0
    outer loop
      vertex 53.9215 -42.6859 2.98
      vertex 53.7979 -42.7979 2.62
      vertex 53.9215 -42.6859 2.62
    endloop
  endfacet
  facet normal 0.671478 -0.741024 0
    outer loop
      vertex 53.7979 -42.7979 -0.0199995
      vertex 53.9215 -42.6859 0.62
      vertex 53.7979 -42.7979 0.62
    endloop
  endfacet
  facet normal 0.671478 -0.741024 0
    outer loop
      vertex 53.9215 -42.6859 0.62
      vertex 53.7979 -42.7979 -0.0199995
      vertex 53.9215 -42.6859 -0.0199995
    endloop
  endfacet
  facet normal 0.514231 0.857652 -0
    outer loop
      vertex 54.1986 -45.4993 -0.0199995
      vertex 54.0555 -45.4135 0.62
      vertex 54.1986 -45.4993 0.62
    endloop
  endfacet
  facet normal 0.514231 0.857652 0
    outer loop
      vertex 54.0555 -45.4135 0.62
      vertex 54.1986 -45.4993 -0.0199995
      vertex 54.0555 -45.4135 -0.0199995
    endloop
  endfacet
  facet normal 0.514231 0.857652 -0
    outer loop
      vertex 54.1986 -45.4993 2.62
      vertex 54.0555 -45.4135 2.98
      vertex 54.1986 -45.4993 2.98
    endloop
  endfacet
  facet normal 0.514231 0.857652 0
    outer loop
      vertex 54.0555 -45.4135 2.98
      vertex 54.1986 -45.4993 2.62
      vertex 54.0555 -45.4135 2.62
    endloop
  endfacet
  facet normal 0.970072 -0.242818 0
    outer loop
      vertex 53.3327 -43.6683 2.98
      vertex 53.3732 -43.5065 2.62
      vertex 53.3732 -43.5065 2.98
    endloop
  endfacet
  facet normal 0.970072 -0.242818 0
    outer loop
      vertex 53.3732 -43.5065 2.62
      vertex 53.3327 -43.6683 2.98
      vertex 53.3327 -43.6683 2.62
    endloop
  endfacet
  facet normal 0.970072 -0.242818 0
    outer loop
      vertex 53.3327 -43.6683 0.62
      vertex 53.3732 -43.5065 -0.0199995
      vertex 53.3732 -43.5065 0.62
    endloop
  endfacet
  facet normal 0.970072 -0.242818 0
    outer loop
      vertex 53.3732 -43.5065 -0.0199995
      vertex 53.3327 -43.6683 0.62
      vertex 53.3327 -43.6683 -0.0199995
    endloop
  endfacet
  facet normal 0.803154 0.595772 0
    outer loop
      vertex 53.6859 -45.0785 0.62
      vertex 53.5865 -44.9445 -0.0199995
      vertex 53.5865 -44.9445 0.62
    endloop
  endfacet
  facet normal 0.803154 0.595772 0
    outer loop
      vertex 53.5865 -44.9445 -0.0199995
      vertex 53.6859 -45.0785 0.62
      vertex 53.6859 -45.0785 -0.0199995
    endloop
  endfacet
  facet normal 0.803154 0.595772 0
    outer loop
      vertex 53.6859 -45.0785 2.98
      vertex 53.5865 -44.9445 2.62
      vertex 53.5865 -44.9445 2.98
    endloop
  endfacet
  facet normal 0.803154 0.595772 0
    outer loop
      vertex 53.5865 -44.9445 2.62
      vertex 53.6859 -45.0785 2.98
      vertex 53.6859 -45.0785 2.62
    endloop
  endfacet
  facet normal 0.989168 0.146788 0
    outer loop
      vertex 53.3327 -44.3317 2.98
      vertex 53.3082 -44.1666 2.62
      vertex 53.3082 -44.1666 2.98
    endloop
  endfacet
  facet normal 0.989168 0.146788 0
    outer loop
      vertex 53.3082 -44.1666 2.62
      vertex 53.3327 -44.3317 2.98
      vertex 53.3327 -44.3317 2.62
    endloop
  endfacet
  facet normal 0.989168 0.146788 0
    outer loop
      vertex 53.3327 -44.3317 0.62
      vertex 53.3082 -44.1666 -0.0199995
      vertex 53.3082 -44.1666 0.62
    endloop
  endfacet
  facet normal 0.989168 0.146788 0
    outer loop
      vertex 53.3082 -44.1666 -0.0199995
      vertex 53.3327 -44.3317 0.62
      vertex 53.3327 -44.3317 -0.0199995
    endloop
  endfacet
  facet normal -0.595772 0.803154 0
    outer loop
      vertex 56.0785 -45.3141 2.62
      vertex 55.9445 -45.4135 2.98
      vertex 56.0785 -45.3141 2.98
    endloop
  endfacet
  facet normal -0.595772 0.803154 0
    outer loop
      vertex 55.9445 -45.4135 2.98
      vertex 56.0785 -45.3141 2.62
      vertex 55.9445 -45.4135 2.62
    endloop
  endfacet
  facet normal -0.595772 0.803154 0
    outer loop
      vertex 56.0785 -45.3141 -0.0199995
      vertex 55.9445 -45.4135 0.62
      vertex 56.0785 -45.3141 0.62
    endloop
  endfacet
  facet normal -0.595772 0.803154 0
    outer loop
      vertex 55.9445 -45.4135 0.62
      vertex 56.0785 -45.3141 -0.0199995
      vertex 55.9445 -45.4135 -0.0199995
    endloop
  endfacet
  facet normal 0.671478 0.741024 -0
    outer loop
      vertex 53.9215 -45.3141 2.62
      vertex 53.7979 -45.2021 2.98
      vertex 53.9215 -45.3141 2.98
    endloop
  endfacet
  facet normal 0.671478 0.741024 0
    outer loop
      vertex 53.7979 -45.2021 2.98
      vertex 53.9215 -45.3141 2.62
      vertex 53.7979 -45.2021 2.62
    endloop
  endfacet
  facet normal 0.671478 0.741024 -0
    outer loop
      vertex 53.9215 -45.3141 -0.0199995
      vertex 53.7979 -45.2021 0.62
      vertex 53.9215 -45.3141 0.62
    endloop
  endfacet
  facet normal 0.671478 0.741024 0
    outer loop
      vertex 53.7979 -45.2021 0.62
      vertex 53.9215 -45.3141 -0.0199995
      vertex 53.7979 -45.2021 -0.0199995
    endloop
  endfacet
  facet normal 0.803154 -0.595772 0
    outer loop
      vertex 53.5865 -43.0555 2.98
      vertex 53.6859 -42.9215 2.62
      vertex 53.6859 -42.9215 2.98
    endloop
  endfacet
  facet normal 0.803154 -0.595772 0
    outer loop
      vertex 53.6859 -42.9215 2.62
      vertex 53.5865 -43.0555 2.98
      vertex 53.5865 -43.0555 2.62
    endloop
  endfacet
  facet normal 0.803154 -0.595772 0
    outer loop
      vertex 53.5865 -43.0555 0.62
      vertex 53.6859 -42.9215 -0.0199995
      vertex 53.6859 -42.9215 0.62
    endloop
  endfacet
  facet normal 0.803154 -0.595772 0
    outer loop
      vertex 53.6859 -42.9215 -0.0199995
      vertex 53.5865 -43.0555 0.62
      vertex 53.5865 -43.0555 -0.0199995
    endloop
  endfacet
  facet normal 0.857652 -0.514231 0
    outer loop
      vertex 53.5007 -43.1986 0.62
      vertex 53.5865 -43.0555 -0.0199995
      vertex 53.5865 -43.0555 0.62
    endloop
  endfacet
  facet normal 0.857652 -0.514231 0
    outer loop
      vertex 53.5865 -43.0555 -0.0199995
      vertex 53.5007 -43.1986 0.62
      vertex 53.5007 -43.1986 -0.0199995
    endloop
  endfacet
  facet normal 0.857652 -0.514231 0
    outer loop
      vertex 53.5007 -43.1986 2.98
      vertex 53.5865 -43.0555 2.62
      vertex 53.5865 -43.0555 2.98
    endloop
  endfacet
  facet normal 0.857652 -0.514231 0
    outer loop
      vertex 53.5865 -43.0555 2.62
      vertex 53.5007 -43.1986 2.98
      vertex 53.5007 -43.1986 2.62
    endloop
  endfacet
  facet normal 0.0491602 0.998791 -0
    outer loop
      vertex 55 -45.7 -0.0199995
      vertex 54.8334 -45.6918 0.62
      vertex 55 -45.7 0.62
    endloop
  endfacet
  facet normal 0.0491602 0.998791 0
    outer loop
      vertex 54.8334 -45.6918 0.62
      vertex 55 -45.7 -0.0199995
      vertex 54.8334 -45.6918 -0.0199995
    endloop
  endfacet
  facet normal 0.0491602 0.998791 -0
    outer loop
      vertex 55 -45.7 2.62
      vertex 54.8334 -45.6918 2.98
      vertex 55 -45.7 2.98
    endloop
  endfacet
  facet normal 0.0491602 0.998791 0
    outer loop
      vertex 54.8334 -45.6918 2.98
      vertex 55 -45.7 2.62
      vertex 54.8334 -45.6918 2.62
    endloop
  endfacet
  facet normal 0.998791 -0.0491602 0
    outer loop
      vertex 53.3 -44 2.98
      vertex 53.3082 -43.8334 2.62
      vertex 53.3082 -43.8334 2.98
    endloop
  endfacet
  facet normal 0.998791 -0.0491602 0
    outer loop
      vertex 53.3082 -43.8334 2.62
      vertex 53.3 -44 2.98
      vertex 53.3 -44 2.62
    endloop
  endfacet
  facet normal 0.998791 -0.0491602 0
    outer loop
      vertex 53.3 -44 0.62
      vertex 53.3082 -43.8334 -0.0199995
      vertex 53.3082 -43.8334 0.62
    endloop
  endfacet
  facet normal 0.998791 -0.0491602 0
    outer loop
      vertex 53.3082 -43.8334 -0.0199995
      vertex 53.3 -44 0.62
      vertex 53.3 -44 -0.0199995
    endloop
  endfacet
  facet normal 0.33683 0.941566 -0
    outer loop
      vertex 54.5065 -45.6268 -0.0199995
      vertex 54.3494 -45.5706 0.62
      vertex 54.5065 -45.6268 0.62
    endloop
  endfacet
  facet normal 0.33683 0.941566 0
    outer loop
      vertex 54.3494 -45.5706 0.62
      vertex 54.5065 -45.6268 -0.0199995
      vertex 54.3494 -45.5706 -0.0199995
    endloop
  endfacet
  facet normal 0.33683 0.941566 -0
    outer loop
      vertex 54.5065 -45.6268 2.62
      vertex 54.3494 -45.5706 2.98
      vertex 54.5065 -45.6268 2.98
    endloop
  endfacet
  facet normal 0.33683 0.941566 0
    outer loop
      vertex 54.3494 -45.5706 2.98
      vertex 54.5065 -45.6268 2.62
      vertex 54.3494 -45.5706 2.62
    endloop
  endfacet
  facet normal -0.741024 0.671478 0
    outer loop
      vertex 56.2021 -45.2021 -0.0199995
      vertex 56.3141 -45.0785 0.62
      vertex 56.3141 -45.0785 -0.0199995
    endloop
  endfacet
  facet normal -0.741024 0.671478 0
    outer loop
      vertex 56.3141 -45.0785 0.62
      vertex 56.2021 -45.2021 -0.0199995
      vertex 56.2021 -45.2021 0.62
    endloop
  endfacet
  facet normal -0.741024 0.671478 0
    outer loop
      vertex 56.2021 -45.2021 2.62
      vertex 56.3141 -45.0785 2.98
      vertex 56.3141 -45.0785 2.62
    endloop
  endfacet
  facet normal -0.741024 0.671478 0
    outer loop
      vertex 56.3141 -45.0785 2.98
      vertex 56.2021 -45.2021 2.62
      vertex 56.2021 -45.2021 2.98
    endloop
  endfacet
  facet normal -0.989145 -0.146942 0
    outer loop
      vertex 58.0851 -43.6961 0.62
      vertex 58.0404 -43.3952 2.62
      vertex 58.0404 -43.3952 0.62
    endloop
  endfacet
  facet normal -0.989145 -0.146942 0
    outer loop
      vertex 58.0404 -43.3952 2.62
      vertex 58.0851 -43.6961 0.62
      vertex 58.0851 -43.6961 2.62
    endloop
  endfacet
  facet normal -0.9988 -0.0489705 0
    outer loop
      vertex 58.1 -44 0.62
      vertex 58.0851 -43.6961 2.62
      vertex 58.0851 -43.6961 0.62
    endloop
  endfacet
  facet normal -0.9988 -0.0489705 0
    outer loop
      vertex 58.0851 -43.6961 2.62
      vertex 58.1 -44 0.62
      vertex 58.1 -44 2.62
    endloop
  endfacet
  facet normal -0.970046 -0.242922 0
    outer loop
      vertex 58.0404 -43.3952 0.62
      vertex 57.9665 -43.1001 2.62
      vertex 57.9665 -43.1001 0.62
    endloop
  endfacet
  facet normal -0.970046 -0.242922 0
    outer loop
      vertex 57.9665 -43.1001 2.62
      vertex 58.0404 -43.3952 0.62
      vertex 58.0404 -43.3952 2.62
    endloop
  endfacet
  facet normal -0.803027 0.595943 0
    outer loop
      vertex 57.3963 -45.9666 0.62
      vertex 57.5776 -45.7223 2.62
      vertex 57.5776 -45.7223 0.62
    endloop
  endfacet
  facet normal -0.803027 0.595943 0
    outer loop
      vertex 57.5776 -45.7223 2.62
      vertex 57.3963 -45.9666 0.62
      vertex 57.3963 -45.9666 2.62
    endloop
  endfacet
  facet normal -0.0489705 0.9988 0
    outer loop
      vertex 55.3039 -47.0851 0.62
      vertex 55 -47.1 2.62
      vertex 55.3039 -47.0851 2.62
    endloop
  endfacet
  facet normal -0.0489705 0.9988 0
    outer loop
      vertex 55 -47.1 2.62
      vertex 55.3039 -47.0851 0.62
      vertex 55 -47.1 0.62
    endloop
  endfacet
  facet normal -0.514012 0.857783 0
    outer loop
      vertex 56.7223 -46.5776 0.62
      vertex 56.4613 -46.734 2.62
      vertex 56.7223 -46.5776 2.62
    endloop
  endfacet
  facet normal -0.514012 0.857783 0
    outer loop
      vertex 56.4613 -46.734 2.62
      vertex 56.7223 -46.5776 0.62
      vertex 56.4613 -46.734 0.62
    endloop
  endfacet
  facet normal 0.42738 -0.904072 0
    outer loop
      vertex 53.5387 -41.266 0.62
      vertex 53.8137 -41.136 2.62
      vertex 53.5387 -41.266 2.62
    endloop
  endfacet
  facet normal 0.42738 -0.904072 0
    outer loop
      vertex 53.8137 -41.136 2.62
      vertex 53.5387 -41.266 0.62
      vertex 53.8137 -41.136 0.62
    endloop
  endfacet
  facet normal -0.514012 -0.857783 0
    outer loop
      vertex 56.4613 -41.266 0.62
      vertex 56.7223 -41.4224 2.62
      vertex 56.4613 -41.266 2.62
    endloop
  endfacet
  facet normal -0.514012 -0.857783 -0
    outer loop
      vertex 56.7223 -41.4224 2.62
      vertex 56.4613 -41.266 0.62
      vertex 56.7223 -41.4224 0.62
    endloop
  endfacet
  facet normal 0.0489705 -0.9988 0
    outer loop
      vertex 54.6961 -40.9149 0.62
      vertex 55 -40.9 2.62
      vertex 54.6961 -40.9149 2.62
    endloop
  endfacet
  facet normal 0.0489705 -0.9988 0
    outer loop
      vertex 55 -40.9 2.62
      vertex 54.6961 -40.9149 0.62
      vertex 55 -40.9 0.62
    endloop
  endfacet
  facet normal 0.803027 0.595943 0
    outer loop
      vertex 52.6037 -45.9666 2.62
      vertex 52.4224 -45.7223 0.62
      vertex 52.4224 -45.7223 2.62
    endloop
  endfacet
  facet normal 0.803027 0.595943 0
    outer loop
      vertex 52.4224 -45.7223 0.62
      vertex 52.6037 -45.9666 2.62
      vertex 52.6037 -45.9666 0.62
    endloop
  endfacet
  facet normal -0.941519 -0.336961 0
    outer loop
      vertex 57.9665 -43.1001 0.62
      vertex 57.864 -42.8137 2.62
      vertex 57.864 -42.8137 0.62
    endloop
  endfacet
  facet normal -0.941519 -0.336961 0
    outer loop
      vertex 57.864 -42.8137 2.62
      vertex 57.9665 -43.1001 0.62
      vertex 57.9665 -43.1001 2.62
    endloop
  endfacet
  facet normal -0.941519 0.336961 0
    outer loop
      vertex 57.864 -45.1863 0.62
      vertex 57.9665 -44.8999 2.62
      vertex 57.9665 -44.8999 0.62
    endloop
  endfacet
  facet normal -0.941519 0.336961 0
    outer loop
      vertex 57.9665 -44.8999 2.62
      vertex 57.864 -45.1863 0.62
      vertex 57.864 -45.1863 2.62
    endloop
  endfacet
  facet normal 0.857783 0.514012 0
    outer loop
      vertex 52.4224 -45.7223 2.62
      vertex 52.266 -45.4613 0.62
      vertex 52.266 -45.4613 2.62
    endloop
  endfacet
  facet normal 0.857783 0.514012 0
    outer loop
      vertex 52.266 -45.4613 0.62
      vertex 52.4224 -45.7223 2.62
      vertex 52.4224 -45.7223 0.62
    endloop
  endfacet
  facet normal -0.242922 0.970046 0
    outer loop
      vertex 55.8999 -46.9665 0.62
      vertex 55.6048 -47.0404 2.62
      vertex 55.8999 -46.9665 2.62
    endloop
  endfacet
  facet normal -0.242922 0.970046 0
    outer loop
      vertex 55.6048 -47.0404 2.62
      vertex 55.8999 -46.9665 0.62
      vertex 55.6048 -47.0404 0.62
    endloop
  endfacet
  facet normal -0.9988 0.0489705 0
    outer loop
      vertex 58.0851 -44.3039 0.62
      vertex 58.1 -44 2.62
      vertex 58.1 -44 0.62
    endloop
  endfacet
  facet normal -0.9988 0.0489705 0
    outer loop
      vertex 58.1 -44 2.62
      vertex 58.0851 -44.3039 0.62
      vertex 58.0851 -44.3039 2.62
    endloop
  endfacet
  facet normal 0.989145 0.146942 0
    outer loop
      vertex 51.9596 -44.6048 2.62
      vertex 51.9149 -44.3039 0.62
      vertex 51.9149 -44.3039 2.62
    endloop
  endfacet
  facet normal 0.989145 0.146942 0
    outer loop
      vertex 51.9149 -44.3039 0.62
      vertex 51.9596 -44.6048 2.62
      vertex 51.9596 -44.6048 0.62
    endloop
  endfacet
  facet normal 0.595943 -0.803027 0
    outer loop
      vertex 53.0334 -41.6037 0.62
      vertex 53.2777 -41.4224 2.62
      vertex 53.0334 -41.6037 2.62
    endloop
  endfacet
  facet normal 0.595943 -0.803027 0
    outer loop
      vertex 53.2777 -41.4224 2.62
      vertex 53.0334 -41.6037 0.62
      vertex 53.2777 -41.4224 0.62
    endloop
  endfacet
  facet normal -0.595943 -0.803027 0
    outer loop
      vertex 56.7223 -41.4224 0.62
      vertex 56.9666 -41.6037 2.62
      vertex 56.7223 -41.4224 2.62
    endloop
  endfacet
  facet normal -0.595943 -0.803027 -0
    outer loop
      vertex 56.9666 -41.6037 2.62
      vertex 56.7223 -41.4224 0.62
      vertex 56.9666 -41.6037 0.62
    endloop
  endfacet
  facet normal -0.740936 0.671576 0
    outer loop
      vertex 57.192 -46.192 0.62
      vertex 57.3963 -45.9666 2.62
      vertex 57.3963 -45.9666 0.62
    endloop
  endfacet
  facet normal -0.740936 0.671576 0
    outer loop
      vertex 57.3963 -45.9666 2.62
      vertex 57.192 -46.192 0.62
      vertex 57.192 -46.192 2.62
    endloop
  endfacet
  facet normal 0.941519 0.336961 0
    outer loop
      vertex 52.136 -45.1863 2.62
      vertex 52.0335 -44.8999 0.62
      vertex 52.0335 -44.8999 2.62
    endloop
  endfacet
  facet normal 0.941519 0.336961 0
    outer loop
      vertex 52.0335 -44.8999 0.62
      vertex 52.136 -45.1863 2.62
      vertex 52.136 -45.1863 0.62
    endloop
  endfacet
  facet normal -0.989145 0.146942 0
    outer loop
      vertex 58.0404 -44.6048 0.62
      vertex 58.0851 -44.3039 2.62
      vertex 58.0851 -44.3039 0.62
    endloop
  endfacet
  facet normal -0.989145 0.146942 0
    outer loop
      vertex 58.0851 -44.3039 2.62
      vertex 58.0404 -44.6048 0.62
      vertex 58.0404 -44.6048 2.62
    endloop
  endfacet
  facet normal 0.857783 -0.514012 0
    outer loop
      vertex 52.266 -42.5387 2.62
      vertex 52.4224 -42.2777 0.62
      vertex 52.4224 -42.2777 2.62
    endloop
  endfacet
  facet normal 0.857783 -0.514012 0
    outer loop
      vertex 52.4224 -42.2777 0.62
      vertex 52.266 -42.5387 2.62
      vertex 52.266 -42.5387 0.62
    endloop
  endfacet
  facet normal -0.970046 0.242922 0
    outer loop
      vertex 57.9665 -44.8999 0.62
      vertex 58.0404 -44.6048 2.62
      vertex 58.0404 -44.6048 0.62
    endloop
  endfacet
  facet normal -0.970046 0.242922 0
    outer loop
      vertex 58.0404 -44.6048 2.62
      vertex 57.9665 -44.8999 0.62
      vertex 57.9665 -44.8999 2.62
    endloop
  endfacet
  facet normal -0.42738 0.904072 0
    outer loop
      vertex 56.4613 -46.734 0.62
      vertex 56.1863 -46.864 2.62
      vertex 56.4613 -46.734 2.62
    endloop
  endfacet
  facet normal -0.42738 0.904072 0
    outer loop
      vertex 56.1863 -46.864 2.62
      vertex 56.4613 -46.734 0.62
      vertex 56.1863 -46.864 0.62
    endloop
  endfacet
  facet normal 0 0 -1
    outer loop
      vertex 56.7 -44 2.62
      vertex 58.1 -44 2.62
      vertex 58.0851 -44.3039 2.62
    endloop
  endfacet
  facet normal 0 0 -1
    outer loop
      vertex 56.6918 -44.1666 2.62
      vertex 58.0851 -44.3039 2.62
      vertex 58.0404 -44.6048 2.62
    endloop
  endfacet
  facet normal 0 0 -1
    outer loop
      vertex 58.1 -44 2.62
      vertex 56.7 -44 2.62
      vertex 58.0851 -43.6961 2.62
    endloop
  endfacet
  facet normal 0 0 -1
    outer loop
      vertex 56.6673 -44.3317 2.62
      vertex 58.0404 -44.6048 2.62
      vertex 57.9665 -44.8999 2.62
    endloop
  endfacet
  facet normal 0 0 -1
    outer loop
      vertex 56.6918 -43.8334 2.62
      vertex 58.0851 -43.6961 2.62
      vertex 56.7 -44 2.62
    endloop
  endfacet
  facet normal 0 0 -1
    outer loop
      vertex 56.6268 -44.4935 2.62
      vertex 57.9665 -44.8999 2.62
      vertex 57.864 -45.1863 2.62
    endloop
  endfacet
  facet normal -0 0 -1
    outer loop
      vertex 58.0851 -43.6961 2.62
      vertex 56.6918 -43.8334 2.62
      vertex 58.0404 -43.3952 2.62
    endloop
  endfacet
  facet normal 0 0 -1
    outer loop
      vertex 56.5706 -44.6506 2.62
      vertex 57.864 -45.1863 2.62
      vertex 57.734 -45.4613 2.62
    endloop
  endfacet
  facet normal 0 0 -1
    outer loop
      vertex 56.6673 -43.6683 2.62
      vertex 58.0404 -43.3952 2.62
      vertex 56.6918 -43.8334 2.62
    endloop
  endfacet
  facet normal 0 0 -1
    outer loop
      vertex 56.4993 -44.8014 2.62
      vertex 57.734 -45.4613 2.62
      vertex 57.5776 -45.7223 2.62
    endloop
  endfacet
  facet normal -0 0 -1
    outer loop
      vertex 58.0404 -43.3952 2.62
      vertex 56.6673 -43.6683 2.62
      vertex 57.9665 -43.1001 2.62
    endloop
  endfacet
  facet normal 0 0 -1
    outer loop
      vertex 56.4135 -44.9445 2.62
      vertex 57.5776 -45.7223 2.62
      vertex 57.3963 -45.9666 2.62
    endloop
  endfacet
  facet normal 0 0 -1
    outer loop
      vertex 56.6268 -43.5065 2.62
      vertex 57.9665 -43.1001 2.62
      vertex 56.6673 -43.6683 2.62
    endloop
  endfacet
  facet normal 0 0 -1
    outer loop
      vertex 56.3141 -45.0785 2.62
      vertex 57.3963 -45.9666 2.62
      vertex 57.192 -46.192 2.62
    endloop
  endfacet
  facet normal -0 0 -1
    outer loop
      vertex 57.9665 -43.1001 2.62
      vertex 56.6268 -43.5065 2.62
      vertex 57.864 -42.8137 2.62
    endloop
  endfacet
  facet normal 0 0 -1
    outer loop
      vertex 56.2021 -45.2021 2.62
      vertex 57.192 -46.192 2.62
      vertex 56.9666 -46.3963 2.62
    endloop
  endfacet
  facet normal 0 0 -1
    outer loop
      vertex 56.5706 -43.3494 2.62
      vertex 57.864 -42.8137 2.62
      vertex 56.6268 -43.5065 2.62
    endloop
  endfacet
  facet normal 0 0 -1
    outer loop
      vertex 56.0785 -45.3141 2.62
      vertex 56.9666 -46.3963 2.62
      vertex 56.7223 -46.5776 2.62
    endloop
  endfacet
  facet normal -0 0 -1
    outer loop
      vertex 57.864 -42.8137 2.62
      vertex 56.5706 -43.3494 2.62
      vertex 57.734 -42.5387 2.62
    endloop
  endfacet
  facet normal 0 0 -1
    outer loop
      vertex 56.4993 -43.1986 2.62
      vertex 57.734 -42.5387 2.62
      vertex 56.5706 -43.3494 2.62
    endloop
  endfacet
  facet normal 0 0 -1
    outer loop
      vertex 58.0851 -44.3039 2.62
      vertex 56.6918 -44.1666 2.62
      vertex 56.7 -44 2.62
    endloop
  endfacet
  facet normal 0 0 -1
    outer loop
      vertex 58.0404 -44.6048 2.62
      vertex 56.6673 -44.3317 2.62
      vertex 56.6918 -44.1666 2.62
    endloop
  endfacet
  facet normal 0 0 -1
    outer loop
      vertex 57.9665 -44.8999 2.62
      vertex 56.6268 -44.4935 2.62
      vertex 56.6673 -44.3317 2.62
    endloop
  endfacet
  facet normal 0 0 -1
    outer loop
      vertex 57.864 -45.1863 2.62
      vertex 56.5706 -44.6506 2.62
      vertex 56.6268 -44.4935 2.62
    endloop
  endfacet
  facet normal 0 0 -1
    outer loop
      vertex 57.734 -45.4613 2.62
      vertex 56.4993 -44.8014 2.62
      vertex 56.5706 -44.6506 2.62
    endloop
  endfacet
  facet normal 0 0 -1
    outer loop
      vertex 55.9445 -45.4135 2.62
      vertex 56.7223 -46.5776 2.62
      vertex 56.4613 -46.734 2.62
    endloop
  endfacet
  facet normal 0 0 -1
    outer loop
      vertex 57.5776 -45.7223 2.62
      vertex 56.4135 -44.9445 2.62
      vertex 56.4993 -44.8014 2.62
    endloop
  endfacet
  facet normal 0 0 -1
    outer loop
      vertex 57.3963 -45.9666 2.62
      vertex 56.3141 -45.0785 2.62
      vertex 56.4135 -44.9445 2.62
    endloop
  endfacet
  facet normal 0 0 -1
    outer loop
      vertex 57.192 -46.192 2.62
      vertex 56.2021 -45.2021 2.62
      vertex 56.3141 -45.0785 2.62
    endloop
  endfacet
  facet normal 0 0 -1
    outer loop
      vertex 55.8014 -45.4993 2.62
      vertex 56.4613 -46.734 2.62
      vertex 56.1863 -46.864 2.62
    endloop
  endfacet
  facet normal 0 0 -1
    outer loop
      vertex 56.9666 -46.3963 2.62
      vertex 56.0785 -45.3141 2.62
      vertex 56.2021 -45.2021 2.62
    endloop
  endfacet
  facet normal 0 0 -1
    outer loop
      vertex 56.7223 -46.5776 2.62
      vertex 55.9445 -45.4135 2.62
      vertex 56.0785 -45.3141 2.62
    endloop
  endfacet
  facet normal 0 0 -1
    outer loop
      vertex 55.6506 -45.5706 2.62
      vertex 56.1863 -46.864 2.62
      vertex 55.8999 -46.9665 2.62
    endloop
  endfacet
  facet normal 0 0 -1
    outer loop
      vertex 56.4613 -46.734 2.62
      vertex 55.8014 -45.4993 2.62
      vertex 55.9445 -45.4135 2.62
    endloop
  endfacet
  facet normal 0 0 -1
    outer loop
      vertex 56.1863 -46.864 2.62
      vertex 55.6506 -45.5706 2.62
      vertex 55.8014 -45.4993 2.62
    endloop
  endfacet
  facet normal 0 0 -1
    outer loop
      vertex 55.4935 -45.6268 2.62
      vertex 55.8999 -46.9665 2.62
      vertex 55.6048 -47.0404 2.62
    endloop
  endfacet
  facet normal 0 0 -1
    outer loop
      vertex 55.8999 -46.9665 2.62
      vertex 55.4935 -45.6268 2.62
      vertex 55.6506 -45.5706 2.62
    endloop
  endfacet
  facet normal 0 0 -1
    outer loop
      vertex 55.6048 -47.0404 2.62
      vertex 55.3317 -45.6673 2.62
      vertex 55.4935 -45.6268 2.62
    endloop
  endfacet
  facet normal 0 0 -1
    outer loop
      vertex 55.3039 -47.0851 2.62
      vertex 55.3317 -45.6673 2.62
      vertex 55.6048 -47.0404 2.62
    endloop
  endfacet
  facet normal 0 0 -1
    outer loop
      vertex 55.3039 -47.0851 2.62
      vertex 55.1666 -45.6918 2.62
      vertex 55.3317 -45.6673 2.62
    endloop
  endfacet
  facet normal 0 0 -1
    outer loop
      vertex 55 -47.1 2.62
      vertex 55.1666 -45.6918 2.62
      vertex 55.3039 -47.0851 2.62
    endloop
  endfacet
  facet normal 0 0 -1
    outer loop
      vertex 55 -47.1 2.62
      vertex 55 -45.7 2.62
      vertex 55.1666 -45.6918 2.62
    endloop
  endfacet
  facet normal 0 0 -1
    outer loop
      vertex 55 -47.1 2.62
      vertex 54.8334 -45.6918 2.62
      vertex 55 -45.7 2.62
    endloop
  endfacet
  facet normal 0 0 -1
    outer loop
      vertex 54.6961 -47.0851 2.62
      vertex 54.8334 -45.6918 2.62
      vertex 55 -47.1 2.62
    endloop
  endfacet
  facet normal 0 0 -1
    outer loop
      vertex 54.6961 -47.0851 2.62
      vertex 54.6683 -45.6673 2.62
      vertex 54.8334 -45.6918 2.62
    endloop
  endfacet
  facet normal 0 0 -1
    outer loop
      vertex 54.3952 -47.0404 2.62
      vertex 54.6683 -45.6673 2.62
      vertex 54.6961 -47.0851 2.62
    endloop
  endfacet
  facet normal -0 0 -1
    outer loop
      vertex 54.6683 -45.6673 2.62
      vertex 54.3952 -47.0404 2.62
      vertex 54.5065 -45.6268 2.62
    endloop
  endfacet
  facet normal 0 0 -1
    outer loop
      vertex 54.1001 -46.9665 2.62
      vertex 54.5065 -45.6268 2.62
      vertex 54.3952 -47.0404 2.62
    endloop
  endfacet
  facet normal -0 0 -1
    outer loop
      vertex 54.5065 -45.6268 2.62
      vertex 54.1001 -46.9665 2.62
      vertex 54.3494 -45.5706 2.62
    endloop
  endfacet
  facet normal 0 0 -1
    outer loop
      vertex 53.8137 -46.864 2.62
      vertex 54.3494 -45.5706 2.62
      vertex 54.1001 -46.9665 2.62
    endloop
  endfacet
  facet normal -0 0 -1
    outer loop
      vertex 54.3494 -45.5706 2.62
      vertex 53.8137 -46.864 2.62
      vertex 54.1986 -45.4993 2.62
    endloop
  endfacet
  facet normal 0 0 -1
    outer loop
      vertex 53.5387 -46.734 2.62
      vertex 54.1986 -45.4993 2.62
      vertex 53.8137 -46.864 2.62
    endloop
  endfacet
  facet normal -0 0 -1
    outer loop
      vertex 54.1986 -45.4993 2.62
      vertex 53.5387 -46.734 2.62
      vertex 54.0555 -45.4135 2.62
    endloop
  endfacet
  facet normal 0 0 -1
    outer loop
      vertex 53.2777 -46.5776 2.62
      vertex 54.0555 -45.4135 2.62
      vertex 53.5387 -46.734 2.62
    endloop
  endfacet
  facet normal -0 0 -1
    outer loop
      vertex 54.0555 -45.4135 2.62
      vertex 53.2777 -46.5776 2.62
      vertex 53.9215 -45.3141 2.62
    endloop
  endfacet
  facet normal 0 0 -1
    outer loop
      vertex 53.0334 -46.3963 2.62
      vertex 53.9215 -45.3141 2.62
      vertex 53.2777 -46.5776 2.62
    endloop
  endfacet
  facet normal -0 0 -1
    outer loop
      vertex 53.9215 -45.3141 2.62
      vertex 53.0334 -46.3963 2.62
      vertex 53.7979 -45.2021 2.62
    endloop
  endfacet
  facet normal 0 0 -1
    outer loop
      vertex 52.808 -46.192 2.62
      vertex 53.7979 -45.2021 2.62
      vertex 53.0334 -46.3963 2.62
    endloop
  endfacet
  facet normal -0 0 -1
    outer loop
      vertex 53.7979 -45.2021 2.62
      vertex 52.808 -46.192 2.62
      vertex 53.6859 -45.0785 2.62
    endloop
  endfacet
  facet normal 0 0 -1
    outer loop
      vertex 52.6037 -45.9666 2.62
      vertex 53.6859 -45.0785 2.62
      vertex 52.808 -46.192 2.62
    endloop
  endfacet
  facet normal -0 0 -1
    outer loop
      vertex 53.6859 -45.0785 2.62
      vertex 52.6037 -45.9666 2.62
      vertex 53.5865 -44.9445 2.62
    endloop
  endfacet
  facet normal 0 0 -1
    outer loop
      vertex 52.4224 -45.7223 2.62
      vertex 53.5865 -44.9445 2.62
      vertex 52.6037 -45.9666 2.62
    endloop
  endfacet
  facet normal 0 0 -1
    outer loop
      vertex 52.266 -45.4613 2.62
      vertex 53.5007 -44.8014 2.62
      vertex 52.4224 -45.7223 2.62
    endloop
  endfacet
  facet normal -0 0 -1
    outer loop
      vertex 53.5865 -44.9445 2.62
      vertex 52.4224 -45.7223 2.62
      vertex 53.5007 -44.8014 2.62
    endloop
  endfacet
  facet normal -0 0 -1
    outer loop
      vertex 57.734 -42.5387 2.62
      vertex 56.4993 -43.1986 2.62
      vertex 57.5776 -42.2777 2.62
    endloop
  endfacet
  facet normal 0 0 -1
    outer loop
      vertex 56.4135 -43.0555 2.62
      vertex 57.5776 -42.2777 2.62
      vertex 56.4993 -43.1986 2.62
    endloop
  endfacet
  facet normal -0 0 -1
    outer loop
      vertex 57.5776 -42.2777 2.62
      vertex 56.4135 -43.0555 2.62
      vertex 57.3963 -42.0334 2.62
    endloop
  endfacet
  facet normal 0 0 -1
    outer loop
      vertex 56.3141 -42.9215 2.62
      vertex 57.3963 -42.0334 2.62
      vertex 56.4135 -43.0555 2.62
    endloop
  endfacet
  facet normal -0 0 -1
    outer loop
      vertex 57.3963 -42.0334 2.62
      vertex 56.3141 -42.9215 2.62
      vertex 57.192 -41.808 2.62
    endloop
  endfacet
  facet normal 0 0 -1
    outer loop
      vertex 56.2021 -42.7979 2.62
      vertex 57.192 -41.808 2.62
      vertex 56.3141 -42.9215 2.62
    endloop
  endfacet
  facet normal -0 0 -1
    outer loop
      vertex 57.192 -41.808 2.62
      vertex 56.2021 -42.7979 2.62
      vertex 56.9666 -41.6037 2.62
    endloop
  endfacet
  facet normal 0 0 -1
    outer loop
      vertex 56.0785 -42.6859 2.62
      vertex 56.9666 -41.6037 2.62
      vertex 56.2021 -42.7979 2.62
    endloop
  endfacet
  facet normal -0 0 -1
    outer loop
      vertex 56.9666 -41.6037 2.62
      vertex 56.0785 -42.6859 2.62
      vertex 56.7223 -41.4224 2.62
    endloop
  endfacet
  facet normal 0 0 -1
    outer loop
      vertex 55.9445 -42.5865 2.62
      vertex 56.7223 -41.4224 2.62
      vertex 56.0785 -42.6859 2.62
    endloop
  endfacet
  facet normal -0 0 -1
    outer loop
      vertex 56.7223 -41.4224 2.62
      vertex 55.9445 -42.5865 2.62
      vertex 56.4613 -41.266 2.62
    endloop
  endfacet
  facet normal 0 0 -1
    outer loop
      vertex 55.8014 -42.5007 2.62
      vertex 56.4613 -41.266 2.62
      vertex 55.9445 -42.5865 2.62
    endloop
  endfacet
  facet normal -0 0 -1
    outer loop
      vertex 56.4613 -41.266 2.62
      vertex 55.8014 -42.5007 2.62
      vertex 56.1863 -41.136 2.62
    endloop
  endfacet
  facet normal 0 0 -1
    outer loop
      vertex 55.6506 -42.4294 2.62
      vertex 56.1863 -41.136 2.62
      vertex 55.8014 -42.5007 2.62
    endloop
  endfacet
  facet normal -0 0 -1
    outer loop
      vertex 56.1863 -41.136 2.62
      vertex 55.6506 -42.4294 2.62
      vertex 55.8999 -41.0335 2.62
    endloop
  endfacet
  facet normal 0 0 -1
    outer loop
      vertex 55.4935 -42.3732 2.62
      vertex 55.8999 -41.0335 2.62
      vertex 55.6506 -42.4294 2.62
    endloop
  endfacet
  facet normal -0 0 -1
    outer loop
      vertex 55.8999 -41.0335 2.62
      vertex 55.4935 -42.3732 2.62
      vertex 55.6048 -40.9596 2.62
    endloop
  endfacet
  facet normal 0 0 -1
    outer loop
      vertex 55.3317 -42.3327 2.62
      vertex 55.6048 -40.9596 2.62
      vertex 55.4935 -42.3732 2.62
    endloop
  endfacet
  facet normal 0 0 -1
    outer loop
      vertex 55.3317 -42.3327 2.62
      vertex 55.3039 -40.9149 2.62
      vertex 55.6048 -40.9596 2.62
    endloop
  endfacet
  facet normal 0 0 -1
    outer loop
      vertex 55.1666 -42.3082 2.62
      vertex 55.3039 -40.9149 2.62
      vertex 55.3317 -42.3327 2.62
    endloop
  endfacet
  facet normal 0 0 -1
    outer loop
      vertex 55 -42.3 2.62
      vertex 55.3039 -40.9149 2.62
      vertex 55.1666 -42.3082 2.62
    endloop
  endfacet
  facet normal 0 0 -1
    outer loop
      vertex 55 -42.3 2.62
      vertex 55 -40.9 2.62
      vertex 55.3039 -40.9149 2.62
    endloop
  endfacet
  facet normal 0 0 -1
    outer loop
      vertex 54.8334 -42.3082 2.62
      vertex 55 -40.9 2.62
      vertex 55 -42.3 2.62
    endloop
  endfacet
  facet normal 0 0 -1
    outer loop
      vertex 54.8334 -42.3082 2.62
      vertex 54.6961 -40.9149 2.62
      vertex 55 -40.9 2.62
    endloop
  endfacet
  facet normal 0 0 -1
    outer loop
      vertex 54.6683 -42.3327 2.62
      vertex 54.6961 -40.9149 2.62
      vertex 54.8334 -42.3082 2.62
    endloop
  endfacet
  facet normal 0 0 -1
    outer loop
      vertex 54.3952 -40.9596 2.62
      vertex 54.6683 -42.3327 2.62
      vertex 54.5065 -42.3732 2.62
    endloop
  endfacet
  facet normal 0 0 -1
    outer loop
      vertex 54.6683 -42.3327 2.62
      vertex 54.3952 -40.9596 2.62
      vertex 54.6961 -40.9149 2.62
    endloop
  endfacet
  facet normal 0 0 -1
    outer loop
      vertex 54.1001 -41.0335 2.62
      vertex 54.5065 -42.3732 2.62
      vertex 54.3494 -42.4294 2.62
    endloop
  endfacet
  facet normal 0 0 -1
    outer loop
      vertex 53.8137 -41.136 2.62
      vertex 54.3494 -42.4294 2.62
      vertex 54.1986 -42.5007 2.62
    endloop
  endfacet
  facet normal 0 0 -1
    outer loop
      vertex 54.5065 -42.3732 2.62
      vertex 54.1001 -41.0335 2.62
      vertex 54.3952 -40.9596 2.62
    endloop
  endfacet
  facet normal 0 0 -1
    outer loop
      vertex 53.5387 -41.266 2.62
      vertex 54.1986 -42.5007 2.62
      vertex 54.0555 -42.5865 2.62
    endloop
  endfacet
  facet normal 0 0 -1
    outer loop
      vertex 53.2777 -41.4224 2.62
      vertex 54.0555 -42.5865 2.62
      vertex 53.9215 -42.6859 2.62
    endloop
  endfacet
  facet normal 0 0 -1
    outer loop
      vertex 54.3494 -42.4294 2.62
      vertex 53.8137 -41.136 2.62
      vertex 54.1001 -41.0335 2.62
    endloop
  endfacet
  facet normal 0 0 -1
    outer loop
      vertex 53.0334 -41.6037 2.62
      vertex 53.9215 -42.6859 2.62
      vertex 53.7979 -42.7979 2.62
    endloop
  endfacet
  facet normal 0 0 -1
    outer loop
      vertex 52.808 -41.808 2.62
      vertex 53.7979 -42.7979 2.62
      vertex 53.6859 -42.9215 2.62
    endloop
  endfacet
  facet normal 0 0 -1
    outer loop
      vertex 52.6037 -42.0334 2.62
      vertex 53.6859 -42.9215 2.62
      vertex 53.5865 -43.0555 2.62
    endloop
  endfacet
  facet normal 0 0 -1
    outer loop
      vertex 54.1986 -42.5007 2.62
      vertex 53.5387 -41.266 2.62
      vertex 53.8137 -41.136 2.62
    endloop
  endfacet
  facet normal 0 0 -1
    outer loop
      vertex 52.4224 -42.2777 2.62
      vertex 53.5865 -43.0555 2.62
      vertex 53.5007 -43.1986 2.62
    endloop
  endfacet
  facet normal 0 0 -1
    outer loop
      vertex 52.266 -42.5387 2.62
      vertex 53.5007 -43.1986 2.62
      vertex 53.4294 -43.3494 2.62
    endloop
  endfacet
  facet normal 0 0 -1
    outer loop
      vertex 52.136 -42.8137 2.62
      vertex 53.4294 -43.3494 2.62
      vertex 53.3732 -43.5065 2.62
    endloop
  endfacet
  facet normal 0 0 -1
    outer loop
      vertex 52.0335 -43.1001 2.62
      vertex 53.3732 -43.5065 2.62
      vertex 53.3327 -43.6683 2.62
    endloop
  endfacet
  facet normal 0 0 -1
    outer loop
      vertex 51.9596 -43.3952 2.62
      vertex 53.3327 -43.6683 2.62
      vertex 53.3082 -43.8334 2.62
    endloop
  endfacet
  facet normal 0 0 -1
    outer loop
      vertex 54.0555 -42.5865 2.62
      vertex 53.2777 -41.4224 2.62
      vertex 53.5387 -41.266 2.62
    endloop
  endfacet
  facet normal 0 0 -1
    outer loop
      vertex 51.9149 -43.6961 2.62
      vertex 53.3082 -43.8334 2.62
      vertex 53.3 -44 2.62
    endloop
  endfacet
  facet normal -0 0 -1
    outer loop
      vertex 53.5007 -44.8014 2.62
      vertex 52.266 -45.4613 2.62
      vertex 53.4294 -44.6506 2.62
    endloop
  endfacet
  facet normal 0 0 -1
    outer loop
      vertex 52.136 -45.1863 2.62
      vertex 53.4294 -44.6506 2.62
      vertex 52.266 -45.4613 2.62
    endloop
  endfacet
  facet normal 0 0 -1
    outer loop
      vertex 53.9215 -42.6859 2.62
      vertex 53.0334 -41.6037 2.62
      vertex 53.2777 -41.4224 2.62
    endloop
  endfacet
  facet normal -0 0 -1
    outer loop
      vertex 53.4294 -44.6506 2.62
      vertex 52.136 -45.1863 2.62
      vertex 53.3732 -44.4935 2.62
    endloop
  endfacet
  facet normal 0 0 -1
    outer loop
      vertex 53.7979 -42.7979 2.62
      vertex 52.808 -41.808 2.62
      vertex 53.0334 -41.6037 2.62
    endloop
  endfacet
  facet normal 0 0 -1
    outer loop
      vertex 52.0335 -44.8999 2.62
      vertex 53.3732 -44.4935 2.62
      vertex 52.136 -45.1863 2.62
    endloop
  endfacet
  facet normal 0 0 -1
    outer loop
      vertex 53.6859 -42.9215 2.62
      vertex 52.6037 -42.0334 2.62
      vertex 52.808 -41.808 2.62
    endloop
  endfacet
  facet normal -0 0 -1
    outer loop
      vertex 53.3732 -44.4935 2.62
      vertex 52.0335 -44.8999 2.62
      vertex 53.3327 -44.3317 2.62
    endloop
  endfacet
  facet normal 0 0 -1
    outer loop
      vertex 53.5865 -43.0555 2.62
      vertex 52.4224 -42.2777 2.62
      vertex 52.6037 -42.0334 2.62
    endloop
  endfacet
  facet normal 0 0 -1
    outer loop
      vertex 51.9596 -44.6048 2.62
      vertex 53.3327 -44.3317 2.62
      vertex 52.0335 -44.8999 2.62
    endloop
  endfacet
  facet normal 0 0 -1
    outer loop
      vertex 53.5007 -43.1986 2.62
      vertex 52.266 -42.5387 2.62
      vertex 52.4224 -42.2777 2.62
    endloop
  endfacet
  facet normal -0 0 -1
    outer loop
      vertex 53.3327 -44.3317 2.62
      vertex 51.9596 -44.6048 2.62
      vertex 53.3082 -44.1666 2.62
    endloop
  endfacet
  facet normal 0 0 -1
    outer loop
      vertex 53.4294 -43.3494 2.62
      vertex 52.136 -42.8137 2.62
      vertex 52.266 -42.5387 2.62
    endloop
  endfacet
  facet normal 0 0 -1
    outer loop
      vertex 51.9149 -44.3039 2.62
      vertex 53.3082 -44.1666 2.62
      vertex 51.9596 -44.6048 2.62
    endloop
  endfacet
  facet normal 0 0 -1
    outer loop
      vertex 53.3732 -43.5065 2.62
      vertex 52.0335 -43.1001 2.62
      vertex 52.136 -42.8137 2.62
    endloop
  endfacet
  facet normal -0 0 -1
    outer loop
      vertex 53.3082 -44.1666 2.62
      vertex 51.9149 -44.3039 2.62
      vertex 53.3 -44 2.62
    endloop
  endfacet
  facet normal 0 0 -1
    outer loop
      vertex 53.3327 -43.6683 2.62
      vertex 51.9596 -43.3952 2.62
      vertex 52.0335 -43.1001 2.62
    endloop
  endfacet
  facet normal 0 0 -1
    outer loop
      vertex 51.9 -44 2.62
      vertex 53.3 -44 2.62
      vertex 51.9149 -44.3039 2.62
    endloop
  endfacet
  facet normal 0 0 -1
    outer loop
      vertex 53.3082 -43.8334 2.62
      vertex 51.9149 -43.6961 2.62
      vertex 51.9596 -43.3952 2.62
    endloop
  endfacet
  facet normal 0 0 -1
    outer loop
      vertex 53.3 -44 2.62
      vertex 51.9 -44 2.62
      vertex 51.9149 -43.6961 2.62
    endloop
  endfacet
  facet normal -0.671576 -0.740936 0
    outer loop
      vertex 56.9666 -41.6037 0.62
      vertex 57.192 -41.808 2.62
      vertex 56.9666 -41.6037 2.62
    endloop
  endfacet
  facet normal -0.671576 -0.740936 -0
    outer loop
      vertex 57.192 -41.808 2.62
      vertex 56.9666 -41.6037 0.62
      vertex 57.192 -41.808 0.62
    endloop
  endfacet
  facet normal 0.336961 -0.941519 0
    outer loop
      vertex 53.8137 -41.136 0.62
      vertex 54.1001 -41.0335 2.62
      vertex 53.8137 -41.136 2.62
    endloop
  endfacet
  facet normal 0.336961 -0.941519 0
    outer loop
      vertex 54.1001 -41.0335 2.62
      vertex 53.8137 -41.136 0.62
      vertex 54.1001 -41.0335 0.62
    endloop
  endfacet
  facet normal -0.42738 -0.904072 0
    outer loop
      vertex 56.1863 -41.136 0.62
      vertex 56.4613 -41.266 2.62
      vertex 56.1863 -41.136 2.62
    endloop
  endfacet
  facet normal -0.42738 -0.904072 -0
    outer loop
      vertex 56.4613 -41.266 2.62
      vertex 56.1863 -41.136 0.62
      vertex 56.4613 -41.266 0.62
    endloop
  endfacet
  facet normal 0.9988 -0.0489705 0
    outer loop
      vertex 51.9 -44 2.62
      vertex 51.9149 -43.6961 0.62
      vertex 51.9149 -43.6961 2.62
    endloop
  endfacet
  facet normal 0.9988 -0.0489705 0
    outer loop
      vertex 51.9149 -43.6961 0.62
      vertex 51.9 -44 2.62
      vertex 51.9 -44 0.62
    endloop
  endfacet
  facet normal -0.803027 -0.595943 0
    outer loop
      vertex 57.5776 -42.2777 0.62
      vertex 57.3963 -42.0334 2.62
      vertex 57.3963 -42.0334 0.62
    endloop
  endfacet
  facet normal -0.803027 -0.595943 0
    outer loop
      vertex 57.3963 -42.0334 2.62
      vertex 57.5776 -42.2777 0.62
      vertex 57.5776 -42.2777 2.62
    endloop
  endfacet
  facet normal -0.0489705 -0.9988 0
    outer loop
      vertex 55 -40.9 0.62
      vertex 55.3039 -40.9149 2.62
      vertex 55 -40.9 2.62
    endloop
  endfacet
  facet normal -0.0489705 -0.9988 -0
    outer loop
      vertex 55.3039 -40.9149 2.62
      vertex 55 -40.9 0.62
      vertex 55.3039 -40.9149 0.62
    endloop
  endfacet
  facet normal 0.671576 -0.740936 0
    outer loop
      vertex 52.808 -41.808 0.62
      vertex 53.0334 -41.6037 2.62
      vertex 52.808 -41.808 2.62
    endloop
  endfacet
  facet normal 0.671576 -0.740936 0
    outer loop
      vertex 53.0334 -41.6037 2.62
      vertex 52.808 -41.808 0.62
      vertex 53.0334 -41.6037 0.62
    endloop
  endfacet
  facet normal -0.740936 -0.671576 0
    outer loop
      vertex 57.3963 -42.0334 0.62
      vertex 57.192 -41.808 2.62
      vertex 57.192 -41.808 0.62
    endloop
  endfacet
  facet normal -0.740936 -0.671576 0
    outer loop
      vertex 57.192 -41.808 2.62
      vertex 57.3963 -42.0334 0.62
      vertex 57.3963 -42.0334 2.62
    endloop
  endfacet
  facet normal 0.242922 0.970046 -0
    outer loop
      vertex 54.3952 -47.0404 0.62
      vertex 54.1001 -46.9665 2.62
      vertex 54.3952 -47.0404 2.62
    endloop
  endfacet
  facet normal 0.242922 0.970046 0
    outer loop
      vertex 54.1001 -46.9665 2.62
      vertex 54.3952 -47.0404 0.62
      vertex 54.1001 -46.9665 0.62
    endloop
  endfacet
  facet normal -0.904072 -0.42738 0
    outer loop
      vertex 57.864 -42.8137 0.62
      vertex 57.734 -42.5387 2.62
      vertex 57.734 -42.5387 0.62
    endloop
  endfacet
  facet normal -0.904072 -0.42738 0
    outer loop
      vertex 57.734 -42.5387 2.62
      vertex 57.864 -42.8137 0.62
      vertex 57.864 -42.8137 2.62
    endloop
  endfacet
  facet normal -0.857783 0.514012 0
    outer loop
      vertex 57.5776 -45.7223 0.62
      vertex 57.734 -45.4613 2.62
      vertex 57.734 -45.4613 0.62
    endloop
  endfacet
  facet normal -0.857783 0.514012 0
    outer loop
      vertex 57.734 -45.4613 2.62
      vertex 57.5776 -45.7223 0.62
      vertex 57.5776 -45.7223 2.62
    endloop
  endfacet
  facet normal -0.336961 -0.941519 0
    outer loop
      vertex 55.8999 -41.0335 0.62
      vertex 56.1863 -41.136 2.62
      vertex 55.8999 -41.0335 2.62
    endloop
  endfacet
  facet normal -0.336961 -0.941519 -0
    outer loop
      vertex 56.1863 -41.136 2.62
      vertex 55.8999 -41.0335 0.62
      vertex 56.1863 -41.136 0.62
    endloop
  endfacet
  facet normal 0.242922 -0.970046 0
    outer loop
      vertex 54.1001 -41.0335 0.62
      vertex 54.3952 -40.9596 2.62
      vertex 54.1001 -41.0335 2.62
    endloop
  endfacet
  facet normal 0.242922 -0.970046 0
    outer loop
      vertex 54.3952 -40.9596 2.62
      vertex 54.1001 -41.0335 0.62
      vertex 54.3952 -40.9596 0.62
    endloop
  endfacet
  facet normal -0.336961 0.941519 0
    outer loop
      vertex 56.1863 -46.864 0.62
      vertex 55.8999 -46.9665 2.62
      vertex 56.1863 -46.864 2.62
    endloop
  endfacet
  facet normal -0.336961 0.941519 0
    outer loop
      vertex 55.8999 -46.9665 2.62
      vertex 56.1863 -46.864 0.62
      vertex 55.8999 -46.9665 0.62
    endloop
  endfacet
  facet normal 0.514012 -0.857783 0
    outer loop
      vertex 53.2777 -41.4224 0.62
      vertex 53.5387 -41.266 2.62
      vertex 53.2777 -41.4224 2.62
    endloop
  endfacet
  facet normal 0.514012 -0.857783 0
    outer loop
      vertex 53.5387 -41.266 2.62
      vertex 53.2777 -41.4224 0.62
      vertex 53.5387 -41.266 0.62
    endloop
  endfacet
  facet normal -0.857783 -0.514012 0
    outer loop
      vertex 57.734 -42.5387 0.62
      vertex 57.5776 -42.2777 2.62
      vertex 57.5776 -42.2777 0.62
    endloop
  endfacet
  facet normal -0.857783 -0.514012 0
    outer loop
      vertex 57.5776 -42.2777 2.62
      vertex 57.734 -42.5387 0.62
      vertex 57.734 -42.5387 2.62
    endloop
  endfacet
  facet normal 0.970046 -0.242922 0
    outer loop
      vertex 51.9596 -43.3952 2.62
      vertex 52.0335 -43.1001 0.62
      vertex 52.0335 -43.1001 2.62
    endloop
  endfacet
  facet normal 0.970046 -0.242922 0
    outer loop
      vertex 52.0335 -43.1001 0.62
      vertex 51.9596 -43.3952 2.62
      vertex 51.9596 -43.3952 0.62
    endloop
  endfacet
  facet normal 0.146942 -0.989145 0
    outer loop
      vertex 54.3952 -40.9596 0.62
      vertex 54.6961 -40.9149 2.62
      vertex 54.3952 -40.9596 2.62
    endloop
  endfacet
  facet normal 0.146942 -0.989145 0
    outer loop
      vertex 54.6961 -40.9149 2.62
      vertex 54.3952 -40.9596 0.62
      vertex 54.6961 -40.9149 0.62
    endloop
  endfacet
  facet normal 0.904072 0.42738 0
    outer loop
      vertex 52.266 -45.4613 2.62
      vertex 52.136 -45.1863 0.62
      vertex 52.136 -45.1863 2.62
    endloop
  endfacet
  facet normal 0.904072 0.42738 0
    outer loop
      vertex 52.136 -45.1863 0.62
      vertex 52.266 -45.4613 2.62
      vertex 52.266 -45.4613 0.62
    endloop
  endfacet
  facet normal -0.146942 0.989145 0
    outer loop
      vertex 55.6048 -47.0404 0.62
      vertex 55.3039 -47.0851 2.62
      vertex 55.6048 -47.0404 2.62
    endloop
  endfacet
  facet normal -0.146942 0.989145 0
    outer loop
      vertex 55.3039 -47.0851 2.62
      vertex 55.6048 -47.0404 0.62
      vertex 55.3039 -47.0851 0.62
    endloop
  endfacet
  facet normal 0.336961 0.941519 -0
    outer loop
      vertex 54.1001 -46.9665 0.62
      vertex 53.8137 -46.864 2.62
      vertex 54.1001 -46.9665 2.62
    endloop
  endfacet
  facet normal 0.336961 0.941519 0
    outer loop
      vertex 53.8137 -46.864 2.62
      vertex 54.1001 -46.9665 0.62
      vertex 53.8137 -46.864 0.62
    endloop
  endfacet
  facet normal 0.671576 0.740936 -0
    outer loop
      vertex 53.0334 -46.3963 0.62
      vertex 52.808 -46.192 2.62
      vertex 53.0334 -46.3963 2.62
    endloop
  endfacet
  facet normal 0.671576 0.740936 0
    outer loop
      vertex 52.808 -46.192 2.62
      vertex 53.0334 -46.3963 0.62
      vertex 52.808 -46.192 0.62
    endloop
  endfacet
  facet normal 0.970046 0.242922 0
    outer loop
      vertex 52.0335 -44.8999 2.62
      vertex 51.9596 -44.6048 0.62
      vertex 51.9596 -44.6048 2.62
    endloop
  endfacet
  facet normal 0.970046 0.242922 0
    outer loop
      vertex 51.9596 -44.6048 0.62
      vertex 52.0335 -44.8999 2.62
      vertex 52.0335 -44.8999 0.62
    endloop
  endfacet
  facet normal 0.740936 0.671576 0
    outer loop
      vertex 52.808 -46.192 2.62
      vertex 52.6037 -45.9666 0.62
      vertex 52.6037 -45.9666 2.62
    endloop
  endfacet
  facet normal 0.740936 0.671576 0
    outer loop
      vertex 52.6037 -45.9666 0.62
      vertex 52.808 -46.192 2.62
      vertex 52.808 -46.192 0.62
    endloop
  endfacet
  facet normal 0.989145 -0.146942 0
    outer loop
      vertex 51.9149 -43.6961 2.62
      vertex 51.9596 -43.3952 0.62
      vertex 51.9596 -43.3952 2.62
    endloop
  endfacet
  facet normal 0.989145 -0.146942 0
    outer loop
      vertex 51.9596 -43.3952 0.62
      vertex 51.9149 -43.6961 2.62
      vertex 51.9149 -43.6961 0.62
    endloop
  endfacet
  facet normal -0.242922 -0.970046 0
    outer loop
      vertex 55.6048 -40.9596 0.62
      vertex 55.8999 -41.0335 2.62
      vertex 55.6048 -40.9596 2.62
    endloop
  endfacet
  facet normal -0.242922 -0.970046 -0
    outer loop
      vertex 55.8999 -41.0335 2.62
      vertex 55.6048 -40.9596 0.62
      vertex 55.8999 -41.0335 0.62
    endloop
  endfacet
  facet normal 0.9988 0.0489705 0
    outer loop
      vertex 51.9149 -44.3039 2.62
      vertex 51.9 -44 0.62
      vertex 51.9 -44 2.62
    endloop
  endfacet
  facet normal 0.9988 0.0489705 0
    outer loop
      vertex 51.9 -44 0.62
      vertex 51.9149 -44.3039 2.62
      vertex 51.9149 -44.3039 0.62
    endloop
  endfacet
  facet normal 0.941519 -0.336961 0
    outer loop
      vertex 52.0335 -43.1001 2.62
      vertex 52.136 -42.8137 0.62
      vertex 52.136 -42.8137 2.62
    endloop
  endfacet
  facet normal 0.941519 -0.336961 0
    outer loop
      vertex 52.136 -42.8137 0.62
      vertex 52.0335 -43.1001 2.62
      vertex 52.0335 -43.1001 0.62
    endloop
  endfacet
  facet normal -0.595943 0.803027 0
    outer loop
      vertex 56.9666 -46.3963 0.62
      vertex 56.7223 -46.5776 2.62
      vertex 56.9666 -46.3963 2.62
    endloop
  endfacet
  facet normal -0.595943 0.803027 0
    outer loop
      vertex 56.7223 -46.5776 2.62
      vertex 56.9666 -46.3963 0.62
      vertex 56.7223 -46.5776 0.62
    endloop
  endfacet
  facet normal 0.803027 -0.595943 0
    outer loop
      vertex 52.4224 -42.2777 2.62
      vertex 52.6037 -42.0334 0.62
      vertex 52.6037 -42.0334 2.62
    endloop
  endfacet
  facet normal 0.803027 -0.595943 0
    outer loop
      vertex 52.6037 -42.0334 0.62
      vertex 52.4224 -42.2777 2.62
      vertex 52.4224 -42.2777 0.62
    endloop
  endfacet
  facet normal 0.514012 0.857783 -0
    outer loop
      vertex 53.5387 -46.734 0.62
      vertex 53.2777 -46.5776 2.62
      vertex 53.5387 -46.734 2.62
    endloop
  endfacet
  facet normal 0.514012 0.857783 0
    outer loop
      vertex 53.2777 -46.5776 2.62
      vertex 53.5387 -46.734 0.62
      vertex 53.2777 -46.5776 0.62
    endloop
  endfacet
  facet normal 0.595943 0.803027 -0
    outer loop
      vertex 53.2777 -46.5776 0.62
      vertex 53.0334 -46.3963 2.62
      vertex 53.2777 -46.5776 2.62
    endloop
  endfacet
  facet normal 0.595943 0.803027 0
    outer loop
      vertex 53.0334 -46.3963 2.62
      vertex 53.2777 -46.5776 0.62
      vertex 53.0334 -46.3963 0.62
    endloop
  endfacet
  facet normal 0.904072 -0.42738 0
    outer loop
      vertex 52.136 -42.8137 2.62
      vertex 52.266 -42.5387 0.62
      vertex 52.266 -42.5387 2.62
    endloop
  endfacet
  facet normal 0.904072 -0.42738 0
    outer loop
      vertex 52.266 -42.5387 0.62
      vertex 52.136 -42.8137 2.62
      vertex 52.136 -42.8137 0.62
    endloop
  endfacet
  facet normal -0.904072 0.42738 0
    outer loop
      vertex 57.734 -45.4613 0.62
      vertex 57.864 -45.1863 2.62
      vertex 57.864 -45.1863 0.62
    endloop
  endfacet
  facet normal -0.904072 0.42738 0
    outer loop
      vertex 57.864 -45.1863 2.62
      vertex 57.734 -45.4613 0.62
      vertex 57.734 -45.4613 2.62
    endloop
  endfacet
  facet normal 0.0489705 0.9988 -0
    outer loop
      vertex 55 -47.1 0.62
      vertex 54.6961 -47.0851 2.62
      vertex 55 -47.1 2.62
    endloop
  endfacet
  facet normal 0.0489705 0.9988 0
    outer loop
      vertex 54.6961 -47.0851 2.62
      vertex 55 -47.1 0.62
      vertex 54.6961 -47.0851 0.62
    endloop
  endfacet
  facet normal 0.146942 0.989145 -0
    outer loop
      vertex 54.6961 -47.0851 0.62
      vertex 54.3952 -47.0404 2.62
      vertex 54.6961 -47.0851 2.62
    endloop
  endfacet
  facet normal 0.146942 0.989145 0
    outer loop
      vertex 54.3952 -47.0404 2.62
      vertex 54.6961 -47.0851 0.62
      vertex 54.3952 -47.0404 0.62
    endloop
  endfacet
  facet normal -0.671576 0.740936 0
    outer loop
      vertex 57.192 -46.192 0.62
      vertex 56.9666 -46.3963 2.62
      vertex 57.192 -46.192 2.62
    endloop
  endfacet
  facet normal -0.671576 0.740936 0
    outer loop
      vertex 56.9666 -46.3963 2.62
      vertex 57.192 -46.192 0.62
      vertex 56.9666 -46.3963 0.62
    endloop
  endfacet
  facet normal -0.146942 -0.989145 0
    outer loop
      vertex 55.3039 -40.9149 0.62
      vertex 55.6048 -40.9596 2.62
      vertex 55.3039 -40.9149 2.62
    endloop
  endfacet
  facet normal -0.146942 -0.989145 -0
    outer loop
      vertex 55.6048 -40.9596 2.62
      vertex 55.3039 -40.9149 0.62
      vertex 55.6048 -40.9596 0.62
    endloop
  endfacet
  facet normal 0.42738 0.904072 -0
    outer loop
      vertex 53.8137 -46.864 0.62
      vertex 53.5387 -46.734 2.62
      vertex 53.8137 -46.864 2.62
    endloop
  endfacet
  facet normal 0.42738 0.904072 0
    outer loop
      vertex 53.5387 -46.734 2.62
      vertex 53.8137 -46.864 0.62
      vertex 53.5387 -46.734 0.62
    endloop
  endfacet
  facet normal 0.740936 -0.671576 0
    outer loop
      vertex 52.6037 -42.0334 2.62
      vertex 52.808 -41.808 0.62
      vertex 52.808 -41.808 2.62
    endloop
  endfacet
  facet normal 0.740936 -0.671576 0
    outer loop
      vertex 52.808 -41.808 0.62
      vertex 52.6037 -42.0334 2.62
      vertex 52.6037 -42.0334 0.62
    endloop
  endfacet
  facet normal 0 0 1
    outer loop
      vertex 56.7 -44 0.62
      vertex 58.1 -44 0.62
      vertex 58.0851 -43.6961 0.62
    endloop
  endfacet
  facet normal 0 0 1
    outer loop
      vertex 56.6918 -43.8334 0.62
      vertex 58.0851 -43.6961 0.62
      vertex 58.0404 -43.3952 0.62
    endloop
  endfacet
  facet normal 0 0 1
    outer loop
      vertex 58.1 -44 0.62
      vertex 56.7 -44 0.62
      vertex 58.0851 -44.3039 0.62
    endloop
  endfacet
  facet normal 0 0 1
    outer loop
      vertex 56.6673 -43.6683 0.62
      vertex 58.0404 -43.3952 0.62
      vertex 57.9665 -43.1001 0.62
    endloop
  endfacet
  facet normal -0 0 1
    outer loop
      vertex 56.6918 -44.1666 0.62
      vertex 58.0851 -44.3039 0.62
      vertex 56.7 -44 0.62
    endloop
  endfacet
  facet normal 0 0 1
    outer loop
      vertex 56.6268 -43.5065 0.62
      vertex 57.9665 -43.1001 0.62
      vertex 57.864 -42.8137 0.62
    endloop
  endfacet
  facet normal 0 0 1
    outer loop
      vertex 58.0851 -44.3039 0.62
      vertex 56.6918 -44.1666 0.62
      vertex 58.0404 -44.6048 0.62
    endloop
  endfacet
  facet normal 0 0 1
    outer loop
      vertex 56.5706 -43.3494 0.62
      vertex 57.864 -42.8137 0.62
      vertex 57.734 -42.5387 0.62
    endloop
  endfacet
  facet normal -0 0 1
    outer loop
      vertex 56.6673 -44.3317 0.62
      vertex 58.0404 -44.6048 0.62
      vertex 56.6918 -44.1666 0.62
    endloop
  endfacet
  facet normal 0 0 1
    outer loop
      vertex 56.4993 -43.1986 0.62
      vertex 57.734 -42.5387 0.62
      vertex 57.5776 -42.2777 0.62
    endloop
  endfacet
  facet normal 0 0 1
    outer loop
      vertex 58.0404 -44.6048 0.62
      vertex 56.6673 -44.3317 0.62
      vertex 57.9665 -44.8999 0.62
    endloop
  endfacet
  facet normal 0 0 1
    outer loop
      vertex 56.4135 -43.0555 0.62
      vertex 57.5776 -42.2777 0.62
      vertex 57.3963 -42.0334 0.62
    endloop
  endfacet
  facet normal -0 0 1
    outer loop
      vertex 56.6268 -44.4935 0.62
      vertex 57.9665 -44.8999 0.62
      vertex 56.6673 -44.3317 0.62
    endloop
  endfacet
  facet normal 0 0 1
    outer loop
      vertex 56.3141 -42.9215 0.62
      vertex 57.3963 -42.0334 0.62
      vertex 57.192 -41.808 0.62
    endloop
  endfacet
  facet normal 0 0 1
    outer loop
      vertex 57.9665 -44.8999 0.62
      vertex 56.6268 -44.4935 0.62
      vertex 57.864 -45.1863 0.62
    endloop
  endfacet
  facet normal 0 0 1
    outer loop
      vertex 56.2021 -42.7979 0.62
      vertex 57.192 -41.808 0.62
      vertex 56.9666 -41.6037 0.62
    endloop
  endfacet
  facet normal -0 0 1
    outer loop
      vertex 56.5706 -44.6506 0.62
      vertex 57.864 -45.1863 0.62
      vertex 56.6268 -44.4935 0.62
    endloop
  endfacet
  facet normal 0 0 1
    outer loop
      vertex 56.0785 -42.6859 0.62
      vertex 56.9666 -41.6037 0.62
      vertex 56.7223 -41.4224 0.62
    endloop
  endfacet
  facet normal 0 0 1
    outer loop
      vertex 57.864 -45.1863 0.62
      vertex 56.5706 -44.6506 0.62
      vertex 57.734 -45.4613 0.62
    endloop
  endfacet
  facet normal -0 0 1
    outer loop
      vertex 56.4993 -44.8014 0.62
      vertex 57.734 -45.4613 0.62
      vertex 56.5706 -44.6506 0.62
    endloop
  endfacet
  facet normal 0 0 1
    outer loop
      vertex 58.0851 -43.6961 0.62
      vertex 56.6918 -43.8334 0.62
      vertex 56.7 -44 0.62
    endloop
  endfacet
  facet normal 0 0 1
    outer loop
      vertex 58.0404 -43.3952 0.62
      vertex 56.6673 -43.6683 0.62
      vertex 56.6918 -43.8334 0.62
    endloop
  endfacet
  facet normal 0 0 1
    outer loop
      vertex 57.9665 -43.1001 0.62
      vertex 56.6268 -43.5065 0.62
      vertex 56.6673 -43.6683 0.62
    endloop
  endfacet
  facet normal 0 0 1
    outer loop
      vertex 57.864 -42.8137 0.62
      vertex 56.5706 -43.3494 0.62
      vertex 56.6268 -43.5065 0.62
    endloop
  endfacet
  facet normal 0 0 1
    outer loop
      vertex 57.734 -42.5387 0.62
      vertex 56.4993 -43.1986 0.62
      vertex 56.5706 -43.3494 0.62
    endloop
  endfacet
  facet normal 0 0 1
    outer loop
      vertex 55.9445 -42.5865 0.62
      vertex 56.7223 -41.4224 0.62
      vertex 56.4613 -41.266 0.62
    endloop
  endfacet
  facet normal 0 0 1
    outer loop
      vertex 57.5776 -42.2777 0.62
      vertex 56.4135 -43.0555 0.62
      vertex 56.4993 -43.1986 0.62
    endloop
  endfacet
  facet normal 0 0 1
    outer loop
      vertex 57.3963 -42.0334 0.62
      vertex 56.3141 -42.9215 0.62
      vertex 56.4135 -43.0555 0.62
    endloop
  endfacet
  facet normal 0 0 1
    outer loop
      vertex 57.192 -41.808 0.62
      vertex 56.2021 -42.7979 0.62
      vertex 56.3141 -42.9215 0.62
    endloop
  endfacet
  facet normal 0 0 1
    outer loop
      vertex 55.8014 -42.5007 0.62
      vertex 56.4613 -41.266 0.62
      vertex 56.1863 -41.136 0.62
    endloop
  endfacet
  facet normal 0 0 1
    outer loop
      vertex 56.9666 -41.6037 0.62
      vertex 56.0785 -42.6859 0.62
      vertex 56.2021 -42.7979 0.62
    endloop
  endfacet
  facet normal 0 0 1
    outer loop
      vertex 56.7223 -41.4224 0.62
      vertex 55.9445 -42.5865 0.62
      vertex 56.0785 -42.6859 0.62
    endloop
  endfacet
  facet normal 0 0 1
    outer loop
      vertex 55.6506 -42.4294 0.62
      vertex 56.1863 -41.136 0.62
      vertex 55.8999 -41.0335 0.62
    endloop
  endfacet
  facet normal 0 0 1
    outer loop
      vertex 56.4613 -41.266 0.62
      vertex 55.8014 -42.5007 0.62
      vertex 55.9445 -42.5865 0.62
    endloop
  endfacet
  facet normal 0 0 1
    outer loop
      vertex 56.1863 -41.136 0.62
      vertex 55.6506 -42.4294 0.62
      vertex 55.8014 -42.5007 0.62
    endloop
  endfacet
  facet normal 0 0 1
    outer loop
      vertex 55.4935 -42.3732 0.62
      vertex 55.8999 -41.0335 0.62
      vertex 55.6048 -40.9596 0.62
    endloop
  endfacet
  facet normal 0 0 1
    outer loop
      vertex 55.8999 -41.0335 0.62
      vertex 55.4935 -42.3732 0.62
      vertex 55.6506 -42.4294 0.62
    endloop
  endfacet
  facet normal 0 0 1
    outer loop
      vertex 55.6048 -40.9596 0.62
      vertex 55.3317 -42.3327 0.62
      vertex 55.4935 -42.3732 0.62
    endloop
  endfacet
  facet normal 0 0 1
    outer loop
      vertex 55.3039 -40.9149 0.62
      vertex 55.3317 -42.3327 0.62
      vertex 55.6048 -40.9596 0.62
    endloop
  endfacet
  facet normal 0 0 1
    outer loop
      vertex 55.3039 -40.9149 0.62
      vertex 55.1666 -42.3082 0.62
      vertex 55.3317 -42.3327 0.62
    endloop
  endfacet
  facet normal 0 0 1
    outer loop
      vertex 55 -40.9 0.62
      vertex 55.1666 -42.3082 0.62
      vertex 55.3039 -40.9149 0.62
    endloop
  endfacet
  facet normal 0 0 1
    outer loop
      vertex 55 -40.9 0.62
      vertex 55 -42.3 0.62
      vertex 55.1666 -42.3082 0.62
    endloop
  endfacet
  facet normal 0 0 1
    outer loop
      vertex 55 -40.9 0.62
      vertex 54.8334 -42.3082 0.62
      vertex 55 -42.3 0.62
    endloop
  endfacet
  facet normal -0 0 1
    outer loop
      vertex 54.6961 -40.9149 0.62
      vertex 54.8334 -42.3082 0.62
      vertex 55 -40.9 0.62
    endloop
  endfacet
  facet normal 0 0 1
    outer loop
      vertex 54.6961 -40.9149 0.62
      vertex 54.6683 -42.3327 0.62
      vertex 54.8334 -42.3082 0.62
    endloop
  endfacet
  facet normal -0 0 1
    outer loop
      vertex 54.3952 -40.9596 0.62
      vertex 54.6683 -42.3327 0.62
      vertex 54.6961 -40.9149 0.62
    endloop
  endfacet
  facet normal 0 0 1
    outer loop
      vertex 54.6683 -42.3327 0.62
      vertex 54.3952 -40.9596 0.62
      vertex 54.5065 -42.3732 0.62
    endloop
  endfacet
  facet normal -0 0 1
    outer loop
      vertex 54.1001 -41.0335 0.62
      vertex 54.5065 -42.3732 0.62
      vertex 54.3952 -40.9596 0.62
    endloop
  endfacet
  facet normal 0 0 1
    outer loop
      vertex 54.5065 -42.3732 0.62
      vertex 54.1001 -41.0335 0.62
      vertex 54.3494 -42.4294 0.62
    endloop
  endfacet
  facet normal -0 0 1
    outer loop
      vertex 53.8137 -41.136 0.62
      vertex 54.3494 -42.4294 0.62
      vertex 54.1001 -41.0335 0.62
    endloop
  endfacet
  facet normal 0 0 1
    outer loop
      vertex 54.3494 -42.4294 0.62
      vertex 53.8137 -41.136 0.62
      vertex 54.1986 -42.5007 0.62
    endloop
  endfacet
  facet normal -0 0 1
    outer loop
      vertex 53.5387 -41.266 0.62
      vertex 54.1986 -42.5007 0.62
      vertex 53.8137 -41.136 0.62
    endloop
  endfacet
  facet normal 0 0 1
    outer loop
      vertex 54.1986 -42.5007 0.62
      vertex 53.5387 -41.266 0.62
      vertex 54.0555 -42.5865 0.62
    endloop
  endfacet
  facet normal -0 0 1
    outer loop
      vertex 53.2777 -41.4224 0.62
      vertex 54.0555 -42.5865 0.62
      vertex 53.5387 -41.266 0.62
    endloop
  endfacet
  facet normal 0 0 1
    outer loop
      vertex 54.0555 -42.5865 0.62
      vertex 53.2777 -41.4224 0.62
      vertex 53.9215 -42.6859 0.62
    endloop
  endfacet
  facet normal -0 0 1
    outer loop
      vertex 53.0334 -41.6037 0.62
      vertex 53.9215 -42.6859 0.62
      vertex 53.2777 -41.4224 0.62
    endloop
  endfacet
  facet normal 0 0 1
    outer loop
      vertex 53.9215 -42.6859 0.62
      vertex 53.0334 -41.6037 0.62
      vertex 53.7979 -42.7979 0.62
    endloop
  endfacet
  facet normal -0 0 1
    outer loop
      vertex 52.808 -41.808 0.62
      vertex 53.7979 -42.7979 0.62
      vertex 53.0334 -41.6037 0.62
    endloop
  endfacet
  facet normal 0 0 1
    outer loop
      vertex 53.7979 -42.7979 0.62
      vertex 52.808 -41.808 0.62
      vertex 53.6859 -42.9215 0.62
    endloop
  endfacet
  facet normal -0 0 1
    outer loop
      vertex 52.6037 -42.0334 0.62
      vertex 53.6859 -42.9215 0.62
      vertex 52.808 -41.808 0.62
    endloop
  endfacet
  facet normal 0 0 1
    outer loop
      vertex 53.6859 -42.9215 0.62
      vertex 52.6037 -42.0334 0.62
      vertex 53.5865 -43.0555 0.62
    endloop
  endfacet
  facet normal -0 0 1
    outer loop
      vertex 52.4224 -42.2777 0.62
      vertex 53.5865 -43.0555 0.62
      vertex 52.6037 -42.0334 0.62
    endloop
  endfacet
  facet normal -0 0 1
    outer loop
      vertex 52.266 -42.5387 0.62
      vertex 53.5007 -43.1986 0.62
      vertex 52.4224 -42.2777 0.62
    endloop
  endfacet
  facet normal 0 0 1
    outer loop
      vertex 53.5865 -43.0555 0.62
      vertex 52.4224 -42.2777 0.62
      vertex 53.5007 -43.1986 0.62
    endloop
  endfacet
  facet normal 0 0 1
    outer loop
      vertex 57.734 -45.4613 0.62
      vertex 56.4993 -44.8014 0.62
      vertex 57.5776 -45.7223 0.62
    endloop
  endfacet
  facet normal -0 0 1
    outer loop
      vertex 56.4135 -44.9445 0.62
      vertex 57.5776 -45.7223 0.62
      vertex 56.4993 -44.8014 0.62
    endloop
  endfacet
  facet normal 0 0 1
    outer loop
      vertex 57.5776 -45.7223 0.62
      vertex 56.4135 -44.9445 0.62
      vertex 57.3963 -45.9666 0.62
    endloop
  endfacet
  facet normal -0 0 1
    outer loop
      vertex 56.3141 -45.0785 0.62
      vertex 57.3963 -45.9666 0.62
      vertex 56.4135 -44.9445 0.62
    endloop
  endfacet
  facet normal 0 0 1
    outer loop
      vertex 57.3963 -45.9666 0.62
      vertex 56.3141 -45.0785 0.62
      vertex 57.192 -46.192 0.62
    endloop
  endfacet
  facet normal -0 0 1
    outer loop
      vertex 56.2021 -45.2021 0.62
      vertex 57.192 -46.192 0.62
      vertex 56.3141 -45.0785 0.62
    endloop
  endfacet
  facet normal 0 0 1
    outer loop
      vertex 57.192 -46.192 0.62
      vertex 56.2021 -45.2021 0.62
      vertex 56.9666 -46.3963 0.62
    endloop
  endfacet
  facet normal -0 0 1
    outer loop
      vertex 56.0785 -45.3141 0.62
      vertex 56.9666 -46.3963 0.62
      vertex 56.2021 -45.2021 0.62
    endloop
  endfacet
  facet normal 0 0 1
    outer loop
      vertex 56.9666 -46.3963 0.62
      vertex 56.0785 -45.3141 0.62
      vertex 56.7223 -46.5776 0.62
    endloop
  endfacet
  facet normal -0 0 1
    outer loop
      vertex 55.9445 -45.4135 0.62
      vertex 56.7223 -46.5776 0.62
      vertex 56.0785 -45.3141 0.62
    endloop
  endfacet
  facet normal 0 0 1
    outer loop
      vertex 56.7223 -46.5776 0.62
      vertex 55.9445 -45.4135 0.62
      vertex 56.4613 -46.734 0.62
    endloop
  endfacet
  facet normal -0 0 1
    outer loop
      vertex 55.8014 -45.4993 0.62
      vertex 56.4613 -46.734 0.62
      vertex 55.9445 -45.4135 0.62
    endloop
  endfacet
  facet normal 0 0 1
    outer loop
      vertex 56.4613 -46.734 0.62
      vertex 55.8014 -45.4993 0.62
      vertex 56.1863 -46.864 0.62
    endloop
  endfacet
  facet normal -0 0 1
    outer loop
      vertex 55.6506 -45.5706 0.62
      vertex 56.1863 -46.864 0.62
      vertex 55.8014 -45.4993 0.62
    endloop
  endfacet
  facet normal 0 0 1
    outer loop
      vertex 56.1863 -46.864 0.62
      vertex 55.6506 -45.5706 0.62
      vertex 55.8999 -46.9665 0.62
    endloop
  endfacet
  facet normal -0 0 1
    outer loop
      vertex 55.4935 -45.6268 0.62
      vertex 55.8999 -46.9665 0.62
      vertex 55.6506 -45.5706 0.62
    endloop
  endfacet
  facet normal 0 0 1
    outer loop
      vertex 55.8999 -46.9665 0.62
      vertex 55.4935 -45.6268 0.62
      vertex 55.6048 -47.0404 0.62
    endloop
  endfacet
  facet normal -0 0 1
    outer loop
      vertex 55.3317 -45.6673 0.62
      vertex 55.6048 -47.0404 0.62
      vertex 55.4935 -45.6268 0.62
    endloop
  endfacet
  facet normal 0 0 1
    outer loop
      vertex 55.3317 -45.6673 0.62
      vertex 55.3039 -47.0851 0.62
      vertex 55.6048 -47.0404 0.62
    endloop
  endfacet
  facet normal -0 0 1
    outer loop
      vertex 55.1666 -45.6918 0.62
      vertex 55.3039 -47.0851 0.62
      vertex 55.3317 -45.6673 0.62
    endloop
  endfacet
  facet normal -0 0 1
    outer loop
      vertex 55 -45.7 0.62
      vertex 55.3039 -47.0851 0.62
      vertex 55.1666 -45.6918 0.62
    endloop
  endfacet
  facet normal 0 0 1
    outer loop
      vertex 55 -45.7 0.62
      vertex 55 -47.1 0.62
      vertex 55.3039 -47.0851 0.62
    endloop
  endfacet
  facet normal 0 0 1
    outer loop
      vertex 54.8334 -45.6918 0.62
      vertex 55 -47.1 0.62
      vertex 55 -45.7 0.62
    endloop
  endfacet
  facet normal 0 0 1
    outer loop
      vertex 54.8334 -45.6918 0.62
      vertex 54.6961 -47.0851 0.62
      vertex 55 -47.1 0.62
    endloop
  endfacet
  facet normal 0 0 1
    outer loop
      vertex 54.6683 -45.6673 0.62
      vertex 54.6961 -47.0851 0.62
      vertex 54.8334 -45.6918 0.62
    endloop
  endfacet
  facet normal 0 0 1
    outer loop
      vertex 54.3952 -47.0404 0.62
      vertex 54.6683 -45.6673 0.62
      vertex 54.5065 -45.6268 0.62
    endloop
  endfacet
  facet normal 0 0 1
    outer loop
      vertex 54.6683 -45.6673 0.62
      vertex 54.3952 -47.0404 0.62
      vertex 54.6961 -47.0851 0.62
    endloop
  endfacet
  facet normal 0 0 1
    outer loop
      vertex 54.1001 -46.9665 0.62
      vertex 54.5065 -45.6268 0.62
      vertex 54.3494 -45.5706 0.62
    endloop
  endfacet
  facet normal 0 0 1
    outer loop
      vertex 53.8137 -46.864 0.62
      vertex 54.3494 -45.5706 0.62
      vertex 54.1986 -45.4993 0.62
    endloop
  endfacet
  facet normal 0 0 1
    outer loop
      vertex 54.5065 -45.6268 0.62
      vertex 54.1001 -46.9665 0.62
      vertex 54.3952 -47.0404 0.62
    endloop
  endfacet
  facet normal 0 0 1
    outer loop
      vertex 53.5387 -46.734 0.62
      vertex 54.1986 -45.4993 0.62
      vertex 54.0555 -45.4135 0.62
    endloop
  endfacet
  facet normal 0 0 1
    outer loop
      vertex 53.2777 -46.5776 0.62
      vertex 54.0555 -45.4135 0.62
      vertex 53.9215 -45.3141 0.62
    endloop
  endfacet
  facet normal 0 0 1
    outer loop
      vertex 54.3494 -45.5706 0.62
      vertex 53.8137 -46.864 0.62
      vertex 54.1001 -46.9665 0.62
    endloop
  endfacet
  facet normal 0 0 1
    outer loop
      vertex 53.0334 -46.3963 0.62
      vertex 53.9215 -45.3141 0.62
      vertex 53.7979 -45.2021 0.62
    endloop
  endfacet
  facet normal 0 0 1
    outer loop
      vertex 52.808 -46.192 0.62
      vertex 53.7979 -45.2021 0.62
      vertex 53.6859 -45.0785 0.62
    endloop
  endfacet
  facet normal 0 0 1
    outer loop
      vertex 52.6037 -45.9666 0.62
      vertex 53.6859 -45.0785 0.62
      vertex 53.5865 -44.9445 0.62
    endloop
  endfacet
  facet normal 0 0 1
    outer loop
      vertex 54.1986 -45.4993 0.62
      vertex 53.5387 -46.734 0.62
      vertex 53.8137 -46.864 0.62
    endloop
  endfacet
  facet normal 0 0 1
    outer loop
      vertex 52.4224 -45.7223 0.62
      vertex 53.5865 -44.9445 0.62
      vertex 53.5007 -44.8014 0.62
    endloop
  endfacet
  facet normal 0 0 1
    outer loop
      vertex 52.266 -45.4613 0.62
      vertex 53.5007 -44.8014 0.62
      vertex 53.4294 -44.6506 0.62
    endloop
  endfacet
  facet normal 0 0 1
    outer loop
      vertex 52.136 -45.1863 0.62
      vertex 53.4294 -44.6506 0.62
      vertex 53.3732 -44.4935 0.62
    endloop
  endfacet
  facet normal 0 0 1
    outer loop
      vertex 52.0335 -44.8999 0.62
      vertex 53.3732 -44.4935 0.62
      vertex 53.3327 -44.3317 0.62
    endloop
  endfacet
  facet normal 0 0 1
    outer loop
      vertex 51.9596 -44.6048 0.62
      vertex 53.3327 -44.3317 0.62
      vertex 53.3082 -44.1666 0.62
    endloop
  endfacet
  facet normal 0 0 1
    outer loop
      vertex 54.0555 -45.4135 0.62
      vertex 53.2777 -46.5776 0.62
      vertex 53.5387 -46.734 0.62
    endloop
  endfacet
  facet normal 0 0 1
    outer loop
      vertex 51.9149 -44.3039 0.62
      vertex 53.3082 -44.1666 0.62
      vertex 53.3 -44 0.62
    endloop
  endfacet
  facet normal 0 0 1
    outer loop
      vertex 53.5007 -43.1986 0.62
      vertex 52.266 -42.5387 0.62
      vertex 53.4294 -43.3494 0.62
    endloop
  endfacet
  facet normal -0 0 1
    outer loop
      vertex 52.136 -42.8137 0.62
      vertex 53.4294 -43.3494 0.62
      vertex 52.266 -42.5387 0.62
    endloop
  endfacet
  facet normal 0 0 1
    outer loop
      vertex 53.9215 -45.3141 0.62
      vertex 53.0334 -46.3963 0.62
      vertex 53.2777 -46.5776 0.62
    endloop
  endfacet
  facet normal 0 0 1
    outer loop
      vertex 53.4294 -43.3494 0.62
      vertex 52.136 -42.8137 0.62
      vertex 53.3732 -43.5065 0.62
    endloop
  endfacet
  facet normal 0 0 1
    outer loop
      vertex 53.7979 -45.2021 0.62
      vertex 52.808 -46.192 0.62
      vertex 53.0334 -46.3963 0.62
    endloop
  endfacet
  facet normal -0 0 1
    outer loop
      vertex 52.0335 -43.1001 0.62
      vertex 53.3732 -43.5065 0.62
      vertex 52.136 -42.8137 0.62
    endloop
  endfacet
  facet normal 0 0 1
    outer loop
      vertex 53.6859 -45.0785 0.62
      vertex 52.6037 -45.9666 0.62
      vertex 52.808 -46.192 0.62
    endloop
  endfacet
  facet normal 0 0 1
    outer loop
      vertex 53.3732 -43.5065 0.62
      vertex 52.0335 -43.1001 0.62
      vertex 53.3327 -43.6683 0.62
    endloop
  endfacet
  facet normal 0 0 1
    outer loop
      vertex 53.5865 -44.9445 0.62
      vertex 52.4224 -45.7223 0.62
      vertex 52.6037 -45.9666 0.62
    endloop
  endfacet
  facet normal -0 0 1
    outer loop
      vertex 51.9596 -43.3952 0.62
      vertex 53.3327 -43.6683 0.62
      vertex 52.0335 -43.1001 0.62
    endloop
  endfacet
  facet normal 0 0 1
    outer loop
      vertex 53.5007 -44.8014 0.62
      vertex 52.266 -45.4613 0.62
      vertex 52.4224 -45.7223 0.62
    endloop
  endfacet
  facet normal 0 0 1
    outer loop
      vertex 53.3327 -43.6683 0.62
      vertex 51.9596 -43.3952 0.62
      vertex 53.3082 -43.8334 0.62
    endloop
  endfacet
  facet normal 0 0 1
    outer loop
      vertex 53.4294 -44.6506 0.62
      vertex 52.136 -45.1863 0.62
      vertex 52.266 -45.4613 0.62
    endloop
  endfacet
  facet normal -0 0 1
    outer loop
      vertex 51.9149 -43.6961 0.62
      vertex 53.3082 -43.8334 0.62
      vertex 51.9596 -43.3952 0.62
    endloop
  endfacet
  facet normal 0 0 1
    outer loop
      vertex 53.3732 -44.4935 0.62
      vertex 52.0335 -44.8999 0.62
      vertex 52.136 -45.1863 0.62
    endloop
  endfacet
  facet normal 0 0 1
    outer loop
      vertex 53.3082 -43.8334 0.62
      vertex 51.9149 -43.6961 0.62
      vertex 53.3 -44 0.62
    endloop
  endfacet
  facet normal 0 0 1
    outer loop
      vertex 53.3327 -44.3317 0.62
      vertex 51.9596 -44.6048 0.62
      vertex 52.0335 -44.8999 0.62
    endloop
  endfacet
  facet normal 0 0 1
    outer loop
      vertex 51.9 -44 0.62
      vertex 53.3 -44 0.62
      vertex 51.9149 -43.6961 0.62
    endloop
  endfacet
  facet normal 0 0 1
    outer loop
      vertex 53.3082 -44.1666 0.62
      vertex 51.9149 -44.3039 0.62
      vertex 51.9596 -44.6048 0.62
    endloop
  endfacet
  facet normal 0 0 1
    outer loop
      vertex 53.3 -44 0.62
      vertex 51.9 -44 0.62
      vertex 51.9149 -44.3039 0.62
    endloop
  endfacet
  facet normal -0.989168 -0.146788 0
    outer loop
      vertex 56.6918 44.1666 -0.0199995
      vertex 56.6673 44.3317 0.62
      vertex 56.6673 44.3317 -0.0199995
    endloop
  endfacet
  facet normal -0.989168 -0.146788 0
    outer loop
      vertex 56.6673 44.3317 0.62
      vertex 56.6918 44.1666 -0.0199995
      vertex 56.6918 44.1666 0.62
    endloop
  endfacet
  facet normal -0.989168 -0.146788 0
    outer loop
      vertex 56.6918 44.1666 2.62
      vertex 56.6673 44.3317 2.98
      vertex 56.6673 44.3317 2.62
    endloop
  endfacet
  facet normal -0.989168 -0.146788 0
    outer loop
      vertex 56.6673 44.3317 2.98
      vertex 56.6918 44.1666 2.62
      vertex 56.6918 44.1666 2.98
    endloop
  endfacet
  facet normal -0.998791 -0.0491602 0
    outer loop
      vertex 56.7 44 -0.0199995
      vertex 56.6918 44.1666 0.62
      vertex 56.6918 44.1666 -0.0199995
    endloop
  endfacet
  facet normal -0.998791 -0.0491602 0
    outer loop
      vertex 56.6918 44.1666 0.62
      vertex 56.7 44 -0.0199995
      vertex 56.7 44 0.62
    endloop
  endfacet
  facet normal -0.998791 -0.0491602 0
    outer loop
      vertex 56.7 44 2.62
      vertex 56.6918 44.1666 2.98
      vertex 56.6918 44.1666 2.62
    endloop
  endfacet
  facet normal -0.998791 -0.0491602 0
    outer loop
      vertex 56.6918 44.1666 2.98
      vertex 56.7 44 2.62
      vertex 56.7 44 2.98
    endloop
  endfacet
  facet normal -0.970072 -0.242818 0
    outer loop
      vertex 56.6673 44.3317 -0.0199995
      vertex 56.6268 44.4935 0.62
      vertex 56.6268 44.4935 -0.0199995
    endloop
  endfacet
  facet normal -0.970072 -0.242818 0
    outer loop
      vertex 56.6268 44.4935 0.62
      vertex 56.6673 44.3317 -0.0199995
      vertex 56.6673 44.3317 0.62
    endloop
  endfacet
  facet normal -0.970072 -0.242818 0
    outer loop
      vertex 56.6673 44.3317 2.62
      vertex 56.6268 44.4935 2.98
      vertex 56.6268 44.4935 2.62
    endloop
  endfacet
  facet normal -0.970072 -0.242818 0
    outer loop
      vertex 56.6268 44.4935 2.98
      vertex 56.6673 44.3317 2.62
      vertex 56.6673 44.3317 2.98
    endloop
  endfacet
  facet normal -0.427442 0.904043 0
    outer loop
      vertex 55.8014 42.5007 2.62
      vertex 55.6506 42.4294 2.98
      vertex 55.8014 42.5007 2.98
    endloop
  endfacet
  facet normal -0.427442 0.904043 0
    outer loop
      vertex 55.6506 42.4294 2.98
      vertex 55.8014 42.5007 2.62
      vertex 55.6506 42.4294 2.62
    endloop
  endfacet
  facet normal -0.427442 0.904043 0
    outer loop
      vertex 55.8014 42.5007 -0.0199995
      vertex 55.6506 42.4294 0.62
      vertex 55.8014 42.5007 0.62
    endloop
  endfacet
  facet normal -0.427442 0.904043 0
    outer loop
      vertex 55.6506 42.4294 0.62
      vertex 55.8014 42.5007 -0.0199995
      vertex 55.6506 42.4294 -0.0199995
    endloop
  endfacet
  facet normal 0.0491602 -0.998791 0
    outer loop
      vertex 54.8334 45.6918 -0.0199995
      vertex 55 45.7 0.62
      vertex 54.8334 45.6918 0.62
    endloop
  endfacet
  facet normal 0.0491602 -0.998791 0
    outer loop
      vertex 55 45.7 0.62
      vertex 54.8334 45.6918 -0.0199995
      vertex 55 45.7 -0.0199995
    endloop
  endfacet
  facet normal 0.0491602 -0.998791 0
    outer loop
      vertex 54.8334 45.6918 2.62
      vertex 55 45.7 2.98
      vertex 54.8334 45.6918 2.98
    endloop
  endfacet
  facet normal 0.0491602 -0.998791 0
    outer loop
      vertex 55 45.7 2.98
      vertex 54.8334 45.6918 2.62
      vertex 55 45.7 2.62
    endloop
  endfacet
  facet normal 0.427442 -0.904043 0
    outer loop
      vertex 54.1986 45.4993 -0.0199995
      vertex 54.3494 45.5706 0.62
      vertex 54.1986 45.4993 0.62
    endloop
  endfacet
  facet normal 0.427442 -0.904043 0
    outer loop
      vertex 54.3494 45.5706 0.62
      vertex 54.1986 45.4993 -0.0199995
      vertex 54.3494 45.5706 -0.0199995
    endloop
  endfacet
  facet normal 0.427442 -0.904043 0
    outer loop
      vertex 54.1986 45.4993 2.62
      vertex 54.3494 45.5706 2.98
      vertex 54.1986 45.4993 2.98
    endloop
  endfacet
  facet normal 0.427442 -0.904043 0
    outer loop
      vertex 54.3494 45.5706 2.98
      vertex 54.1986 45.4993 2.62
      vertex 54.3494 45.5706 2.62
    endloop
  endfacet
  facet normal -0.741024 -0.671478 0
    outer loop
      vertex 56.3141 45.0785 -0.0199995
      vertex 56.2021 45.2021 0.62
      vertex 56.2021 45.2021 -0.0199995
    endloop
  endfacet
  facet normal -0.741024 -0.671478 0
    outer loop
      vertex 56.2021 45.2021 0.62
      vertex 56.3141 45.0785 -0.0199995
      vertex 56.3141 45.0785 0.62
    endloop
  endfacet
  facet normal -0.741024 -0.671478 0
    outer loop
      vertex 56.3141 45.0785 2.62
      vertex 56.2021 45.2021 2.98
      vertex 56.2021 45.2021 2.62
    endloop
  endfacet
  facet normal -0.741024 -0.671478 0
    outer loop
      vertex 56.2021 45.2021 2.98
      vertex 56.3141 45.0785 2.62
      vertex 56.3141 45.0785 2.98
    endloop
  endfacet
  facet normal 0.146788 0.989168 -0
    outer loop
      vertex 54.8334 42.3082 2.62
      vertex 54.6683 42.3327 2.98
      vertex 54.8334 42.3082 2.98
    endloop
  endfacet
  facet normal 0.146788 0.989168 0
    outer loop
      vertex 54.6683 42.3327 2.98
      vertex 54.8334 42.3082 2.62
      vertex 54.6683 42.3327 2.62
    endloop
  endfacet
  facet normal 0.146788 0.989168 -0
    outer loop
      vertex 54.8334 42.3082 -0.0199995
      vertex 54.6683 42.3327 0.62
      vertex 54.8334 42.3082 0.62
    endloop
  endfacet
  facet normal 0.146788 0.989168 0
    outer loop
      vertex 54.6683 42.3327 0.62
      vertex 54.8334 42.3082 -0.0199995
      vertex 54.6683 42.3327 -0.0199995
    endloop
  endfacet
  facet normal -0.427442 -0.904043 0
    outer loop
      vertex 55.6506 45.5706 2.62
      vertex 55.8014 45.4993 2.98
      vertex 55.6506 45.5706 2.98
    endloop
  endfacet
  facet normal -0.427442 -0.904043 -0
    outer loop
      vertex 55.8014 45.4993 2.98
      vertex 55.6506 45.5706 2.62
      vertex 55.8014 45.4993 2.62
    endloop
  endfacet
  facet normal -0.427442 -0.904043 0
    outer loop
      vertex 55.6506 45.5706 -0.0199995
      vertex 55.8014 45.4993 0.62
      vertex 55.6506 45.5706 0.62
    endloop
  endfacet
  facet normal -0.427442 -0.904043 -0
    outer loop
      vertex 55.8014 45.4993 0.62
      vertex 55.6506 45.5706 -0.0199995
      vertex 55.8014 45.4993 -0.0199995
    endloop
  endfacet
  facet normal 0.146788 -0.989168 0
    outer loop
      vertex 54.6683 45.6673 -0.0199995
      vertex 54.8334 45.6918 0.62
      vertex 54.6683 45.6673 0.62
    endloop
  endfacet
  facet normal 0.146788 -0.989168 0
    outer loop
      vertex 54.8334 45.6918 0.62
      vertex 54.6683 45.6673 -0.0199995
      vertex 54.8334 45.6918 -0.0199995
    endloop
  endfacet
  facet normal 0.146788 -0.989168 0
    outer loop
      vertex 54.6683 45.6673 2.62
      vertex 54.8334 45.6918 2.98
      vertex 54.6683 45.6673 2.98
    endloop
  endfacet
  facet normal 0.146788 -0.989168 0
    outer loop
      vertex 54.8334 45.6918 2.98
      vertex 54.6683 45.6673 2.62
      vertex 54.8334 45.6918 2.62
    endloop
  endfacet
  facet normal -0.242818 0.970072 0
    outer loop
      vertex 55.4935 42.3732 -0.0199995
      vertex 55.3317 42.3327 0.62
      vertex 55.4935 42.3732 0.62
    endloop
  endfacet
  facet normal -0.242818 0.970072 0
    outer loop
      vertex 55.3317 42.3327 0.62
      vertex 55.4935 42.3732 -0.0199995
      vertex 55.3317 42.3327 -0.0199995
    endloop
  endfacet
  facet normal -0.242818 0.970072 0
    outer loop
      vertex 55.4935 42.3732 2.62
      vertex 55.3317 42.3327 2.98
      vertex 55.4935 42.3732 2.98
    endloop
  endfacet
  facet normal -0.242818 0.970072 0
    outer loop
      vertex 55.3317 42.3327 2.98
      vertex 55.4935 42.3732 2.62
      vertex 55.3317 42.3327 2.62
    endloop
  endfacet
  facet normal 0.595772 -0.803154 0
    outer loop
      vertex 53.9215 45.3141 2.62
      vertex 54.0555 45.4135 2.98
      vertex 53.9215 45.3141 2.98
    endloop
  endfacet
  facet normal 0.595772 -0.803154 0
    outer loop
      vertex 54.0555 45.4135 2.98
      vertex 53.9215 45.3141 2.62
      vertex 54.0555 45.4135 2.62
    endloop
  endfacet
  facet normal 0.595772 -0.803154 0
    outer loop
      vertex 53.9215 45.3141 -0.0199995
      vertex 54.0555 45.4135 0.62
      vertex 53.9215 45.3141 0.62
    endloop
  endfacet
  facet normal 0.595772 -0.803154 0
    outer loop
      vertex 54.0555 45.4135 0.62
      vertex 53.9215 45.3141 -0.0199995
      vertex 54.0555 45.4135 -0.0199995
    endloop
  endfacet
  facet normal 0.904043 -0.427442 0
    outer loop
      vertex 53.4294 44.6506 0.62
      vertex 53.5007 44.8014 -0.0199995
      vertex 53.5007 44.8014 0.62
    endloop
  endfacet
  facet normal 0.904043 -0.427442 0
    outer loop
      vertex 53.5007 44.8014 -0.0199995
      vertex 53.4294 44.6506 0.62
      vertex 53.4294 44.6506 -0.0199995
    endloop
  endfacet
  facet normal 0.904043 -0.427442 0
    outer loop
      vertex 53.4294 44.6506 2.98
      vertex 53.5007 44.8014 2.62
      vertex 53.5007 44.8014 2.98
    endloop
  endfacet
  facet normal 0.904043 -0.427442 0
    outer loop
      vertex 53.5007 44.8014 2.62
      vertex 53.4294 44.6506 2.98
      vertex 53.4294 44.6506 2.62
    endloop
  endfacet
  facet normal 0.427442 0.904043 -0
    outer loop
      vertex 54.3494 42.4294 -0.0199995
      vertex 54.1986 42.5007 0.62
      vertex 54.3494 42.4294 0.62
    endloop
  endfacet
  facet normal 0.427442 0.904043 0
    outer loop
      vertex 54.1986 42.5007 0.62
      vertex 54.3494 42.4294 -0.0199995
      vertex 54.1986 42.5007 -0.0199995
    endloop
  endfacet
  facet normal 0.427442 0.904043 -0
    outer loop
      vertex 54.3494 42.4294 2.62
      vertex 54.1986 42.5007 2.98
      vertex 54.3494 42.4294 2.98
    endloop
  endfacet
  facet normal 0.427442 0.904043 0
    outer loop
      vertex 54.1986 42.5007 2.98
      vertex 54.3494 42.4294 2.62
      vertex 54.1986 42.5007 2.62
    endloop
  endfacet
  facet normal 0.595772 0.803154 -0
    outer loop
      vertex 54.0555 42.5865 -0.0199995
      vertex 53.9215 42.6859 0.62
      vertex 54.0555 42.5865 0.62
    endloop
  endfacet
  facet normal 0.595772 0.803154 0
    outer loop
      vertex 53.9215 42.6859 0.62
      vertex 54.0555 42.5865 -0.0199995
      vertex 53.9215 42.6859 -0.0199995
    endloop
  endfacet
  facet normal 0.595772 0.803154 -0
    outer loop
      vertex 54.0555 42.5865 2.62
      vertex 53.9215 42.6859 2.98
      vertex 54.0555 42.5865 2.98
    endloop
  endfacet
  facet normal 0.595772 0.803154 0
    outer loop
      vertex 53.9215 42.6859 2.98
      vertex 54.0555 42.5865 2.62
      vertex 53.9215 42.6859 2.62
    endloop
  endfacet
  facet normal 0.904043 0.427442 0
    outer loop
      vertex 53.5007 43.1986 2.98
      vertex 53.4294 43.3494 2.62
      vertex 53.4294 43.3494 2.98
    endloop
  endfacet
  facet normal 0.904043 0.427442 0
    outer loop
      vertex 53.4294 43.3494 2.62
      vertex 53.5007 43.1986 2.98
      vertex 53.5007 43.1986 2.62
    endloop
  endfacet
  facet normal 0.904043 0.427442 0
    outer loop
      vertex 53.5007 43.1986 0.62
      vertex 53.4294 43.3494 -0.0199995
      vertex 53.4294 43.3494 0.62
    endloop
  endfacet
  facet normal 0.904043 0.427442 0
    outer loop
      vertex 53.4294 43.3494 -0.0199995
      vertex 53.5007 43.1986 0.62
      vertex 53.5007 43.1986 -0.0199995
    endloop
  endfacet
  facet normal -0.514231 -0.857652 0
    outer loop
      vertex 55.8014 45.4993 2.62
      vertex 55.9445 45.4135 2.98
      vertex 55.8014 45.4993 2.98
    endloop
  endfacet
  facet normal -0.514231 -0.857652 -0
    outer loop
      vertex 55.9445 45.4135 2.98
      vertex 55.8014 45.4993 2.62
      vertex 55.9445 45.4135 2.62
    endloop
  endfacet
  facet normal -0.514231 -0.857652 0
    outer loop
      vertex 55.8014 45.4993 -0.0199995
      vertex 55.9445 45.4135 0.62
      vertex 55.8014 45.4993 0.62
    endloop
  endfacet
  facet normal -0.514231 -0.857652 -0
    outer loop
      vertex 55.9445 45.4135 0.62
      vertex 55.8014 45.4993 -0.0199995
      vertex 55.9445 45.4135 -0.0199995
    endloop
  endfacet
  facet normal 0.998791 0.0491602 0
    outer loop
      vertex 53.3082 43.8334 0.62
      vertex 53.3 44 -0.0199995
      vertex 53.3 44 0.62
    endloop
  endfacet
  facet normal 0.998791 0.0491602 0
    outer loop
      vertex 53.3 44 -0.0199995
      vertex 53.3082 43.8334 0.62
      vertex 53.3082 43.8334 -0.0199995
    endloop
  endfacet
  facet normal 0.998791 0.0491602 0
    outer loop
      vertex 53.3082 43.8334 2.98
      vertex 53.3 44 2.62
      vertex 53.3 44 2.98
    endloop
  endfacet
  facet normal 0.998791 0.0491602 0
    outer loop
      vertex 53.3 44 2.62
      vertex 53.3082 43.8334 2.98
      vertex 53.3082 43.8334 2.62
    endloop
  endfacet
  facet normal 0.33683 0.941566 -0
    outer loop
      vertex 54.5065 42.3732 -0.0199995
      vertex 54.3494 42.4294 0.62
      vertex 54.5065 42.3732 0.62
    endloop
  endfacet
  facet normal 0.33683 0.941566 0
    outer loop
      vertex 54.3494 42.4294 0.62
      vertex 54.5065 42.3732 -0.0199995
      vertex 54.3494 42.4294 -0.0199995
    endloop
  endfacet
  facet normal 0.33683 0.941566 -0
    outer loop
      vertex 54.5065 42.3732 2.62
      vertex 54.3494 42.4294 2.98
      vertex 54.5065 42.3732 2.98
    endloop
  endfacet
  facet normal 0.33683 0.941566 0
    outer loop
      vertex 54.3494 42.4294 2.98
      vertex 54.5065 42.3732 2.62
      vertex 54.3494 42.4294 2.62
    endloop
  endfacet
  facet normal -0.595772 -0.803154 0
    outer loop
      vertex 55.9445 45.4135 2.62
      vertex 56.0785 45.3141 2.98
      vertex 55.9445 45.4135 2.98
    endloop
  endfacet
  facet normal -0.595772 -0.803154 -0
    outer loop
      vertex 56.0785 45.3141 2.98
      vertex 55.9445 45.4135 2.62
      vertex 56.0785 45.3141 2.62
    endloop
  endfacet
  facet normal -0.595772 -0.803154 0
    outer loop
      vertex 55.9445 45.4135 -0.0199995
      vertex 56.0785 45.3141 0.62
      vertex 55.9445 45.4135 0.62
    endloop
  endfacet
  facet normal -0.595772 -0.803154 -0
    outer loop
      vertex 56.0785 45.3141 0.62
      vertex 55.9445 45.4135 -0.0199995
      vertex 56.0785 45.3141 -0.0199995
    endloop
  endfacet
  facet normal -0.970072 0.242818 0
    outer loop
      vertex 56.6268 43.5065 2.62
      vertex 56.6673 43.6683 2.98
      vertex 56.6673 43.6683 2.62
    endloop
  endfacet
  facet normal -0.970072 0.242818 0
    outer loop
      vertex 56.6673 43.6683 2.98
      vertex 56.6268 43.5065 2.62
      vertex 56.6268 43.5065 2.98
    endloop
  endfacet
  facet normal -0.970072 0.242818 0
    outer loop
      vertex 56.6268 43.5065 -0.0199995
      vertex 56.6673 43.6683 0.62
      vertex 56.6673 43.6683 -0.0199995
    endloop
  endfacet
  facet normal -0.970072 0.242818 0
    outer loop
      vertex 56.6673 43.6683 0.62
      vertex 56.6268 43.5065 -0.0199995
      vertex 56.6268 43.5065 0.62
    endloop
  endfacet
  facet normal 0.941566 0.33683 0
    outer loop
      vertex 53.4294 43.3494 0.62
      vertex 53.3732 43.5065 -0.0199995
      vertex 53.3732 43.5065 0.62
    endloop
  endfacet
  facet normal 0.941566 0.33683 0
    outer loop
      vertex 53.3732 43.5065 -0.0199995
      vertex 53.4294 43.3494 0.62
      vertex 53.4294 43.3494 -0.0199995
    endloop
  endfacet
  facet normal 0.941566 0.33683 0
    outer loop
      vertex 53.4294 43.3494 2.98
      vertex 53.3732 43.5065 2.62
      vertex 53.3732 43.5065 2.98
    endloop
  endfacet
  facet normal 0.941566 0.33683 0
    outer loop
      vertex 53.3732 43.5065 2.62
      vertex 53.4294 43.3494 2.98
      vertex 53.4294 43.3494 2.62
    endloop
  endfacet
  facet normal -0.242818 -0.970072 0
    outer loop
      vertex 55.3317 45.6673 2.62
      vertex 55.4935 45.6268 2.98
      vertex 55.3317 45.6673 2.98
    endloop
  endfacet
  facet normal -0.242818 -0.970072 -0
    outer loop
      vertex 55.4935 45.6268 2.98
      vertex 55.3317 45.6673 2.62
      vertex 55.4935 45.6268 2.62
    endloop
  endfacet
  facet normal -0.242818 -0.970072 0
    outer loop
      vertex 55.3317 45.6673 -0.0199995
      vertex 55.4935 45.6268 0.62
      vertex 55.3317 45.6673 0.62
    endloop
  endfacet
  facet normal -0.242818 -0.970072 -0
    outer loop
      vertex 55.4935 45.6268 0.62
      vertex 55.3317 45.6673 -0.0199995
      vertex 55.4935 45.6268 -0.0199995
    endloop
  endfacet
  facet normal 0.741024 -0.671478 0
    outer loop
      vertex 53.6859 45.0785 2.98
      vertex 53.7979 45.2021 2.62
      vertex 53.7979 45.2021 2.98
    endloop
  endfacet
  facet normal 0.741024 -0.671478 0
    outer loop
      vertex 53.7979 45.2021 2.62
      vertex 53.6859 45.0785 2.98
      vertex 53.6859 45.0785 2.62
    endloop
  endfacet
  facet normal 0.741024 -0.671478 0
    outer loop
      vertex 53.6859 45.0785 0.62
      vertex 53.7979 45.2021 -0.0199995
      vertex 53.7979 45.2021 0.62
    endloop
  endfacet
  facet normal 0.741024 -0.671478 0
    outer loop
      vertex 53.7979 45.2021 -0.0199995
      vertex 53.6859 45.0785 0.62
      vertex 53.6859 45.0785 -0.0199995
    endloop
  endfacet
  facet normal -0.0491602 0.998791 0
    outer loop
      vertex 55.1666 42.3082 -0.0199995
      vertex 55 42.3 0.62
      vertex 55.1666 42.3082 0.62
    endloop
  endfacet
  facet normal -0.0491602 0.998791 0
    outer loop
      vertex 55 42.3 0.62
      vertex 55.1666 42.3082 -0.0199995
      vertex 55 42.3 -0.0199995
    endloop
  endfacet
  facet normal -0.0491602 0.998791 0
    outer loop
      vertex 55.1666 42.3082 2.62
      vertex 55 42.3 2.98
      vertex 55.1666 42.3082 2.98
    endloop
  endfacet
  facet normal -0.0491602 0.998791 0
    outer loop
      vertex 55 42.3 2.98
      vertex 55.1666 42.3082 2.62
      vertex 55 42.3 2.62
    endloop
  endfacet
  facet normal -0.803154 -0.595772 0
    outer loop
      vertex 56.4135 44.9445 2.62
      vertex 56.3141 45.0785 2.98
      vertex 56.3141 45.0785 2.62
    endloop
  endfacet
  facet normal -0.803154 -0.595772 0
    outer loop
      vertex 56.3141 45.0785 2.98
      vertex 56.4135 44.9445 2.62
      vertex 56.4135 44.9445 2.98
    endloop
  endfacet
  facet normal -0.803154 -0.595772 0
    outer loop
      vertex 56.4135 44.9445 -0.0199995
      vertex 56.3141 45.0785 0.62
      vertex 56.3141 45.0785 -0.0199995
    endloop
  endfacet
  facet normal -0.803154 -0.595772 0
    outer loop
      vertex 56.3141 45.0785 0.62
      vertex 56.4135 44.9445 -0.0199995
      vertex 56.4135 44.9445 0.62
    endloop
  endfacet
  facet normal 0.970072 0.242818 0
    outer loop
      vertex 53.3732 43.5065 0.62
      vertex 53.3327 43.6683 -0.0199995
      vertex 53.3327 43.6683 0.62
    endloop
  endfacet
  facet normal 0.970072 0.242818 0
    outer loop
      vertex 53.3327 43.6683 -0.0199995
      vertex 53.3732 43.5065 0.62
      vertex 53.3732 43.5065 -0.0199995
    endloop
  endfacet
  facet normal 0.970072 0.242818 0
    outer loop
      vertex 53.3732 43.5065 2.98
      vertex 53.3327 43.6683 2.62
      vertex 53.3327 43.6683 2.98
    endloop
  endfacet
  facet normal 0.970072 0.242818 0
    outer loop
      vertex 53.3327 43.6683 2.62
      vertex 53.3732 43.5065 2.98
      vertex 53.3732 43.5065 2.62
    endloop
  endfacet
  facet normal -0.989168 0.146788 0
    outer loop
      vertex 56.6673 43.6683 -0.0199995
      vertex 56.6918 43.8334 0.62
      vertex 56.6918 43.8334 -0.0199995
    endloop
  endfacet
  facet normal -0.989168 0.146788 0
    outer loop
      vertex 56.6918 43.8334 0.62
      vertex 56.6673 43.6683 -0.0199995
      vertex 56.6673 43.6683 0.62
    endloop
  endfacet
  facet normal -0.989168 0.146788 0
    outer loop
      vertex 56.6673 43.6683 2.62
      vertex 56.6918 43.8334 2.98
      vertex 56.6918 43.8334 2.62
    endloop
  endfacet
  facet normal -0.989168 0.146788 0
    outer loop
      vertex 56.6918 43.8334 2.98
      vertex 56.6673 43.6683 2.62
      vertex 56.6673 43.6683 2.98
    endloop
  endfacet
  facet normal -0.514231 0.857652 0
    outer loop
      vertex 55.9445 42.5865 2.62
      vertex 55.8014 42.5007 2.98
      vertex 55.9445 42.5865 2.98
    endloop
  endfacet
  facet normal -0.514231 0.857652 0
    outer loop
      vertex 55.8014 42.5007 2.98
      vertex 55.9445 42.5865 2.62
      vertex 55.8014 42.5007 2.62
    endloop
  endfacet
  facet normal -0.514231 0.857652 0
    outer loop
      vertex 55.9445 42.5865 -0.0199995
      vertex 55.8014 42.5007 0.62
      vertex 55.9445 42.5865 0.62
    endloop
  endfacet
  facet normal -0.514231 0.857652 0
    outer loop
      vertex 55.8014 42.5007 0.62
      vertex 55.9445 42.5865 -0.0199995
      vertex 55.8014 42.5007 -0.0199995
    endloop
  endfacet
  facet normal 0.941566 -0.33683 0
    outer loop
      vertex 53.3732 44.4935 2.98
      vertex 53.4294 44.6506 2.62
      vertex 53.4294 44.6506 2.98
    endloop
  endfacet
  facet normal 0.941566 -0.33683 0
    outer loop
      vertex 53.4294 44.6506 2.62
      vertex 53.3732 44.4935 2.98
      vertex 53.3732 44.4935 2.62
    endloop
  endfacet
  facet normal 0.941566 -0.33683 0
    outer loop
      vertex 53.3732 44.4935 0.62
      vertex 53.4294 44.6506 -0.0199995
      vertex 53.4294 44.6506 0.62
    endloop
  endfacet
  facet normal 0.941566 -0.33683 0
    outer loop
      vertex 53.4294 44.6506 -0.0199995
      vertex 53.3732 44.4935 0.62
      vertex 53.3732 44.4935 -0.0199995
    endloop
  endfacet
  facet normal 0.989168 -0.146788 0
    outer loop
      vertex 53.3082 44.1666 2.98
      vertex 53.3327 44.3317 2.62
      vertex 53.3327 44.3317 2.98
    endloop
  endfacet
  facet normal 0.989168 -0.146788 0
    outer loop
      vertex 53.3327 44.3317 2.62
      vertex 53.3082 44.1666 2.98
      vertex 53.3082 44.1666 2.62
    endloop
  endfacet
  facet normal 0.989168 -0.146788 0
    outer loop
      vertex 53.3082 44.1666 0.62
      vertex 53.3327 44.3317 -0.0199995
      vertex 53.3327 44.3317 0.62
    endloop
  endfacet
  facet normal 0.989168 -0.146788 0
    outer loop
      vertex 53.3327 44.3317 -0.0199995
      vertex 53.3082 44.1666 0.62
      vertex 53.3082 44.1666 -0.0199995
    endloop
  endfacet
  facet normal -0.904043 0.427442 0
    outer loop
      vertex 56.4993 43.1986 2.62
      vertex 56.5706 43.3494 2.98
      vertex 56.5706 43.3494 2.62
    endloop
  endfacet
  facet normal -0.904043 0.427442 0
    outer loop
      vertex 56.5706 43.3494 2.98
      vertex 56.4993 43.1986 2.62
      vertex 56.4993 43.1986 2.98
    endloop
  endfacet
  facet normal -0.904043 0.427442 0
    outer loop
      vertex 56.4993 43.1986 -0.0199995
      vertex 56.5706 43.3494 0.62
      vertex 56.5706 43.3494 -0.0199995
    endloop
  endfacet
  facet normal -0.904043 0.427442 0
    outer loop
      vertex 56.5706 43.3494 0.62
      vertex 56.4993 43.1986 -0.0199995
      vertex 56.4993 43.1986 0.62
    endloop
  endfacet
  facet normal -0.33683 -0.941566 0
    outer loop
      vertex 55.4935 45.6268 2.62
      vertex 55.6506 45.5706 2.98
      vertex 55.4935 45.6268 2.98
    endloop
  endfacet
  facet normal -0.33683 -0.941566 -0
    outer loop
      vertex 55.6506 45.5706 2.98
      vertex 55.4935 45.6268 2.62
      vertex 55.6506 45.5706 2.62
    endloop
  endfacet
  facet normal -0.33683 -0.941566 0
    outer loop
      vertex 55.4935 45.6268 -0.0199995
      vertex 55.6506 45.5706 0.62
      vertex 55.4935 45.6268 0.62
    endloop
  endfacet
  facet normal -0.33683 -0.941566 -0
    outer loop
      vertex 55.6506 45.5706 0.62
      vertex 55.4935 45.6268 -0.0199995
      vertex 55.6506 45.5706 -0.0199995
    endloop
  endfacet
  facet normal -0.998791 0.0491602 0
    outer loop
      vertex 56.6918 43.8334 2.62
      vertex 56.7 44 2.98
      vertex 56.7 44 2.62
    endloop
  endfacet
  facet normal -0.998791 0.0491602 0
    outer loop
      vertex 56.7 44 2.98
      vertex 56.6918 43.8334 2.62
      vertex 56.6918 43.8334 2.98
    endloop
  endfacet
  facet normal -0.998791 0.0491602 0
    outer loop
      vertex 56.6918 43.8334 -0.0199995
      vertex 56.7 44 0.62
      vertex 56.7 44 -0.0199995
    endloop
  endfacet
  facet normal -0.998791 0.0491602 0
    outer loop
      vertex 56.7 44 0.62
      vertex 56.6918 43.8334 -0.0199995
      vertex 56.6918 43.8334 0.62
    endloop
  endfacet
  facet normal -0.146788 0.989168 0
    outer loop
      vertex 55.3317 42.3327 2.62
      vertex 55.1666 42.3082 2.98
      vertex 55.3317 42.3327 2.98
    endloop
  endfacet
  facet normal -0.146788 0.989168 0
    outer loop
      vertex 55.1666 42.3082 2.98
      vertex 55.3317 42.3327 2.62
      vertex 55.1666 42.3082 2.62
    endloop
  endfacet
  facet normal -0.146788 0.989168 0
    outer loop
      vertex 55.3317 42.3327 -0.0199995
      vertex 55.1666 42.3082 0.62
      vertex 55.3317 42.3327 0.62
    endloop
  endfacet
  facet normal -0.146788 0.989168 0
    outer loop
      vertex 55.1666 42.3082 0.62
      vertex 55.3317 42.3327 -0.0199995
      vertex 55.1666 42.3082 -0.0199995
    endloop
  endfacet
  facet normal -0.941566 -0.33683 0
    outer loop
      vertex 56.6268 44.4935 -0.0199995
      vertex 56.5706 44.6506 0.62
      vertex 56.5706 44.6506 -0.0199995
    endloop
  endfacet
  facet normal -0.941566 -0.33683 0
    outer loop
      vertex 56.5706 44.6506 0.62
      vertex 56.6268 44.4935 -0.0199995
      vertex 56.6268 44.4935 0.62
    endloop
  endfacet
  facet normal -0.941566 -0.33683 0
    outer loop
      vertex 56.6268 44.4935 2.62
      vertex 56.5706 44.6506 2.98
      vertex 56.5706 44.6506 2.62
    endloop
  endfacet
  facet normal -0.941566 -0.33683 0
    outer loop
      vertex 56.5706 44.6506 2.98
      vertex 56.6268 44.4935 2.62
      vertex 56.6268 44.4935 2.98
    endloop
  endfacet
  facet normal -0.803154 0.595772 0
    outer loop
      vertex 56.3141 42.9215 -0.0199995
      vertex 56.4135 43.0555 0.62
      vertex 56.4135 43.0555 -0.0199995
    endloop
  endfacet
  facet normal -0.803154 0.595772 0
    outer loop
      vertex 56.4135 43.0555 0.62
      vertex 56.3141 42.9215 -0.0199995
      vertex 56.3141 42.9215 0.62
    endloop
  endfacet
  facet normal -0.803154 0.595772 0
    outer loop
      vertex 56.3141 42.9215 2.62
      vertex 56.4135 43.0555 2.98
      vertex 56.4135 43.0555 2.62
    endloop
  endfacet
  facet normal -0.803154 0.595772 0
    outer loop
      vertex 56.4135 43.0555 2.98
      vertex 56.3141 42.9215 2.62
      vertex 56.3141 42.9215 2.98
    endloop
  endfacet
  facet normal -0.857652 0.514231 0
    outer loop
      vertex 56.4135 43.0555 2.62
      vertex 56.4993 43.1986 2.98
      vertex 56.4993 43.1986 2.62
    endloop
  endfacet
  facet normal -0.857652 0.514231 0
    outer loop
      vertex 56.4993 43.1986 2.98
      vertex 56.4135 43.0555 2.62
      vertex 56.4135 43.0555 2.98
    endloop
  endfacet
  facet normal -0.857652 0.514231 0
    outer loop
      vertex 56.4135 43.0555 -0.0199995
      vertex 56.4993 43.1986 0.62
      vertex 56.4993 43.1986 -0.0199995
    endloop
  endfacet
  facet normal -0.857652 0.514231 0
    outer loop
      vertex 56.4993 43.1986 0.62
      vertex 56.4135 43.0555 -0.0199995
      vertex 56.4135 43.0555 0.62
    endloop
  endfacet
  facet normal 0.242818 -0.970072 0
    outer loop
      vertex 54.5065 45.6268 -0.0199995
      vertex 54.6683 45.6673 0.62
      vertex 54.5065 45.6268 0.62
    endloop
  endfacet
  facet normal 0.242818 -0.970072 0
    outer loop
      vertex 54.6683 45.6673 0.62
      vertex 54.5065 45.6268 -0.0199995
      vertex 54.6683 45.6673 -0.0199995
    endloop
  endfacet
  facet normal 0.242818 -0.970072 0
    outer loop
      vertex 54.5065 45.6268 2.62
      vertex 54.6683 45.6673 2.98
      vertex 54.5065 45.6268 2.98
    endloop
  endfacet
  facet normal 0.242818 -0.970072 0
    outer loop
      vertex 54.6683 45.6673 2.98
      vertex 54.5065 45.6268 2.62
      vertex 54.6683 45.6673 2.62
    endloop
  endfacet
  facet normal -0.941566 0.33683 0
    outer loop
      vertex 56.5706 43.3494 2.62
      vertex 56.6268 43.5065 2.98
      vertex 56.6268 43.5065 2.62
    endloop
  endfacet
  facet normal -0.941566 0.33683 0
    outer loop
      vertex 56.6268 43.5065 2.98
      vertex 56.5706 43.3494 2.62
      vertex 56.5706 43.3494 2.98
    endloop
  endfacet
  facet normal -0.941566 0.33683 0
    outer loop
      vertex 56.5706 43.3494 -0.0199995
      vertex 56.6268 43.5065 0.62
      vertex 56.6268 43.5065 -0.0199995
    endloop
  endfacet
  facet normal -0.941566 0.33683 0
    outer loop
      vertex 56.6268 43.5065 0.62
      vertex 56.5706 43.3494 -0.0199995
      vertex 56.5706 43.3494 0.62
    endloop
  endfacet
  facet normal -0.0491602 -0.998791 0
    outer loop
      vertex 55 45.7 -0.0199995
      vertex 55.1666 45.6918 0.62
      vertex 55 45.7 0.62
    endloop
  endfacet
  facet normal -0.0491602 -0.998791 -0
    outer loop
      vertex 55.1666 45.6918 0.62
      vertex 55 45.7 -0.0199995
      vertex 55.1666 45.6918 -0.0199995
    endloop
  endfacet
  facet normal -0.0491602 -0.998791 0
    outer loop
      vertex 55 45.7 2.62
      vertex 55.1666 45.6918 2.98
      vertex 55 45.7 2.98
    endloop
  endfacet
  facet normal -0.0491602 -0.998791 -0
    outer loop
      vertex 55.1666 45.6918 2.98
      vertex 55 45.7 2.62
      vertex 55.1666 45.6918 2.62
    endloop
  endfacet
  facet normal 0.514231 -0.857652 0
    outer loop
      vertex 54.0555 45.4135 2.62
      vertex 54.1986 45.4993 2.98
      vertex 54.0555 45.4135 2.98
    endloop
  endfacet
  facet normal 0.514231 -0.857652 0
    outer loop
      vertex 54.1986 45.4993 2.98
      vertex 54.0555 45.4135 2.62
      vertex 54.1986 45.4993 2.62
    endloop
  endfacet
  facet normal 0.514231 -0.857652 0
    outer loop
      vertex 54.0555 45.4135 -0.0199995
      vertex 54.1986 45.4993 0.62
      vertex 54.0555 45.4135 0.62
    endloop
  endfacet
  facet normal 0.514231 -0.857652 0
    outer loop
      vertex 54.1986 45.4993 0.62
      vertex 54.0555 45.4135 -0.0199995
      vertex 54.1986 45.4993 -0.0199995
    endloop
  endfacet
  facet normal -0.904043 -0.427442 0
    outer loop
      vertex 56.5706 44.6506 2.62
      vertex 56.4993 44.8014 2.98
      vertex 56.4993 44.8014 2.62
    endloop
  endfacet
  facet normal -0.904043 -0.427442 0
    outer loop
      vertex 56.4993 44.8014 2.98
      vertex 56.5706 44.6506 2.62
      vertex 56.5706 44.6506 2.98
    endloop
  endfacet
  facet normal -0.904043 -0.427442 0
    outer loop
      vertex 56.5706 44.6506 -0.0199995
      vertex 56.4993 44.8014 0.62
      vertex 56.4993 44.8014 -0.0199995
    endloop
  endfacet
  facet normal -0.904043 -0.427442 0
    outer loop
      vertex 56.4993 44.8014 0.62
      vertex 56.5706 44.6506 -0.0199995
      vertex 56.5706 44.6506 0.62
    endloop
  endfacet
  facet normal -0.146788 -0.989168 0
    outer loop
      vertex 55.1666 45.6918 2.62
      vertex 55.3317 45.6673 2.98
      vertex 55.1666 45.6918 2.98
    endloop
  endfacet
  facet normal -0.146788 -0.989168 -0
    outer loop
      vertex 55.3317 45.6673 2.98
      vertex 55.1666 45.6918 2.62
      vertex 55.3317 45.6673 2.62
    endloop
  endfacet
  facet normal -0.146788 -0.989168 0
    outer loop
      vertex 55.1666 45.6918 -0.0199995
      vertex 55.3317 45.6673 0.62
      vertex 55.1666 45.6918 0.62
    endloop
  endfacet
  facet normal -0.146788 -0.989168 -0
    outer loop
      vertex 55.3317 45.6673 0.62
      vertex 55.1666 45.6918 -0.0199995
      vertex 55.3317 45.6673 -0.0199995
    endloop
  endfacet
  facet normal 0.242818 0.970072 -0
    outer loop
      vertex 54.6683 42.3327 2.62
      vertex 54.5065 42.3732 2.98
      vertex 54.6683 42.3327 2.98
    endloop
  endfacet
  facet normal 0.242818 0.970072 0
    outer loop
      vertex 54.5065 42.3732 2.98
      vertex 54.6683 42.3327 2.62
      vertex 54.5065 42.3732 2.62
    endloop
  endfacet
  facet normal 0.242818 0.970072 -0
    outer loop
      vertex 54.6683 42.3327 -0.0199995
      vertex 54.5065 42.3732 0.62
      vertex 54.6683 42.3327 0.62
    endloop
  endfacet
  facet normal 0.242818 0.970072 0
    outer loop
      vertex 54.5065 42.3732 0.62
      vertex 54.6683 42.3327 -0.0199995
      vertex 54.5065 42.3732 -0.0199995
    endloop
  endfacet
  facet normal 0.857652 0.514231 0
    outer loop
      vertex 53.5865 43.0555 0.62
      vertex 53.5007 43.1986 -0.0199995
      vertex 53.5007 43.1986 0.62
    endloop
  endfacet
  facet normal 0.857652 0.514231 0
    outer loop
      vertex 53.5007 43.1986 -0.0199995
      vertex 53.5865 43.0555 0.62
      vertex 53.5865 43.0555 -0.0199995
    endloop
  endfacet
  facet normal 0.857652 0.514231 0
    outer loop
      vertex 53.5865 43.0555 2.98
      vertex 53.5007 43.1986 2.62
      vertex 53.5007 43.1986 2.98
    endloop
  endfacet
  facet normal 0.857652 0.514231 0
    outer loop
      vertex 53.5007 43.1986 2.62
      vertex 53.5865 43.0555 2.98
      vertex 53.5865 43.0555 2.62
    endloop
  endfacet
  facet normal -0.857652 -0.514231 0
    outer loop
      vertex 56.4993 44.8014 2.62
      vertex 56.4135 44.9445 2.98
      vertex 56.4135 44.9445 2.62
    endloop
  endfacet
  facet normal -0.857652 -0.514231 0
    outer loop
      vertex 56.4135 44.9445 2.98
      vertex 56.4993 44.8014 2.62
      vertex 56.4993 44.8014 2.98
    endloop
  endfacet
  facet normal -0.857652 -0.514231 0
    outer loop
      vertex 56.4993 44.8014 -0.0199995
      vertex 56.4135 44.9445 0.62
      vertex 56.4135 44.9445 -0.0199995
    endloop
  endfacet
  facet normal -0.857652 -0.514231 0
    outer loop
      vertex 56.4135 44.9445 0.62
      vertex 56.4993 44.8014 -0.0199995
      vertex 56.4993 44.8014 0.62
    endloop
  endfacet
  facet normal 0.33683 -0.941566 0
    outer loop
      vertex 54.3494 45.5706 2.62
      vertex 54.5065 45.6268 2.98
      vertex 54.3494 45.5706 2.98
    endloop
  endfacet
  facet normal 0.33683 -0.941566 0
    outer loop
      vertex 54.5065 45.6268 2.98
      vertex 54.3494 45.5706 2.62
      vertex 54.5065 45.6268 2.62
    endloop
  endfacet
  facet normal 0.33683 -0.941566 0
    outer loop
      vertex 54.3494 45.5706 -0.0199995
      vertex 54.5065 45.6268 0.62
      vertex 54.3494 45.5706 0.62
    endloop
  endfacet
  facet normal 0.33683 -0.941566 0
    outer loop
      vertex 54.5065 45.6268 0.62
      vertex 54.3494 45.5706 -0.0199995
      vertex 54.5065 45.6268 -0.0199995
    endloop
  endfacet
  facet normal 0.741024 0.671478 0
    outer loop
      vertex 53.7979 42.7979 0.62
      vertex 53.6859 42.9215 -0.0199995
      vertex 53.6859 42.9215 0.62
    endloop
  endfacet
  facet normal 0.741024 0.671478 0
    outer loop
      vertex 53.6859 42.9215 -0.0199995
      vertex 53.7979 42.7979 0.62
      vertex 53.7979 42.7979 -0.0199995
    endloop
  endfacet
  facet normal 0.741024 0.671478 0
    outer loop
      vertex 53.7979 42.7979 2.98
      vertex 53.6859 42.9215 2.62
      vertex 53.6859 42.9215 2.98
    endloop
  endfacet
  facet normal 0.741024 0.671478 0
    outer loop
      vertex 53.6859 42.9215 2.62
      vertex 53.7979 42.7979 2.98
      vertex 53.7979 42.7979 2.62
    endloop
  endfacet
  facet normal 0.671478 -0.741024 0
    outer loop
      vertex 53.7979 45.2021 2.62
      vertex 53.9215 45.3141 2.98
      vertex 53.7979 45.2021 2.98
    endloop
  endfacet
  facet normal 0.671478 -0.741024 0
    outer loop
      vertex 53.9215 45.3141 2.98
      vertex 53.7979 45.2021 2.62
      vertex 53.9215 45.3141 2.62
    endloop
  endfacet
  facet normal 0.671478 -0.741024 0
    outer loop
      vertex 53.7979 45.2021 -0.0199995
      vertex 53.9215 45.3141 0.62
      vertex 53.7979 45.2021 0.62
    endloop
  endfacet
  facet normal 0.671478 -0.741024 0
    outer loop
      vertex 53.9215 45.3141 0.62
      vertex 53.7979 45.2021 -0.0199995
      vertex 53.9215 45.3141 -0.0199995
    endloop
  endfacet
  facet normal 0.514231 0.857652 -0
    outer loop
      vertex 54.1986 42.5007 -0.0199995
      vertex 54.0555 42.5865 0.62
      vertex 54.1986 42.5007 0.62
    endloop
  endfacet
  facet normal 0.514231 0.857652 0
    outer loop
      vertex 54.0555 42.5865 0.62
      vertex 54.1986 42.5007 -0.0199995
      vertex 54.0555 42.5865 -0.0199995
    endloop
  endfacet
  facet normal 0.514231 0.857652 -0
    outer loop
      vertex 54.1986 42.5007 2.62
      vertex 54.0555 42.5865 2.98
      vertex 54.1986 42.5007 2.98
    endloop
  endfacet
  facet normal 0.514231 0.857652 0
    outer loop
      vertex 54.0555 42.5865 2.98
      vertex 54.1986 42.5007 2.62
      vertex 54.0555 42.5865 2.62
    endloop
  endfacet
  facet normal 0.970072 -0.242818 0
    outer loop
      vertex 53.3327 44.3317 2.98
      vertex 53.3732 44.4935 2.62
      vertex 53.3732 44.4935 2.98
    endloop
  endfacet
  facet normal 0.970072 -0.242818 0
    outer loop
      vertex 53.3732 44.4935 2.62
      vertex 53.3327 44.3317 2.98
      vertex 53.3327 44.3317 2.62
    endloop
  endfacet
  facet normal 0.970072 -0.242818 0
    outer loop
      vertex 53.3327 44.3317 0.62
      vertex 53.3732 44.4935 -0.0199995
      vertex 53.3732 44.4935 0.62
    endloop
  endfacet
  facet normal 0.970072 -0.242818 0
    outer loop
      vertex 53.3732 44.4935 -0.0199995
      vertex 53.3327 44.3317 0.62
      vertex 53.3327 44.3317 -0.0199995
    endloop
  endfacet
  facet normal -0.671478 -0.741024 0
    outer loop
      vertex 56.0785 45.3141 -0.0199995
      vertex 56.2021 45.2021 0.62
      vertex 56.0785 45.3141 0.62
    endloop
  endfacet
  facet normal -0.671478 -0.741024 -0
    outer loop
      vertex 56.2021 45.2021 0.62
      vertex 56.0785 45.3141 -0.0199995
      vertex 56.2021 45.2021 -0.0199995
    endloop
  endfacet
  facet normal -0.671478 -0.741024 0
    outer loop
      vertex 56.0785 45.3141 2.62
      vertex 56.2021 45.2021 2.98
      vertex 56.0785 45.3141 2.98
    endloop
  endfacet
  facet normal -0.671478 -0.741024 -0
    outer loop
      vertex 56.2021 45.2021 2.98
      vertex 56.0785 45.3141 2.62
      vertex 56.2021 45.2021 2.62
    endloop
  endfacet
  facet normal -0.33683 0.941566 0
    outer loop
      vertex 55.6506 42.4294 2.62
      vertex 55.4935 42.3732 2.98
      vertex 55.6506 42.4294 2.98
    endloop
  endfacet
  facet normal -0.33683 0.941566 0
    outer loop
      vertex 55.4935 42.3732 2.98
      vertex 55.6506 42.4294 2.62
      vertex 55.4935 42.3732 2.62
    endloop
  endfacet
  facet normal -0.33683 0.941566 0
    outer loop
      vertex 55.6506 42.4294 -0.0199995
      vertex 55.4935 42.3732 0.62
      vertex 55.6506 42.4294 0.62
    endloop
  endfacet
  facet normal -0.33683 0.941566 0
    outer loop
      vertex 55.4935 42.3732 0.62
      vertex 55.6506 42.4294 -0.0199995
      vertex 55.4935 42.3732 -0.0199995
    endloop
  endfacet
  facet normal 0.803154 0.595772 0
    outer loop
      vertex 53.6859 42.9215 0.62
      vertex 53.5865 43.0555 -0.0199995
      vertex 53.5865 43.0555 0.62
    endloop
  endfacet
  facet normal 0.803154 0.595772 0
    outer loop
      vertex 53.5865 43.0555 -0.0199995
      vertex 53.6859 42.9215 0.62
      vertex 53.6859 42.9215 -0.0199995
    endloop
  endfacet
  facet normal 0.803154 0.595772 0
    outer loop
      vertex 53.6859 42.9215 2.98
      vertex 53.5865 43.0555 2.62
      vertex 53.5865 43.0555 2.98
    endloop
  endfacet
  facet normal 0.803154 0.595772 0
    outer loop
      vertex 53.5865 43.0555 2.62
      vertex 53.6859 42.9215 2.98
      vertex 53.6859 42.9215 2.62
    endloop
  endfacet
  facet normal 0.989168 0.146788 0
    outer loop
      vertex 53.3327 43.6683 2.98
      vertex 53.3082 43.8334 2.62
      vertex 53.3082 43.8334 2.98
    endloop
  endfacet
  facet normal 0.989168 0.146788 0
    outer loop
      vertex 53.3082 43.8334 2.62
      vertex 53.3327 43.6683 2.98
      vertex 53.3327 43.6683 2.62
    endloop
  endfacet
  facet normal 0.989168 0.146788 0
    outer loop
      vertex 53.3327 43.6683 0.62
      vertex 53.3082 43.8334 -0.0199995
      vertex 53.3082 43.8334 0.62
    endloop
  endfacet
  facet normal 0.989168 0.146788 0
    outer loop
      vertex 53.3082 43.8334 -0.0199995
      vertex 53.3327 43.6683 0.62
      vertex 53.3327 43.6683 -0.0199995
    endloop
  endfacet
  facet normal -0.595772 0.803154 0
    outer loop
      vertex 56.0785 42.6859 2.62
      vertex 55.9445 42.5865 2.98
      vertex 56.0785 42.6859 2.98
    endloop
  endfacet
  facet normal -0.595772 0.803154 0
    outer loop
      vertex 55.9445 42.5865 2.98
      vertex 56.0785 42.6859 2.62
      vertex 55.9445 42.5865 2.62
    endloop
  endfacet
  facet normal -0.595772 0.803154 0
    outer loop
      vertex 56.0785 42.6859 -0.0199995
      vertex 55.9445 42.5865 0.62
      vertex 56.0785 42.6859 0.62
    endloop
  endfacet
  facet normal -0.595772 0.803154 0
    outer loop
      vertex 55.9445 42.5865 0.62
      vertex 56.0785 42.6859 -0.0199995
      vertex 55.9445 42.5865 -0.0199995
    endloop
  endfacet
  facet normal 0.671478 0.741024 -0
    outer loop
      vertex 53.9215 42.6859 2.62
      vertex 53.7979 42.7979 2.98
      vertex 53.9215 42.6859 2.98
    endloop
  endfacet
  facet normal 0.671478 0.741024 0
    outer loop
      vertex 53.7979 42.7979 2.98
      vertex 53.9215 42.6859 2.62
      vertex 53.7979 42.7979 2.62
    endloop
  endfacet
  facet normal 0.671478 0.741024 -0
    outer loop
      vertex 53.9215 42.6859 -0.0199995
      vertex 53.7979 42.7979 0.62
      vertex 53.9215 42.6859 0.62
    endloop
  endfacet
  facet normal 0.671478 0.741024 0
    outer loop
      vertex 53.7979 42.7979 0.62
      vertex 53.9215 42.6859 -0.0199995
      vertex 53.7979 42.7979 -0.0199995
    endloop
  endfacet
  facet normal 0.803154 -0.595772 0
    outer loop
      vertex 53.5865 44.9445 2.98
      vertex 53.6859 45.0785 2.62
      vertex 53.6859 45.0785 2.98
    endloop
  endfacet
  facet normal 0.803154 -0.595772 0
    outer loop
      vertex 53.6859 45.0785 2.62
      vertex 53.5865 44.9445 2.98
      vertex 53.5865 44.9445 2.62
    endloop
  endfacet
  facet normal 0.803154 -0.595772 0
    outer loop
      vertex 53.5865 44.9445 0.62
      vertex 53.6859 45.0785 -0.0199995
      vertex 53.6859 45.0785 0.62
    endloop
  endfacet
  facet normal 0.803154 -0.595772 0
    outer loop
      vertex 53.6859 45.0785 -0.0199995
      vertex 53.5865 44.9445 0.62
      vertex 53.5865 44.9445 -0.0199995
    endloop
  endfacet
  facet normal 0.857652 -0.514231 0
    outer loop
      vertex 53.5007 44.8014 0.62
      vertex 53.5865 44.9445 -0.0199995
      vertex 53.5865 44.9445 0.62
    endloop
  endfacet
  facet normal 0.857652 -0.514231 0
    outer loop
      vertex 53.5865 44.9445 -0.0199995
      vertex 53.5007 44.8014 0.62
      vertex 53.5007 44.8014 -0.0199995
    endloop
  endfacet
  facet normal 0.857652 -0.514231 0
    outer loop
      vertex 53.5007 44.8014 2.98
      vertex 53.5865 44.9445 2.62
      vertex 53.5865 44.9445 2.98
    endloop
  endfacet
  facet normal 0.857652 -0.514231 0
    outer loop
      vertex 53.5865 44.9445 2.62
      vertex 53.5007 44.8014 2.98
      vertex 53.5007 44.8014 2.62
    endloop
  endfacet
  facet normal 0.0491602 0.998791 -0
    outer loop
      vertex 55 42.3 -0.0199995
      vertex 54.8334 42.3082 0.62
      vertex 55 42.3 0.62
    endloop
  endfacet
  facet normal 0.0491602 0.998791 0
    outer loop
      vertex 54.8334 42.3082 0.62
      vertex 55 42.3 -0.0199995
      vertex 54.8334 42.3082 -0.0199995
    endloop
  endfacet
  facet normal 0.0491602 0.998791 -0
    outer loop
      vertex 55 42.3 2.62
      vertex 54.8334 42.3082 2.98
      vertex 55 42.3 2.98
    endloop
  endfacet
  facet normal 0.0491602 0.998791 0
    outer loop
      vertex 54.8334 42.3082 2.98
      vertex 55 42.3 2.62
      vertex 54.8334 42.3082 2.62
    endloop
  endfacet
  facet normal 0.998791 -0.0491602 0
    outer loop
      vertex 53.3 44 2.98
      vertex 53.3082 44.1666 2.62
      vertex 53.3082 44.1666 2.98
    endloop
  endfacet
  facet normal 0.998791 -0.0491602 0
    outer loop
      vertex 53.3082 44.1666 2.62
      vertex 53.3 44 2.98
      vertex 53.3 44 2.62
    endloop
  endfacet
  facet normal 0.998791 -0.0491602 0
    outer loop
      vertex 53.3 44 0.62
      vertex 53.3082 44.1666 -0.0199995
      vertex 53.3082 44.1666 0.62
    endloop
  endfacet
  facet normal 0.998791 -0.0491602 0
    outer loop
      vertex 53.3082 44.1666 -0.0199995
      vertex 53.3 44 0.62
      vertex 53.3 44 -0.0199995
    endloop
  endfacet
  facet normal -0.741024 0.671478 0
    outer loop
      vertex 56.2021 42.7979 -0.0199995
      vertex 56.3141 42.9215 0.62
      vertex 56.3141 42.9215 -0.0199995
    endloop
  endfacet
  facet normal -0.741024 0.671478 0
    outer loop
      vertex 56.3141 42.9215 0.62
      vertex 56.2021 42.7979 -0.0199995
      vertex 56.2021 42.7979 0.62
    endloop
  endfacet
  facet normal -0.741024 0.671478 0
    outer loop
      vertex 56.2021 42.7979 2.62
      vertex 56.3141 42.9215 2.98
      vertex 56.3141 42.9215 2.62
    endloop
  endfacet
  facet normal -0.741024 0.671478 0
    outer loop
      vertex 56.3141 42.9215 2.98
      vertex 56.2021 42.7979 2.62
      vertex 56.2021 42.7979 2.98
    endloop
  endfacet
  facet normal -0.671478 0.741024 0
    outer loop
      vertex 56.2021 42.7979 2.62
      vertex 56.0785 42.6859 2.98
      vertex 56.2021 42.7979 2.98
    endloop
  endfacet
  facet normal -0.671478 0.741024 0
    outer loop
      vertex 56.0785 42.6859 2.98
      vertex 56.2021 42.7979 2.62
      vertex 56.0785 42.6859 2.62
    endloop
  endfacet
  facet normal -0.671478 0.741024 0
    outer loop
      vertex 56.2021 42.7979 -0.0199995
      vertex 56.0785 42.6859 0.62
      vertex 56.2021 42.7979 0.62
    endloop
  endfacet
  facet normal -0.671478 0.741024 0
    outer loop
      vertex 56.0785 42.6859 0.62
      vertex 56.2021 42.7979 -0.0199995
      vertex 56.0785 42.6859 -0.0199995
    endloop
  endfacet
  facet normal -0.989145 -0.146942 0
    outer loop
      vertex 58.0851 44.3039 0.62
      vertex 58.0404 44.6048 2.62
      vertex 58.0404 44.6048 0.62
    endloop
  endfacet
  facet normal -0.989145 -0.146942 0
    outer loop
      vertex 58.0404 44.6048 2.62
      vertex 58.0851 44.3039 0.62
      vertex 58.0851 44.3039 2.62
    endloop
  endfacet
  facet normal -0.9988 -0.0489705 0
    outer loop
      vertex 58.1 44 0.62
      vertex 58.0851 44.3039 2.62
      vertex 58.0851 44.3039 0.62
    endloop
  endfacet
  facet normal -0.9988 -0.0489705 0
    outer loop
      vertex 58.0851 44.3039 2.62
      vertex 58.1 44 0.62
      vertex 58.1 44 2.62
    endloop
  endfacet
  facet normal -0.970046 -0.242922 0
    outer loop
      vertex 58.0404 44.6048 0.62
      vertex 57.9665 44.8999 2.62
      vertex 57.9665 44.8999 0.62
    endloop
  endfacet
  facet normal -0.970046 -0.242922 0
    outer loop
      vertex 57.9665 44.8999 2.62
      vertex 58.0404 44.6048 0.62
      vertex 58.0404 44.6048 2.62
    endloop
  endfacet
  facet normal -0.803027 0.595943 0
    outer loop
      vertex 57.3963 42.0334 0.62
      vertex 57.5776 42.2777 2.62
      vertex 57.5776 42.2777 0.62
    endloop
  endfacet
  facet normal -0.803027 0.595943 0
    outer loop
      vertex 57.5776 42.2777 2.62
      vertex 57.3963 42.0334 0.62
      vertex 57.3963 42.0334 2.62
    endloop
  endfacet
  facet normal -0.0489705 0.9988 0
    outer loop
      vertex 55.3039 40.9149 0.62
      vertex 55 40.9 2.62
      vertex 55.3039 40.9149 2.62
    endloop
  endfacet
  facet normal -0.0489705 0.9988 0
    outer loop
      vertex 55 40.9 2.62
      vertex 55.3039 40.9149 0.62
      vertex 55 40.9 0.62
    endloop
  endfacet
  facet normal -0.514012 0.857783 0
    outer loop
      vertex 56.7223 41.4224 0.62
      vertex 56.4613 41.266 2.62
      vertex 56.7223 41.4224 2.62
    endloop
  endfacet
  facet normal -0.514012 0.857783 0
    outer loop
      vertex 56.4613 41.266 2.62
      vertex 56.7223 41.4224 0.62
      vertex 56.4613 41.266 0.62
    endloop
  endfacet
  facet normal 0.42738 -0.904072 0
    outer loop
      vertex 53.5387 46.734 0.62
      vertex 53.8137 46.864 2.62
      vertex 53.5387 46.734 2.62
    endloop
  endfacet
  facet normal 0.42738 -0.904072 0
    outer loop
      vertex 53.8137 46.864 2.62
      vertex 53.5387 46.734 0.62
      vertex 53.8137 46.864 0.62
    endloop
  endfacet
  facet normal -0.514012 -0.857783 0
    outer loop
      vertex 56.4613 46.734 0.62
      vertex 56.7223 46.5776 2.62
      vertex 56.4613 46.734 2.62
    endloop
  endfacet
  facet normal -0.514012 -0.857783 -0
    outer loop
      vertex 56.7223 46.5776 2.62
      vertex 56.4613 46.734 0.62
      vertex 56.7223 46.5776 0.62
    endloop
  endfacet
  facet normal 0.0489705 -0.9988 0
    outer loop
      vertex 54.6961 47.0851 0.62
      vertex 55 47.1 2.62
      vertex 54.6961 47.0851 2.62
    endloop
  endfacet
  facet normal 0.0489705 -0.9988 0
    outer loop
      vertex 55 47.1 2.62
      vertex 54.6961 47.0851 0.62
      vertex 55 47.1 0.62
    endloop
  endfacet
  facet normal 0.803027 0.595943 0
    outer loop
      vertex 52.6037 42.0334 2.62
      vertex 52.4224 42.2777 0.62
      vertex 52.4224 42.2777 2.62
    endloop
  endfacet
  facet normal 0.803027 0.595943 0
    outer loop
      vertex 52.4224 42.2777 0.62
      vertex 52.6037 42.0334 2.62
      vertex 52.6037 42.0334 0.62
    endloop
  endfacet
  facet normal -0.941519 -0.336961 0
    outer loop
      vertex 57.9665 44.8999 0.62
      vertex 57.864 45.1863 2.62
      vertex 57.864 45.1863 0.62
    endloop
  endfacet
  facet normal -0.941519 -0.336961 0
    outer loop
      vertex 57.864 45.1863 2.62
      vertex 57.9665 44.8999 0.62
      vertex 57.9665 44.8999 2.62
    endloop
  endfacet
  facet normal -0.941519 0.336961 0
    outer loop
      vertex 57.864 42.8137 0.62
      vertex 57.9665 43.1001 2.62
      vertex 57.9665 43.1001 0.62
    endloop
  endfacet
  facet normal -0.941519 0.336961 0
    outer loop
      vertex 57.9665 43.1001 2.62
      vertex 57.864 42.8137 0.62
      vertex 57.864 42.8137 2.62
    endloop
  endfacet
  facet normal 0.857783 0.514012 0
    outer loop
      vertex 52.4224 42.2777 2.62
      vertex 52.266 42.5387 0.62
      vertex 52.266 42.5387 2.62
    endloop
  endfacet
  facet normal 0.857783 0.514012 0
    outer loop
      vertex 52.266 42.5387 0.62
      vertex 52.4224 42.2777 2.62
      vertex 52.4224 42.2777 0.62
    endloop
  endfacet
  facet normal -0.242922 0.970046 0
    outer loop
      vertex 55.8999 41.0335 0.62
      vertex 55.6048 40.9596 2.62
      vertex 55.8999 41.0335 2.62
    endloop
  endfacet
  facet normal -0.242922 0.970046 0
    outer loop
      vertex 55.6048 40.9596 2.62
      vertex 55.8999 41.0335 0.62
      vertex 55.6048 40.9596 0.62
    endloop
  endfacet
  facet normal -0.9988 0.0489705 0
    outer loop
      vertex 58.0851 43.6961 0.62
      vertex 58.1 44 2.62
      vertex 58.1 44 0.62
    endloop
  endfacet
  facet normal -0.9988 0.0489705 0
    outer loop
      vertex 58.1 44 2.62
      vertex 58.0851 43.6961 0.62
      vertex 58.0851 43.6961 2.62
    endloop
  endfacet
  facet normal 0.595943 0.803027 -0
    outer loop
      vertex 53.2777 41.4224 0.62
      vertex 53.0334 41.6037 2.62
      vertex 53.2777 41.4224 2.62
    endloop
  endfacet
  facet normal 0.595943 0.803027 0
    outer loop
      vertex 53.0334 41.6037 2.62
      vertex 53.2777 41.4224 0.62
      vertex 53.0334 41.6037 0.62
    endloop
  endfacet
  facet normal 0.989145 0.146942 0
    outer loop
      vertex 51.9596 43.3952 2.62
      vertex 51.9149 43.6961 0.62
      vertex 51.9149 43.6961 2.62
    endloop
  endfacet
  facet normal 0.989145 0.146942 0
    outer loop
      vertex 51.9149 43.6961 0.62
      vertex 51.9596 43.3952 2.62
      vertex 51.9596 43.3952 0.62
    endloop
  endfacet
  facet normal 0.595943 -0.803027 0
    outer loop
      vertex 53.0334 46.3963 0.62
      vertex 53.2777 46.5776 2.62
      vertex 53.0334 46.3963 2.62
    endloop
  endfacet
  facet normal 0.595943 -0.803027 0
    outer loop
      vertex 53.2777 46.5776 2.62
      vertex 53.0334 46.3963 0.62
      vertex 53.2777 46.5776 0.62
    endloop
  endfacet
  facet normal -0.595943 -0.803027 0
    outer loop
      vertex 56.7223 46.5776 0.62
      vertex 56.9666 46.3963 2.62
      vertex 56.7223 46.5776 2.62
    endloop
  endfacet
  facet normal -0.595943 -0.803027 -0
    outer loop
      vertex 56.9666 46.3963 2.62
      vertex 56.7223 46.5776 0.62
      vertex 56.9666 46.3963 0.62
    endloop
  endfacet
  facet normal -0.740936 0.671576 0
    outer loop
      vertex 57.192 41.808 0.62
      vertex 57.3963 42.0334 2.62
      vertex 57.3963 42.0334 0.62
    endloop
  endfacet
  facet normal -0.740936 0.671576 0
    outer loop
      vertex 57.3963 42.0334 2.62
      vertex 57.192 41.808 0.62
      vertex 57.192 41.808 2.62
    endloop
  endfacet
  facet normal 0.941519 0.336961 0
    outer loop
      vertex 52.136 42.8137 2.62
      vertex 52.0335 43.1001 0.62
      vertex 52.0335 43.1001 2.62
    endloop
  endfacet
  facet normal 0.941519 0.336961 0
    outer loop
      vertex 52.0335 43.1001 0.62
      vertex 52.136 42.8137 2.62
      vertex 52.136 42.8137 0.62
    endloop
  endfacet
  facet normal -0.989145 0.146942 0
    outer loop
      vertex 58.0404 43.3952 0.62
      vertex 58.0851 43.6961 2.62
      vertex 58.0851 43.6961 0.62
    endloop
  endfacet
  facet normal -0.989145 0.146942 0
    outer loop
      vertex 58.0851 43.6961 2.62
      vertex 58.0404 43.3952 0.62
      vertex 58.0404 43.3952 2.62
    endloop
  endfacet
  facet normal 0.857783 -0.514012 0
    outer loop
      vertex 52.266 45.4613 2.62
      vertex 52.4224 45.7223 0.62
      vertex 52.4224 45.7223 2.62
    endloop
  endfacet
  facet normal 0.857783 -0.514012 0
    outer loop
      vertex 52.4224 45.7223 0.62
      vertex 52.266 45.4613 2.62
      vertex 52.266 45.4613 0.62
    endloop
  endfacet
  facet normal -0.970046 0.242922 0
    outer loop
      vertex 57.9665 43.1001 0.62
      vertex 58.0404 43.3952 2.62
      vertex 58.0404 43.3952 0.62
    endloop
  endfacet
  facet normal -0.970046 0.242922 0
    outer loop
      vertex 58.0404 43.3952 2.62
      vertex 57.9665 43.1001 0.62
      vertex 57.9665 43.1001 2.62
    endloop
  endfacet
  facet normal -0.42738 0.904072 0
    outer loop
      vertex 56.4613 41.266 0.62
      vertex 56.1863 41.136 2.62
      vertex 56.4613 41.266 2.62
    endloop
  endfacet
  facet normal -0.42738 0.904072 0
    outer loop
      vertex 56.1863 41.136 2.62
      vertex 56.4613 41.266 0.62
      vertex 56.1863 41.136 0.62
    endloop
  endfacet
  facet normal 0 0 -1
    outer loop
      vertex 56.7 44 2.62
      vertex 58.1 44 2.62
      vertex 58.0851 43.6961 2.62
    endloop
  endfacet
  facet normal 0 0 -1
    outer loop
      vertex 56.6918 43.8334 2.62
      vertex 58.0851 43.6961 2.62
      vertex 58.0404 43.3952 2.62
    endloop
  endfacet
  facet normal 0 0 -1
    outer loop
      vertex 58.1 44 2.62
      vertex 56.7 44 2.62
      vertex 58.0851 44.3039 2.62
    endloop
  endfacet
  facet normal 0 0 -1
    outer loop
      vertex 56.6673 43.6683 2.62
      vertex 58.0404 43.3952 2.62
      vertex 57.9665 43.1001 2.62
    endloop
  endfacet
  facet normal 0 0 -1
    outer loop
      vertex 56.6918 44.1666 2.62
      vertex 58.0851 44.3039 2.62
      vertex 56.7 44 2.62
    endloop
  endfacet
  facet normal 0 0 -1
    outer loop
      vertex 56.6268 43.5065 2.62
      vertex 57.9665 43.1001 2.62
      vertex 57.864 42.8137 2.62
    endloop
  endfacet
  facet normal -0 0 -1
    outer loop
      vertex 58.0851 44.3039 2.62
      vertex 56.6918 44.1666 2.62
      vertex 58.0404 44.6048 2.62
    endloop
  endfacet
  facet normal 0 0 -1
    outer loop
      vertex 56.5706 43.3494 2.62
      vertex 57.864 42.8137 2.62
      vertex 57.734 42.5387 2.62
    endloop
  endfacet
  facet normal 0 0 -1
    outer loop
      vertex 56.6673 44.3317 2.62
      vertex 58.0404 44.6048 2.62
      vertex 56.6918 44.1666 2.62
    endloop
  endfacet
  facet normal 0 0 -1
    outer loop
      vertex 56.4993 43.1986 2.62
      vertex 57.734 42.5387 2.62
      vertex 57.5776 42.2777 2.62
    endloop
  endfacet
  facet normal -0 0 -1
    outer loop
      vertex 58.0404 44.6048 2.62
      vertex 56.6673 44.3317 2.62
      vertex 57.9665 44.8999 2.62
    endloop
  endfacet
  facet normal 0 0 -1
    outer loop
      vertex 56.4135 43.0555 2.62
      vertex 57.5776 42.2777 2.62
      vertex 57.3963 42.0334 2.62
    endloop
  endfacet
  facet normal 0 0 -1
    outer loop
      vertex 56.6268 44.4935 2.62
      vertex 57.9665 44.8999 2.62
      vertex 56.6673 44.3317 2.62
    endloop
  endfacet
  facet normal 0 0 -1
    outer loop
      vertex 56.3141 42.9215 2.62
      vertex 57.3963 42.0334 2.62
      vertex 57.192 41.808 2.62
    endloop
  endfacet
  facet normal -0 0 -1
    outer loop
      vertex 57.9665 44.8999 2.62
      vertex 56.6268 44.4935 2.62
      vertex 57.864 45.1863 2.62
    endloop
  endfacet
  facet normal 0 0 -1
    outer loop
      vertex 56.2021 42.7979 2.62
      vertex 57.192 41.808 2.62
      vertex 56.9666 41.6037 2.62
    endloop
  endfacet
  facet normal 0 0 -1
    outer loop
      vertex 56.5706 44.6506 2.62
      vertex 57.864 45.1863 2.62
      vertex 56.6268 44.4935 2.62
    endloop
  endfacet
  facet normal 0 0 -1
    outer loop
      vertex 56.0785 42.6859 2.62
      vertex 56.9666 41.6037 2.62
      vertex 56.7223 41.4224 2.62
    endloop
  endfacet
  facet normal -0 0 -1
    outer loop
      vertex 57.864 45.1863 2.62
      vertex 56.5706 44.6506 2.62
      vertex 57.734 45.4613 2.62
    endloop
  endfacet
  facet normal 0 0 -1
    outer loop
      vertex 56.4993 44.8014 2.62
      vertex 57.734 45.4613 2.62
      vertex 56.5706 44.6506 2.62
    endloop
  endfacet
  facet normal 0 0 -1
    outer loop
      vertex 58.0851 43.6961 2.62
      vertex 56.6918 43.8334 2.62
      vertex 56.7 44 2.62
    endloop
  endfacet
  facet normal 0 0 -1
    outer loop
      vertex 58.0404 43.3952 2.62
      vertex 56.6673 43.6683 2.62
      vertex 56.6918 43.8334 2.62
    endloop
  endfacet
  facet normal 0 0 -1
    outer loop
      vertex 57.9665 43.1001 2.62
      vertex 56.6268 43.5065 2.62
      vertex 56.6673 43.6683 2.62
    endloop
  endfacet
  facet normal 0 0 -1
    outer loop
      vertex 57.864 42.8137 2.62
      vertex 56.5706 43.3494 2.62
      vertex 56.6268 43.5065 2.62
    endloop
  endfacet
  facet normal 0 0 -1
    outer loop
      vertex 57.734 42.5387 2.62
      vertex 56.4993 43.1986 2.62
      vertex 56.5706 43.3494 2.62
    endloop
  endfacet
  facet normal 0 0 -1
    outer loop
      vertex 55.9445 42.5865 2.62
      vertex 56.7223 41.4224 2.62
      vertex 56.4613 41.266 2.62
    endloop
  endfacet
  facet normal 0 0 -1
    outer loop
      vertex 57.5776 42.2777 2.62
      vertex 56.4135 43.0555 2.62
      vertex 56.4993 43.1986 2.62
    endloop
  endfacet
  facet normal 0 0 -1
    outer loop
      vertex 57.3963 42.0334 2.62
      vertex 56.3141 42.9215 2.62
      vertex 56.4135 43.0555 2.62
    endloop
  endfacet
  facet normal 0 0 -1
    outer loop
      vertex 57.192 41.808 2.62
      vertex 56.2021 42.7979 2.62
      vertex 56.3141 42.9215 2.62
    endloop
  endfacet
  facet normal 0 0 -1
    outer loop
      vertex 55.8014 42.5007 2.62
      vertex 56.4613 41.266 2.62
      vertex 56.1863 41.136 2.62
    endloop
  endfacet
  facet normal 0 0 -1
    outer loop
      vertex 56.9666 41.6037 2.62
      vertex 56.0785 42.6859 2.62
      vertex 56.2021 42.7979 2.62
    endloop
  endfacet
  facet normal 0 0 -1
    outer loop
      vertex 56.7223 41.4224 2.62
      vertex 55.9445 42.5865 2.62
      vertex 56.0785 42.6859 2.62
    endloop
  endfacet
  facet normal 0 0 -1
    outer loop
      vertex 55.6506 42.4294 2.62
      vertex 56.1863 41.136 2.62
      vertex 55.8999 41.0335 2.62
    endloop
  endfacet
  facet normal 0 0 -1
    outer loop
      vertex 56.4613 41.266 2.62
      vertex 55.8014 42.5007 2.62
      vertex 55.9445 42.5865 2.62
    endloop
  endfacet
  facet normal 0 0 -1
    outer loop
      vertex 56.1863 41.136 2.62
      vertex 55.6506 42.4294 2.62
      vertex 55.8014 42.5007 2.62
    endloop
  endfacet
  facet normal 0 0 -1
    outer loop
      vertex 55.4935 42.3732 2.62
      vertex 55.8999 41.0335 2.62
      vertex 55.6048 40.9596 2.62
    endloop
  endfacet
  facet normal 0 0 -1
    outer loop
      vertex 55.8999 41.0335 2.62
      vertex 55.4935 42.3732 2.62
      vertex 55.6506 42.4294 2.62
    endloop
  endfacet
  facet normal 0 0 -1
    outer loop
      vertex 55.6048 40.9596 2.62
      vertex 55.3317 42.3327 2.62
      vertex 55.4935 42.3732 2.62
    endloop
  endfacet
  facet normal 0 0 -1
    outer loop
      vertex 55.3039 40.9149 2.62
      vertex 55.3317 42.3327 2.62
      vertex 55.6048 40.9596 2.62
    endloop
  endfacet
  facet normal 0 0 -1
    outer loop
      vertex 55.3039 40.9149 2.62
      vertex 55.1666 42.3082 2.62
      vertex 55.3317 42.3327 2.62
    endloop
  endfacet
  facet normal 0 0 -1
    outer loop
      vertex 55 40.9 2.62
      vertex 55.1666 42.3082 2.62
      vertex 55.3039 40.9149 2.62
    endloop
  endfacet
  facet normal 0 0 -1
    outer loop
      vertex 55 40.9 2.62
      vertex 55 42.3 2.62
      vertex 55.1666 42.3082 2.62
    endloop
  endfacet
  facet normal 0 0 -1
    outer loop
      vertex 55 40.9 2.62
      vertex 54.8334 42.3082 2.62
      vertex 55 42.3 2.62
    endloop
  endfacet
  facet normal 0 0 -1
    outer loop
      vertex 54.6961 40.9149 2.62
      vertex 54.8334 42.3082 2.62
      vertex 55 40.9 2.62
    endloop
  endfacet
  facet normal 0 0 -1
    outer loop
      vertex 54.6961 40.9149 2.62
      vertex 54.6683 42.3327 2.62
      vertex 54.8334 42.3082 2.62
    endloop
  endfacet
  facet normal 0 0 -1
    outer loop
      vertex 54.3952 40.9596 2.62
      vertex 54.6683 42.3327 2.62
      vertex 54.6961 40.9149 2.62
    endloop
  endfacet
  facet normal -0 0 -1
    outer loop
      vertex 54.6683 42.3327 2.62
      vertex 54.3952 40.9596 2.62
      vertex 54.5065 42.3732 2.62
    endloop
  endfacet
  facet normal 0 0 -1
    outer loop
      vertex 54.1001 41.0335 2.62
      vertex 54.5065 42.3732 2.62
      vertex 54.3952 40.9596 2.62
    endloop
  endfacet
  facet normal -0 0 -1
    outer loop
      vertex 54.5065 42.3732 2.62
      vertex 54.1001 41.0335 2.62
      vertex 54.3494 42.4294 2.62
    endloop
  endfacet
  facet normal 0 0 -1
    outer loop
      vertex 53.8137 41.136 2.62
      vertex 54.3494 42.4294 2.62
      vertex 54.1001 41.0335 2.62
    endloop
  endfacet
  facet normal -0 0 -1
    outer loop
      vertex 54.3494 42.4294 2.62
      vertex 53.8137 41.136 2.62
      vertex 54.1986 42.5007 2.62
    endloop
  endfacet
  facet normal 0 0 -1
    outer loop
      vertex 53.5387 41.266 2.62
      vertex 54.1986 42.5007 2.62
      vertex 53.8137 41.136 2.62
    endloop
  endfacet
  facet normal -0 0 -1
    outer loop
      vertex 54.1986 42.5007 2.62
      vertex 53.5387 41.266 2.62
      vertex 54.0555 42.5865 2.62
    endloop
  endfacet
  facet normal 0 0 -1
    outer loop
      vertex 53.2777 41.4224 2.62
      vertex 54.0555 42.5865 2.62
      vertex 53.5387 41.266 2.62
    endloop
  endfacet
  facet normal -0 0 -1
    outer loop
      vertex 54.0555 42.5865 2.62
      vertex 53.2777 41.4224 2.62
      vertex 53.9215 42.6859 2.62
    endloop
  endfacet
  facet normal 0 0 -1
    outer loop
      vertex 53.0334 41.6037 2.62
      vertex 53.9215 42.6859 2.62
      vertex 53.2777 41.4224 2.62
    endloop
  endfacet
  facet normal -0 0 -1
    outer loop
      vertex 53.9215 42.6859 2.62
      vertex 53.0334 41.6037 2.62
      vertex 53.7979 42.7979 2.62
    endloop
  endfacet
  facet normal 0 0 -1
    outer loop
      vertex 52.808 41.808 2.62
      vertex 53.7979 42.7979 2.62
      vertex 53.0334 41.6037 2.62
    endloop
  endfacet
  facet normal -0 0 -1
    outer loop
      vertex 53.7979 42.7979 2.62
      vertex 52.808 41.808 2.62
      vertex 53.6859 42.9215 2.62
    endloop
  endfacet
  facet normal 0 0 -1
    outer loop
      vertex 52.6037 42.0334 2.62
      vertex 53.6859 42.9215 2.62
      vertex 52.808 41.808 2.62
    endloop
  endfacet
  facet normal -0 0 -1
    outer loop
      vertex 53.6859 42.9215 2.62
      vertex 52.6037 42.0334 2.62
      vertex 53.5865 43.0555 2.62
    endloop
  endfacet
  facet normal 0 0 -1
    outer loop
      vertex 52.4224 42.2777 2.62
      vertex 53.5865 43.0555 2.62
      vertex 52.6037 42.0334 2.62
    endloop
  endfacet
  facet normal 0 0 -1
    outer loop
      vertex 52.266 42.5387 2.62
      vertex 53.5007 43.1986 2.62
      vertex 52.4224 42.2777 2.62
    endloop
  endfacet
  facet normal -0 0 -1
    outer loop
      vertex 53.5865 43.0555 2.62
      vertex 52.4224 42.2777 2.62
      vertex 53.5007 43.1986 2.62
    endloop
  endfacet
  facet normal -0 0 -1
    outer loop
      vertex 57.734 45.4613 2.62
      vertex 56.4993 44.8014 2.62
      vertex 57.5776 45.7223 2.62
    endloop
  endfacet
  facet normal 0 0 -1
    outer loop
      vertex 56.4135 44.9445 2.62
      vertex 57.5776 45.7223 2.62
      vertex 56.4993 44.8014 2.62
    endloop
  endfacet
  facet normal -0 0 -1
    outer loop
      vertex 57.5776 45.7223 2.62
      vertex 56.4135 44.9445 2.62
      vertex 57.3963 45.9666 2.62
    endloop
  endfacet
  facet normal 0 0 -1
    outer loop
      vertex 56.3141 45.0785 2.62
      vertex 57.3963 45.9666 2.62
      vertex 56.4135 44.9445 2.62
    endloop
  endfacet
  facet normal -0 0 -1
    outer loop
      vertex 57.3963 45.9666 2.62
      vertex 56.3141 45.0785 2.62
      vertex 57.192 46.192 2.62
    endloop
  endfacet
  facet normal 0 0 -1
    outer loop
      vertex 56.2021 45.2021 2.62
      vertex 57.192 46.192 2.62
      vertex 56.3141 45.0785 2.62
    endloop
  endfacet
  facet normal -0 0 -1
    outer loop
      vertex 57.192 46.192 2.62
      vertex 56.2021 45.2021 2.62
      vertex 56.9666 46.3963 2.62
    endloop
  endfacet
  facet normal 0 0 -1
    outer loop
      vertex 56.0785 45.3141 2.62
      vertex 56.9666 46.3963 2.62
      vertex 56.2021 45.2021 2.62
    endloop
  endfacet
  facet normal -0 0 -1
    outer loop
      vertex 56.9666 46.3963 2.62
      vertex 56.0785 45.3141 2.62
      vertex 56.7223 46.5776 2.62
    endloop
  endfacet
  facet normal 0 0 -1
    outer loop
      vertex 55.9445 45.4135 2.62
      vertex 56.7223 46.5776 2.62
      vertex 56.0785 45.3141 2.62
    endloop
  endfacet
  facet normal -0 0 -1
    outer loop
      vertex 56.7223 46.5776 2.62
      vertex 55.9445 45.4135 2.62
      vertex 56.4613 46.734 2.62
    endloop
  endfacet
  facet normal 0 0 -1
    outer loop
      vertex 55.8014 45.4993 2.62
      vertex 56.4613 46.734 2.62
      vertex 55.9445 45.4135 2.62
    endloop
  endfacet
  facet normal -0 0 -1
    outer loop
      vertex 56.4613 46.734 2.62
      vertex 55.8014 45.4993 2.62
      vertex 56.1863 46.864 2.62
    endloop
  endfacet
  facet normal 0 0 -1
    outer loop
      vertex 55.6506 45.5706 2.62
      vertex 56.1863 46.864 2.62
      vertex 55.8014 45.4993 2.62
    endloop
  endfacet
  facet normal -0 0 -1
    outer loop
      vertex 56.1863 46.864 2.62
      vertex 55.6506 45.5706 2.62
      vertex 55.8999 46.9665 2.62
    endloop
  endfacet
  facet normal 0 0 -1
    outer loop
      vertex 55.4935 45.6268 2.62
      vertex 55.8999 46.9665 2.62
      vertex 55.6506 45.5706 2.62
    endloop
  endfacet
  facet normal -0 0 -1
    outer loop
      vertex 55.8999 46.9665 2.62
      vertex 55.4935 45.6268 2.62
      vertex 55.6048 47.0404 2.62
    endloop
  endfacet
  facet normal 0 0 -1
    outer loop
      vertex 55.3317 45.6673 2.62
      vertex 55.6048 47.0404 2.62
      vertex 55.4935 45.6268 2.62
    endloop
  endfacet
  facet normal 0 0 -1
    outer loop
      vertex 55.3317 45.6673 2.62
      vertex 55.3039 47.0851 2.62
      vertex 55.6048 47.0404 2.62
    endloop
  endfacet
  facet normal 0 0 -1
    outer loop
      vertex 55.1666 45.6918 2.62
      vertex 55.3039 47.0851 2.62
      vertex 55.3317 45.6673 2.62
    endloop
  endfacet
  facet normal 0 0 -1
    outer loop
      vertex 55 45.7 2.62
      vertex 55.3039 47.0851 2.62
      vertex 55.1666 45.6918 2.62
    endloop
  endfacet
  facet normal 0 0 -1
    outer loop
      vertex 55 45.7 2.62
      vertex 55 47.1 2.62
      vertex 55.3039 47.0851 2.62
    endloop
  endfacet
  facet normal 0 0 -1
    outer loop
      vertex 54.8334 45.6918 2.62
      vertex 55 47.1 2.62
      vertex 55 45.7 2.62
    endloop
  endfacet
  facet normal 0 0 -1
    outer loop
      vertex 54.8334 45.6918 2.62
      vertex 54.6961 47.0851 2.62
      vertex 55 47.1 2.62
    endloop
  endfacet
  facet normal 0 0 -1
    outer loop
      vertex 54.6683 45.6673 2.62
      vertex 54.6961 47.0851 2.62
      vertex 54.8334 45.6918 2.62
    endloop
  endfacet
  facet normal 0 0 -1
    outer loop
      vertex 54.3952 47.0404 2.62
      vertex 54.6683 45.6673 2.62
      vertex 54.5065 45.6268 2.62
    endloop
  endfacet
  facet normal 0 0 -1
    outer loop
      vertex 54.6683 45.6673 2.62
      vertex 54.3952 47.0404 2.62
      vertex 54.6961 47.0851 2.62
    endloop
  endfacet
  facet normal 0 0 -1
    outer loop
      vertex 54.1001 46.9665 2.62
      vertex 54.5065 45.6268 2.62
      vertex 54.3494 45.5706 2.62
    endloop
  endfacet
  facet normal 0 0 -1
    outer loop
      vertex 53.8137 46.864 2.62
      vertex 54.3494 45.5706 2.62
      vertex 54.1986 45.4993 2.62
    endloop
  endfacet
  facet normal 0 0 -1
    outer loop
      vertex 54.5065 45.6268 2.62
      vertex 54.1001 46.9665 2.62
      vertex 54.3952 47.0404 2.62
    endloop
  endfacet
  facet normal 0 0 -1
    outer loop
      vertex 53.5387 46.734 2.62
      vertex 54.1986 45.4993 2.62
      vertex 54.0555 45.4135 2.62
    endloop
  endfacet
  facet normal 0 0 -1
    outer loop
      vertex 53.2777 46.5776 2.62
      vertex 54.0555 45.4135 2.62
      vertex 53.9215 45.3141 2.62
    endloop
  endfacet
  facet normal 0 0 -1
    outer loop
      vertex 54.3494 45.5706 2.62
      vertex 53.8137 46.864 2.62
      vertex 54.1001 46.9665 2.62
    endloop
  endfacet
  facet normal 0 0 -1
    outer loop
      vertex 53.0334 46.3963 2.62
      vertex 53.9215 45.3141 2.62
      vertex 53.7979 45.2021 2.62
    endloop
  endfacet
  facet normal 0 0 -1
    outer loop
      vertex 52.808 46.192 2.62
      vertex 53.7979 45.2021 2.62
      vertex 53.6859 45.0785 2.62
    endloop
  endfacet
  facet normal 0 0 -1
    outer loop
      vertex 52.6037 45.9666 2.62
      vertex 53.6859 45.0785 2.62
      vertex 53.5865 44.9445 2.62
    endloop
  endfacet
  facet normal 0 0 -1
    outer loop
      vertex 54.1986 45.4993 2.62
      vertex 53.5387 46.734 2.62
      vertex 53.8137 46.864 2.62
    endloop
  endfacet
  facet normal 0 0 -1
    outer loop
      vertex 52.4224 45.7223 2.62
      vertex 53.5865 44.9445 2.62
      vertex 53.5007 44.8014 2.62
    endloop
  endfacet
  facet normal 0 0 -1
    outer loop
      vertex 52.266 45.4613 2.62
      vertex 53.5007 44.8014 2.62
      vertex 53.4294 44.6506 2.62
    endloop
  endfacet
  facet normal 0 0 -1
    outer loop
      vertex 52.136 45.1863 2.62
      vertex 53.4294 44.6506 2.62
      vertex 53.3732 44.4935 2.62
    endloop
  endfacet
  facet normal 0 0 -1
    outer loop
      vertex 52.0335 44.8999 2.62
      vertex 53.3732 44.4935 2.62
      vertex 53.3327 44.3317 2.62
    endloop
  endfacet
  facet normal 0 0 -1
    outer loop
      vertex 51.9596 44.6048 2.62
      vertex 53.3327 44.3317 2.62
      vertex 53.3082 44.1666 2.62
    endloop
  endfacet
  facet normal 0 0 -1
    outer loop
      vertex 54.0555 45.4135 2.62
      vertex 53.2777 46.5776 2.62
      vertex 53.5387 46.734 2.62
    endloop
  endfacet
  facet normal 0 0 -1
    outer loop
      vertex 51.9149 44.3039 2.62
      vertex 53.3082 44.1666 2.62
      vertex 53.3 44 2.62
    endloop
  endfacet
  facet normal -0 0 -1
    outer loop
      vertex 53.5007 43.1986 2.62
      vertex 52.266 42.5387 2.62
      vertex 53.4294 43.3494 2.62
    endloop
  endfacet
  facet normal 0 0 -1
    outer loop
      vertex 52.136 42.8137 2.62
      vertex 53.4294 43.3494 2.62
      vertex 52.266 42.5387 2.62
    endloop
  endfacet
  facet normal 0 0 -1
    outer loop
      vertex 53.9215 45.3141 2.62
      vertex 53.0334 46.3963 2.62
      vertex 53.2777 46.5776 2.62
    endloop
  endfacet
  facet normal -0 0 -1
    outer loop
      vertex 53.4294 43.3494 2.62
      vertex 52.136 42.8137 2.62
      vertex 53.3732 43.5065 2.62
    endloop
  endfacet
  facet normal 0 0 -1
    outer loop
      vertex 53.7979 45.2021 2.62
      vertex 52.808 46.192 2.62
      vertex 53.0334 46.3963 2.62
    endloop
  endfacet
  facet normal 0 0 -1
    outer loop
      vertex 52.0335 43.1001 2.62
      vertex 53.3732 43.5065 2.62
      vertex 52.136 42.8137 2.62
    endloop
  endfacet
  facet normal 0 0 -1
    outer loop
      vertex 53.6859 45.0785 2.62
      vertex 52.6037 45.9666 2.62
      vertex 52.808 46.192 2.62
    endloop
  endfacet
  facet normal -0 0 -1
    outer loop
      vertex 53.3732 43.5065 2.62
      vertex 52.0335 43.1001 2.62
      vertex 53.3327 43.6683 2.62
    endloop
  endfacet
  facet normal 0 0 -1
    outer loop
      vertex 53.5865 44.9445 2.62
      vertex 52.4224 45.7223 2.62
      vertex 52.6037 45.9666 2.62
    endloop
  endfacet
  facet normal 0 0 -1
    outer loop
      vertex 51.9596 43.3952 2.62
      vertex 53.3327 43.6683 2.62
      vertex 52.0335 43.1001 2.62
    endloop
  endfacet
  facet normal 0 0 -1
    outer loop
      vertex 53.5007 44.8014 2.62
      vertex 52.266 45.4613 2.62
      vertex 52.4224 45.7223 2.62
    endloop
  endfacet
  facet normal -0 0 -1
    outer loop
      vertex 53.3327 43.6683 2.62
      vertex 51.9596 43.3952 2.62
      vertex 53.3082 43.8334 2.62
    endloop
  endfacet
  facet normal 0 0 -1
    outer loop
      vertex 53.4294 44.6506 2.62
      vertex 52.136 45.1863 2.62
      vertex 52.266 45.4613 2.62
    endloop
  endfacet
  facet normal 0 0 -1
    outer loop
      vertex 51.9149 43.6961 2.62
      vertex 53.3082 43.8334 2.62
      vertex 51.9596 43.3952 2.62
    endloop
  endfacet
  facet normal 0 0 -1
    outer loop
      vertex 53.3732 44.4935 2.62
      vertex 52.0335 44.8999 2.62
      vertex 52.136 45.1863 2.62
    endloop
  endfacet
  facet normal -0 0 -1
    outer loop
      vertex 53.3082 43.8334 2.62
      vertex 51.9149 43.6961 2.62
      vertex 53.3 44 2.62
    endloop
  endfacet
  facet normal 0 0 -1
    outer loop
      vertex 53.3327 44.3317 2.62
      vertex 51.9596 44.6048 2.62
      vertex 52.0335 44.8999 2.62
    endloop
  endfacet
  facet normal 0 0 -1
    outer loop
      vertex 51.9 44 2.62
      vertex 53.3 44 2.62
      vertex 51.9149 43.6961 2.62
    endloop
  endfacet
  facet normal 0 0 -1
    outer loop
      vertex 53.3082 44.1666 2.62
      vertex 51.9149 44.3039 2.62
      vertex 51.9596 44.6048 2.62
    endloop
  endfacet
  facet normal 0 0 -1
    outer loop
      vertex 53.3 44 2.62
      vertex 51.9 44 2.62
      vertex 51.9149 44.3039 2.62
    endloop
  endfacet
  facet normal -0.671576 -0.740936 0
    outer loop
      vertex 56.9666 46.3963 0.62
      vertex 57.192 46.192 2.62
      vertex 56.9666 46.3963 2.62
    endloop
  endfacet
  facet normal -0.671576 -0.740936 -0
    outer loop
      vertex 57.192 46.192 2.62
      vertex 56.9666 46.3963 0.62
      vertex 57.192 46.192 0.62
    endloop
  endfacet
  facet normal 0.336961 -0.941519 0
    outer loop
      vertex 53.8137 46.864 0.62
      vertex 54.1001 46.9665 2.62
      vertex 53.8137 46.864 2.62
    endloop
  endfacet
  facet normal 0.336961 -0.941519 0
    outer loop
      vertex 54.1001 46.9665 2.62
      vertex 53.8137 46.864 0.62
      vertex 54.1001 46.9665 0.62
    endloop
  endfacet
  facet normal -0.42738 -0.904072 0
    outer loop
      vertex 56.1863 46.864 0.62
      vertex 56.4613 46.734 2.62
      vertex 56.1863 46.864 2.62
    endloop
  endfacet
  facet normal -0.42738 -0.904072 -0
    outer loop
      vertex 56.4613 46.734 2.62
      vertex 56.1863 46.864 0.62
      vertex 56.4613 46.734 0.62
    endloop
  endfacet
  facet normal 0.9988 -0.0489705 0
    outer loop
      vertex 51.9 44 2.62
      vertex 51.9149 44.3039 0.62
      vertex 51.9149 44.3039 2.62
    endloop
  endfacet
  facet normal 0.9988 -0.0489705 0
    outer loop
      vertex 51.9149 44.3039 0.62
      vertex 51.9 44 2.62
      vertex 51.9 44 0.62
    endloop
  endfacet
  facet normal -0.803027 -0.595943 0
    outer loop
      vertex 57.5776 45.7223 0.62
      vertex 57.3963 45.9666 2.62
      vertex 57.3963 45.9666 0.62
    endloop
  endfacet
  facet normal -0.803027 -0.595943 0
    outer loop
      vertex 57.3963 45.9666 2.62
      vertex 57.5776 45.7223 0.62
      vertex 57.5776 45.7223 2.62
    endloop
  endfacet
  facet normal -0.0489705 -0.9988 0
    outer loop
      vertex 55 47.1 0.62
      vertex 55.3039 47.0851 2.62
      vertex 55 47.1 2.62
    endloop
  endfacet
  facet normal -0.0489705 -0.9988 -0
    outer loop
      vertex 55.3039 47.0851 2.62
      vertex 55 47.1 0.62
      vertex 55.3039 47.0851 0.62
    endloop
  endfacet
  facet normal 0.671576 -0.740936 0
    outer loop
      vertex 52.808 46.192 0.62
      vertex 53.0334 46.3963 2.62
      vertex 52.808 46.192 2.62
    endloop
  endfacet
  facet normal 0.671576 -0.740936 0
    outer loop
      vertex 53.0334 46.3963 2.62
      vertex 52.808 46.192 0.62
      vertex 53.0334 46.3963 0.62
    endloop
  endfacet
  facet normal -0.336961 0.941519 0
    outer loop
      vertex 56.1863 41.136 0.62
      vertex 55.8999 41.0335 2.62
      vertex 56.1863 41.136 2.62
    endloop
  endfacet
  facet normal -0.336961 0.941519 0
    outer loop
      vertex 55.8999 41.0335 2.62
      vertex 56.1863 41.136 0.62
      vertex 55.8999 41.0335 0.62
    endloop
  endfacet
  facet normal -0.740936 -0.671576 0
    outer loop
      vertex 57.3963 45.9666 0.62
      vertex 57.192 46.192 2.62
      vertex 57.192 46.192 0.62
    endloop
  endfacet
  facet normal -0.740936 -0.671576 0
    outer loop
      vertex 57.192 46.192 2.62
      vertex 57.3963 45.9666 0.62
      vertex 57.3963 45.9666 2.62
    endloop
  endfacet
  facet normal 0.242922 0.970046 -0
    outer loop
      vertex 54.3952 40.9596 0.62
      vertex 54.1001 41.0335 2.62
      vertex 54.3952 40.9596 2.62
    endloop
  endfacet
  facet normal 0.242922 0.970046 0
    outer loop
      vertex 54.1001 41.0335 2.62
      vertex 54.3952 40.9596 0.62
      vertex 54.1001 41.0335 0.62
    endloop
  endfacet
  facet normal -0.904072 -0.42738 0
    outer loop
      vertex 57.864 45.1863 0.62
      vertex 57.734 45.4613 2.62
      vertex 57.734 45.4613 0.62
    endloop
  endfacet
  facet normal -0.904072 -0.42738 0
    outer loop
      vertex 57.734 45.4613 2.62
      vertex 57.864 45.1863 0.62
      vertex 57.864 45.1863 2.62
    endloop
  endfacet
  facet normal -0.857783 0.514012 0
    outer loop
      vertex 57.5776 42.2777 0.62
      vertex 57.734 42.5387 2.62
      vertex 57.734 42.5387 0.62
    endloop
  endfacet
  facet normal -0.857783 0.514012 0
    outer loop
      vertex 57.734 42.5387 2.62
      vertex 57.5776 42.2777 0.62
      vertex 57.5776 42.2777 2.62
    endloop
  endfacet
  facet normal -0.336961 -0.941519 0
    outer loop
      vertex 55.8999 46.9665 0.62
      vertex 56.1863 46.864 2.62
      vertex 55.8999 46.9665 2.62
    endloop
  endfacet
  facet normal -0.336961 -0.941519 -0
    outer loop
      vertex 56.1863 46.864 2.62
      vertex 55.8999 46.9665 0.62
      vertex 56.1863 46.864 0.62
    endloop
  endfacet
  facet normal 0.242922 -0.970046 0
    outer loop
      vertex 54.1001 46.9665 0.62
      vertex 54.3952 47.0404 2.62
      vertex 54.1001 46.9665 2.62
    endloop
  endfacet
  facet normal 0.242922 -0.970046 0
    outer loop
      vertex 54.3952 47.0404 2.62
      vertex 54.1001 46.9665 0.62
      vertex 54.3952 47.0404 0.62
    endloop
  endfacet
  facet normal 0.514012 -0.857783 0
    outer loop
      vertex 53.2777 46.5776 0.62
      vertex 53.5387 46.734 2.62
      vertex 53.2777 46.5776 2.62
    endloop
  endfacet
  facet normal 0.514012 -0.857783 0
    outer loop
      vertex 53.5387 46.734 2.62
      vertex 53.2777 46.5776 0.62
      vertex 53.5387 46.734 0.62
    endloop
  endfacet
  facet normal -0.857783 -0.514012 0
    outer loop
      vertex 57.734 45.4613 0.62
      vertex 57.5776 45.7223 2.62
      vertex 57.5776 45.7223 0.62
    endloop
  endfacet
  facet normal -0.857783 -0.514012 0
    outer loop
      vertex 57.5776 45.7223 2.62
      vertex 57.734 45.4613 0.62
      vertex 57.734 45.4613 2.62
    endloop
  endfacet
  facet normal 0.970046 -0.242922 0
    outer loop
      vertex 51.9596 44.6048 2.62
      vertex 52.0335 44.8999 0.62
      vertex 52.0335 44.8999 2.62
    endloop
  endfacet
  facet normal 0.970046 -0.242922 0
    outer loop
      vertex 52.0335 44.8999 0.62
      vertex 51.9596 44.6048 2.62
      vertex 51.9596 44.6048 0.62
    endloop
  endfacet
  facet normal 0.146942 -0.989145 0
    outer loop
      vertex 54.3952 47.0404 0.62
      vertex 54.6961 47.0851 2.62
      vertex 54.3952 47.0404 2.62
    endloop
  endfacet
  facet normal 0.146942 -0.989145 0
    outer loop
      vertex 54.6961 47.0851 2.62
      vertex 54.3952 47.0404 0.62
      vertex 54.6961 47.0851 0.62
    endloop
  endfacet
  facet normal 0.904072 0.42738 0
    outer loop
      vertex 52.266 42.5387 2.62
      vertex 52.136 42.8137 0.62
      vertex 52.136 42.8137 2.62
    endloop
  endfacet
  facet normal 0.904072 0.42738 0
    outer loop
      vertex 52.136 42.8137 0.62
      vertex 52.266 42.5387 2.62
      vertex 52.266 42.5387 0.62
    endloop
  endfacet
  facet normal 0.146942 0.989145 -0
    outer loop
      vertex 54.6961 40.9149 0.62
      vertex 54.3952 40.9596 2.62
      vertex 54.6961 40.9149 2.62
    endloop
  endfacet
  facet normal 0.146942 0.989145 0
    outer loop
      vertex 54.3952 40.9596 2.62
      vertex 54.6961 40.9149 0.62
      vertex 54.3952 40.9596 0.62
    endloop
  endfacet
  facet normal -0.146942 0.989145 0
    outer loop
      vertex 55.6048 40.9596 0.62
      vertex 55.3039 40.9149 2.62
      vertex 55.6048 40.9596 2.62
    endloop
  endfacet
  facet normal -0.146942 0.989145 0
    outer loop
      vertex 55.3039 40.9149 2.62
      vertex 55.6048 40.9596 0.62
      vertex 55.3039 40.9149 0.62
    endloop
  endfacet
  facet normal 0.336961 0.941519 -0
    outer loop
      vertex 54.1001 41.0335 0.62
      vertex 53.8137 41.136 2.62
      vertex 54.1001 41.0335 2.62
    endloop
  endfacet
  facet normal 0.336961 0.941519 0
    outer loop
      vertex 53.8137 41.136 2.62
      vertex 54.1001 41.0335 0.62
      vertex 53.8137 41.136 0.62
    endloop
  endfacet
  facet normal 0.671576 0.740936 -0
    outer loop
      vertex 53.0334 41.6037 0.62
      vertex 52.808 41.808 2.62
      vertex 53.0334 41.6037 2.62
    endloop
  endfacet
  facet normal 0.671576 0.740936 0
    outer loop
      vertex 52.808 41.808 2.62
      vertex 53.0334 41.6037 0.62
      vertex 52.808 41.808 0.62
    endloop
  endfacet
  facet normal -0.671576 0.740936 0
    outer loop
      vertex 57.192 41.808 0.62
      vertex 56.9666 41.6037 2.62
      vertex 57.192 41.808 2.62
    endloop
  endfacet
  facet normal -0.671576 0.740936 0
    outer loop
      vertex 56.9666 41.6037 2.62
      vertex 57.192 41.808 0.62
      vertex 56.9666 41.6037 0.62
    endloop
  endfacet
  facet normal 0.970046 0.242922 0
    outer loop
      vertex 52.0335 43.1001 2.62
      vertex 51.9596 43.3952 0.62
      vertex 51.9596 43.3952 2.62
    endloop
  endfacet
  facet normal 0.970046 0.242922 0
    outer loop
      vertex 51.9596 43.3952 0.62
      vertex 52.0335 43.1001 2.62
      vertex 52.0335 43.1001 0.62
    endloop
  endfacet
  facet normal 0.740936 0.671576 0
    outer loop
      vertex 52.808 41.808 2.62
      vertex 52.6037 42.0334 0.62
      vertex 52.6037 42.0334 2.62
    endloop
  endfacet
  facet normal 0.740936 0.671576 0
    outer loop
      vertex 52.6037 42.0334 0.62
      vertex 52.808 41.808 2.62
      vertex 52.808 41.808 0.62
    endloop
  endfacet
  facet normal 0.989145 -0.146942 0
    outer loop
      vertex 51.9149 44.3039 2.62
      vertex 51.9596 44.6048 0.62
      vertex 51.9596 44.6048 2.62
    endloop
  endfacet
  facet normal 0.989145 -0.146942 0
    outer loop
      vertex 51.9596 44.6048 0.62
      vertex 51.9149 44.3039 2.62
      vertex 51.9149 44.3039 0.62
    endloop
  endfacet
  facet normal -0.242922 -0.970046 0
    outer loop
      vertex 55.6048 47.0404 0.62
      vertex 55.8999 46.9665 2.62
      vertex 55.6048 47.0404 2.62
    endloop
  endfacet
  facet normal -0.242922 -0.970046 -0
    outer loop
      vertex 55.8999 46.9665 2.62
      vertex 55.6048 47.0404 0.62
      vertex 55.8999 46.9665 0.62
    endloop
  endfacet
  facet normal 0.9988 0.0489705 0
    outer loop
      vertex 51.9149 43.6961 2.62
      vertex 51.9 44 0.62
      vertex 51.9 44 2.62
    endloop
  endfacet
  facet normal 0.9988 0.0489705 0
    outer loop
      vertex 51.9 44 0.62
      vertex 51.9149 43.6961 2.62
      vertex 51.9149 43.6961 0.62
    endloop
  endfacet
  facet normal 0.941519 -0.336961 0
    outer loop
      vertex 52.0335 44.8999 2.62
      vertex 52.136 45.1863 0.62
      vertex 52.136 45.1863 2.62
    endloop
  endfacet
  facet normal 0.941519 -0.336961 0
    outer loop
      vertex 52.136 45.1863 0.62
      vertex 52.0335 44.8999 2.62
      vertex 52.0335 44.8999 0.62
    endloop
  endfacet
  facet normal -0.595943 0.803027 0
    outer loop
      vertex 56.9666 41.6037 0.62
      vertex 56.7223 41.4224 2.62
      vertex 56.9666 41.6037 2.62
    endloop
  endfacet
  facet normal -0.595943 0.803027 0
    outer loop
      vertex 56.7223 41.4224 2.62
      vertex 56.9666 41.6037 0.62
      vertex 56.7223 41.4224 0.62
    endloop
  endfacet
  facet normal 0.803027 -0.595943 0
    outer loop
      vertex 52.4224 45.7223 2.62
      vertex 52.6037 45.9666 0.62
      vertex 52.6037 45.9666 2.62
    endloop
  endfacet
  facet normal 0.803027 -0.595943 0
    outer loop
      vertex 52.6037 45.9666 0.62
      vertex 52.4224 45.7223 2.62
      vertex 52.4224 45.7223 0.62
    endloop
  endfacet
  facet normal 0.514012 0.857783 -0
    outer loop
      vertex 53.5387 41.266 0.62
      vertex 53.2777 41.4224 2.62
      vertex 53.5387 41.266 2.62
    endloop
  endfacet
  facet normal 0.514012 0.857783 0
    outer loop
      vertex 53.2777 41.4224 2.62
      vertex 53.5387 41.266 0.62
      vertex 53.2777 41.4224 0.62
    endloop
  endfacet
  facet normal 0.904072 -0.42738 0
    outer loop
      vertex 52.136 45.1863 2.62
      vertex 52.266 45.4613 0.62
      vertex 52.266 45.4613 2.62
    endloop
  endfacet
  facet normal 0.904072 -0.42738 0
    outer loop
      vertex 52.266 45.4613 0.62
      vertex 52.136 45.1863 2.62
      vertex 52.136 45.1863 0.62
    endloop
  endfacet
  facet normal -0.904072 0.42738 0
    outer loop
      vertex 57.734 42.5387 0.62
      vertex 57.864 42.8137 2.62
      vertex 57.864 42.8137 0.62
    endloop
  endfacet
  facet normal -0.904072 0.42738 0
    outer loop
      vertex 57.864 42.8137 2.62
      vertex 57.734 42.5387 0.62
      vertex 57.734 42.5387 2.62
    endloop
  endfacet
  facet normal 0.0489705 0.9988 -0
    outer loop
      vertex 55 40.9 0.62
      vertex 54.6961 40.9149 2.62
      vertex 55 40.9 2.62
    endloop
  endfacet
  facet normal 0.0489705 0.9988 0
    outer loop
      vertex 54.6961 40.9149 2.62
      vertex 55 40.9 0.62
      vertex 54.6961 40.9149 0.62
    endloop
  endfacet
  facet normal -0.146942 -0.989145 0
    outer loop
      vertex 55.3039 47.0851 0.62
      vertex 55.6048 47.0404 2.62
      vertex 55.3039 47.0851 2.62
    endloop
  endfacet
  facet normal -0.146942 -0.989145 -0
    outer loop
      vertex 55.6048 47.0404 2.62
      vertex 55.3039 47.0851 0.62
      vertex 55.6048 47.0404 0.62
    endloop
  endfacet
  facet normal 0.42738 0.904072 -0
    outer loop
      vertex 53.8137 41.136 0.62
      vertex 53.5387 41.266 2.62
      vertex 53.8137 41.136 2.62
    endloop
  endfacet
  facet normal 0.42738 0.904072 0
    outer loop
      vertex 53.5387 41.266 2.62
      vertex 53.8137 41.136 0.62
      vertex 53.5387 41.266 0.62
    endloop
  endfacet
  facet normal 0.740936 -0.671576 0
    outer loop
      vertex 52.6037 45.9666 2.62
      vertex 52.808 46.192 0.62
      vertex 52.808 46.192 2.62
    endloop
  endfacet
  facet normal 0.740936 -0.671576 0
    outer loop
      vertex 52.808 46.192 0.62
      vertex 52.6037 45.9666 2.62
      vertex 52.6037 45.9666 0.62
    endloop
  endfacet
  facet normal 0 0 1
    outer loop
      vertex 56.7 44 0.62
      vertex 58.1 44 0.62
      vertex 58.0851 44.3039 0.62
    endloop
  endfacet
  facet normal 0 0 1
    outer loop
      vertex 56.6918 44.1666 0.62
      vertex 58.0851 44.3039 0.62
      vertex 58.0404 44.6048 0.62
    endloop
  endfacet
  facet normal 0 0 1
    outer loop
      vertex 58.1 44 0.62
      vertex 56.7 44 0.62
      vertex 58.0851 43.6961 0.62
    endloop
  endfacet
  facet normal 0 0 1
    outer loop
      vertex 56.6673 44.3317 0.62
      vertex 58.0404 44.6048 0.62
      vertex 57.9665 44.8999 0.62
    endloop
  endfacet
  facet normal -0 0 1
    outer loop
      vertex 56.6918 43.8334 0.62
      vertex 58.0851 43.6961 0.62
      vertex 56.7 44 0.62
    endloop
  endfacet
  facet normal 0 0 1
    outer loop
      vertex 56.6268 44.4935 0.62
      vertex 57.9665 44.8999 0.62
      vertex 57.864 45.1863 0.62
    endloop
  endfacet
  facet normal 0 0 1
    outer loop
      vertex 58.0851 43.6961 0.62
      vertex 56.6918 43.8334 0.62
      vertex 58.0404 43.3952 0.62
    endloop
  endfacet
  facet normal 0 0 1
    outer loop
      vertex 56.5706 44.6506 0.62
      vertex 57.864 45.1863 0.62
      vertex 57.734 45.4613 0.62
    endloop
  endfacet
  facet normal -0 0 1
    outer loop
      vertex 56.6673 43.6683 0.62
      vertex 58.0404 43.3952 0.62
      vertex 56.6918 43.8334 0.62
    endloop
  endfacet
  facet normal 0 0 1
    outer loop
      vertex 56.4993 44.8014 0.62
      vertex 57.734 45.4613 0.62
      vertex 57.5776 45.7223 0.62
    endloop
  endfacet
  facet normal 0 0 1
    outer loop
      vertex 58.0404 43.3952 0.62
      vertex 56.6673 43.6683 0.62
      vertex 57.9665 43.1001 0.62
    endloop
  endfacet
  facet normal 0 0 1
    outer loop
      vertex 56.4135 44.9445 0.62
      vertex 57.5776 45.7223 0.62
      vertex 57.3963 45.9666 0.62
    endloop
  endfacet
  facet normal -0 0 1
    outer loop
      vertex 56.6268 43.5065 0.62
      vertex 57.9665 43.1001 0.62
      vertex 56.6673 43.6683 0.62
    endloop
  endfacet
  facet normal 0 0 1
    outer loop
      vertex 56.3141 45.0785 0.62
      vertex 57.3963 45.9666 0.62
      vertex 57.192 46.192 0.62
    endloop
  endfacet
  facet normal 0 0 1
    outer loop
      vertex 57.9665 43.1001 0.62
      vertex 56.6268 43.5065 0.62
      vertex 57.864 42.8137 0.62
    endloop
  endfacet
  facet normal 0 0 1
    outer loop
      vertex 56.2021 45.2021 0.62
      vertex 57.192 46.192 0.62
      vertex 56.9666 46.3963 0.62
    endloop
  endfacet
  facet normal -0 0 1
    outer loop
      vertex 56.5706 43.3494 0.62
      vertex 57.864 42.8137 0.62
      vertex 56.6268 43.5065 0.62
    endloop
  endfacet
  facet normal 0 0 1
    outer loop
      vertex 56.0785 45.3141 0.62
      vertex 56.9666 46.3963 0.62
      vertex 56.7223 46.5776 0.62
    endloop
  endfacet
  facet normal 0 0 1
    outer loop
      vertex 57.864 42.8137 0.62
      vertex 56.5706 43.3494 0.62
      vertex 57.734 42.5387 0.62
    endloop
  endfacet
  facet normal -0 0 1
    outer loop
      vertex 56.4993 43.1986 0.62
      vertex 57.734 42.5387 0.62
      vertex 56.5706 43.3494 0.62
    endloop
  endfacet
  facet normal 0 0 1
    outer loop
      vertex 58.0851 44.3039 0.62
      vertex 56.6918 44.1666 0.62
      vertex 56.7 44 0.62
    endloop
  endfacet
  facet normal 0 0 1
    outer loop
      vertex 58.0404 44.6048 0.62
      vertex 56.6673 44.3317 0.62
      vertex 56.6918 44.1666 0.62
    endloop
  endfacet
  facet normal 0 0 1
    outer loop
      vertex 57.9665 44.8999 0.62
      vertex 56.6268 44.4935 0.62
      vertex 56.6673 44.3317 0.62
    endloop
  endfacet
  facet normal 0 0 1
    outer loop
      vertex 57.864 45.1863 0.62
      vertex 56.5706 44.6506 0.62
      vertex 56.6268 44.4935 0.62
    endloop
  endfacet
  facet normal 0 0 1
    outer loop
      vertex 57.734 45.4613 0.62
      vertex 56.4993 44.8014 0.62
      vertex 56.5706 44.6506 0.62
    endloop
  endfacet
  facet normal 0 0 1
    outer loop
      vertex 55.9445 45.4135 0.62
      vertex 56.7223 46.5776 0.62
      vertex 56.4613 46.734 0.62
    endloop
  endfacet
  facet normal 0 0 1
    outer loop
      vertex 57.5776 45.7223 0.62
      vertex 56.4135 44.9445 0.62
      vertex 56.4993 44.8014 0.62
    endloop
  endfacet
  facet normal 0 0 1
    outer loop
      vertex 57.3963 45.9666 0.62
      vertex 56.3141 45.0785 0.62
      vertex 56.4135 44.9445 0.62
    endloop
  endfacet
  facet normal 0 0 1
    outer loop
      vertex 57.192 46.192 0.62
      vertex 56.2021 45.2021 0.62
      vertex 56.3141 45.0785 0.62
    endloop
  endfacet
  facet normal 0 0 1
    outer loop
      vertex 55.8014 45.4993 0.62
      vertex 56.4613 46.734 0.62
      vertex 56.1863 46.864 0.62
    endloop
  endfacet
  facet normal 0 0 1
    outer loop
      vertex 56.9666 46.3963 0.62
      vertex 56.0785 45.3141 0.62
      vertex 56.2021 45.2021 0.62
    endloop
  endfacet
  facet normal 0 0 1
    outer loop
      vertex 56.7223 46.5776 0.62
      vertex 55.9445 45.4135 0.62
      vertex 56.0785 45.3141 0.62
    endloop
  endfacet
  facet normal 0 0 1
    outer loop
      vertex 55.6506 45.5706 0.62
      vertex 56.1863 46.864 0.62
      vertex 55.8999 46.9665 0.62
    endloop
  endfacet
  facet normal 0 0 1
    outer loop
      vertex 56.4613 46.734 0.62
      vertex 55.8014 45.4993 0.62
      vertex 55.9445 45.4135 0.62
    endloop
  endfacet
  facet normal 0 0 1
    outer loop
      vertex 56.1863 46.864 0.62
      vertex 55.6506 45.5706 0.62
      vertex 55.8014 45.4993 0.62
    endloop
  endfacet
  facet normal 0 0 1
    outer loop
      vertex 55.4935 45.6268 0.62
      vertex 55.8999 46.9665 0.62
      vertex 55.6048 47.0404 0.62
    endloop
  endfacet
  facet normal 0 0 1
    outer loop
      vertex 55.8999 46.9665 0.62
      vertex 55.4935 45.6268 0.62
      vertex 55.6506 45.5706 0.62
    endloop
  endfacet
  facet normal 0 0 1
    outer loop
      vertex 55.6048 47.0404 0.62
      vertex 55.3317 45.6673 0.62
      vertex 55.4935 45.6268 0.62
    endloop
  endfacet
  facet normal 0 0 1
    outer loop
      vertex 55.3039 47.0851 0.62
      vertex 55.3317 45.6673 0.62
      vertex 55.6048 47.0404 0.62
    endloop
  endfacet
  facet normal 0 0 1
    outer loop
      vertex 55.3039 47.0851 0.62
      vertex 55.1666 45.6918 0.62
      vertex 55.3317 45.6673 0.62
    endloop
  endfacet
  facet normal 0 0 1
    outer loop
      vertex 55 47.1 0.62
      vertex 55.1666 45.6918 0.62
      vertex 55.3039 47.0851 0.62
    endloop
  endfacet
  facet normal 0 0 1
    outer loop
      vertex 55 47.1 0.62
      vertex 55 45.7 0.62
      vertex 55.1666 45.6918 0.62
    endloop
  endfacet
  facet normal 0 0 1
    outer loop
      vertex 55 47.1 0.62
      vertex 54.8334 45.6918 0.62
      vertex 55 45.7 0.62
    endloop
  endfacet
  facet normal -0 0 1
    outer loop
      vertex 54.6961 47.0851 0.62
      vertex 54.8334 45.6918 0.62
      vertex 55 47.1 0.62
    endloop
  endfacet
  facet normal 0 0 1
    outer loop
      vertex 54.6961 47.0851 0.62
      vertex 54.6683 45.6673 0.62
      vertex 54.8334 45.6918 0.62
    endloop
  endfacet
  facet normal -0 0 1
    outer loop
      vertex 54.3952 47.0404 0.62
      vertex 54.6683 45.6673 0.62
      vertex 54.6961 47.0851 0.62
    endloop
  endfacet
  facet normal 0 0 1
    outer loop
      vertex 54.6683 45.6673 0.62
      vertex 54.3952 47.0404 0.62
      vertex 54.5065 45.6268 0.62
    endloop
  endfacet
  facet normal -0 0 1
    outer loop
      vertex 54.1001 46.9665 0.62
      vertex 54.5065 45.6268 0.62
      vertex 54.3952 47.0404 0.62
    endloop
  endfacet
  facet normal 0 0 1
    outer loop
      vertex 54.5065 45.6268 0.62
      vertex 54.1001 46.9665 0.62
      vertex 54.3494 45.5706 0.62
    endloop
  endfacet
  facet normal -0 0 1
    outer loop
      vertex 53.8137 46.864 0.62
      vertex 54.3494 45.5706 0.62
      vertex 54.1001 46.9665 0.62
    endloop
  endfacet
  facet normal 0 0 1
    outer loop
      vertex 54.3494 45.5706 0.62
      vertex 53.8137 46.864 0.62
      vertex 54.1986 45.4993 0.62
    endloop
  endfacet
  facet normal -0 0 1
    outer loop
      vertex 53.5387 46.734 0.62
      vertex 54.1986 45.4993 0.62
      vertex 53.8137 46.864 0.62
    endloop
  endfacet
  facet normal 0 0 1
    outer loop
      vertex 54.1986 45.4993 0.62
      vertex 53.5387 46.734 0.62
      vertex 54.0555 45.4135 0.62
    endloop
  endfacet
  facet normal -0 0 1
    outer loop
      vertex 53.2777 46.5776 0.62
      vertex 54.0555 45.4135 0.62
      vertex 53.5387 46.734 0.62
    endloop
  endfacet
  facet normal 0 0 1
    outer loop
      vertex 54.0555 45.4135 0.62
      vertex 53.2777 46.5776 0.62
      vertex 53.9215 45.3141 0.62
    endloop
  endfacet
  facet normal -0 0 1
    outer loop
      vertex 53.0334 46.3963 0.62
      vertex 53.9215 45.3141 0.62
      vertex 53.2777 46.5776 0.62
    endloop
  endfacet
  facet normal 0 0 1
    outer loop
      vertex 53.9215 45.3141 0.62
      vertex 53.0334 46.3963 0.62
      vertex 53.7979 45.2021 0.62
    endloop
  endfacet
  facet normal -0 0 1
    outer loop
      vertex 52.808 46.192 0.62
      vertex 53.7979 45.2021 0.62
      vertex 53.0334 46.3963 0.62
    endloop
  endfacet
  facet normal 0 0 1
    outer loop
      vertex 53.7979 45.2021 0.62
      vertex 52.808 46.192 0.62
      vertex 53.6859 45.0785 0.62
    endloop
  endfacet
  facet normal -0 0 1
    outer loop
      vertex 52.6037 45.9666 0.62
      vertex 53.6859 45.0785 0.62
      vertex 52.808 46.192 0.62
    endloop
  endfacet
  facet normal 0 0 1
    outer loop
      vertex 53.6859 45.0785 0.62
      vertex 52.6037 45.9666 0.62
      vertex 53.5865 44.9445 0.62
    endloop
  endfacet
  facet normal -0 0 1
    outer loop
      vertex 52.4224 45.7223 0.62
      vertex 53.5865 44.9445 0.62
      vertex 52.6037 45.9666 0.62
    endloop
  endfacet
  facet normal -0 0 1
    outer loop
      vertex 52.266 45.4613 0.62
      vertex 53.5007 44.8014 0.62
      vertex 52.4224 45.7223 0.62
    endloop
  endfacet
  facet normal 0 0 1
    outer loop
      vertex 53.5865 44.9445 0.62
      vertex 52.4224 45.7223 0.62
      vertex 53.5007 44.8014 0.62
    endloop
  endfacet
  facet normal 0 0 1
    outer loop
      vertex 57.734 42.5387 0.62
      vertex 56.4993 43.1986 0.62
      vertex 57.5776 42.2777 0.62
    endloop
  endfacet
  facet normal -0 0 1
    outer loop
      vertex 56.4135 43.0555 0.62
      vertex 57.5776 42.2777 0.62
      vertex 56.4993 43.1986 0.62
    endloop
  endfacet
  facet normal 0 0 1
    outer loop
      vertex 57.5776 42.2777 0.62
      vertex 56.4135 43.0555 0.62
      vertex 57.3963 42.0334 0.62
    endloop
  endfacet
  facet normal -0 0 1
    outer loop
      vertex 56.3141 42.9215 0.62
      vertex 57.3963 42.0334 0.62
      vertex 56.4135 43.0555 0.62
    endloop
  endfacet
  facet normal 0 0 1
    outer loop
      vertex 57.3963 42.0334 0.62
      vertex 56.3141 42.9215 0.62
      vertex 57.192 41.808 0.62
    endloop
  endfacet
  facet normal -0 0 1
    outer loop
      vertex 56.2021 42.7979 0.62
      vertex 57.192 41.808 0.62
      vertex 56.3141 42.9215 0.62
    endloop
  endfacet
  facet normal 0 0 1
    outer loop
      vertex 57.192 41.808 0.62
      vertex 56.2021 42.7979 0.62
      vertex 56.9666 41.6037 0.62
    endloop
  endfacet
  facet normal -0 0 1
    outer loop
      vertex 56.0785 42.6859 0.62
      vertex 56.9666 41.6037 0.62
      vertex 56.2021 42.7979 0.62
    endloop
  endfacet
  facet normal 0 0 1
    outer loop
      vertex 56.9666 41.6037 0.62
      vertex 56.0785 42.6859 0.62
      vertex 56.7223 41.4224 0.62
    endloop
  endfacet
  facet normal -0 0 1
    outer loop
      vertex 55.9445 42.5865 0.62
      vertex 56.7223 41.4224 0.62
      vertex 56.0785 42.6859 0.62
    endloop
  endfacet
  facet normal 0 0 1
    outer loop
      vertex 56.7223 41.4224 0.62
      vertex 55.9445 42.5865 0.62
      vertex 56.4613 41.266 0.62
    endloop
  endfacet
  facet normal -0 0 1
    outer loop
      vertex 55.8014 42.5007 0.62
      vertex 56.4613 41.266 0.62
      vertex 55.9445 42.5865 0.62
    endloop
  endfacet
  facet normal 0 0 1
    outer loop
      vertex 56.4613 41.266 0.62
      vertex 55.8014 42.5007 0.62
      vertex 56.1863 41.136 0.62
    endloop
  endfacet
  facet normal -0 0 1
    outer loop
      vertex 55.6506 42.4294 0.62
      vertex 56.1863 41.136 0.62
      vertex 55.8014 42.5007 0.62
    endloop
  endfacet
  facet normal 0 0 1
    outer loop
      vertex 56.1863 41.136 0.62
      vertex 55.6506 42.4294 0.62
      vertex 55.8999 41.0335 0.62
    endloop
  endfacet
  facet normal -0 0 1
    outer loop
      vertex 55.4935 42.3732 0.62
      vertex 55.8999 41.0335 0.62
      vertex 55.6506 42.4294 0.62
    endloop
  endfacet
  facet normal 0 0 1
    outer loop
      vertex 55.8999 41.0335 0.62
      vertex 55.4935 42.3732 0.62
      vertex 55.6048 40.9596 0.62
    endloop
  endfacet
  facet normal -0 0 1
    outer loop
      vertex 55.3317 42.3327 0.62
      vertex 55.6048 40.9596 0.62
      vertex 55.4935 42.3732 0.62
    endloop
  endfacet
  facet normal 0 0 1
    outer loop
      vertex 55.3317 42.3327 0.62
      vertex 55.3039 40.9149 0.62
      vertex 55.6048 40.9596 0.62
    endloop
  endfacet
  facet normal -0 0 1
    outer loop
      vertex 55.1666 42.3082 0.62
      vertex 55.3039 40.9149 0.62
      vertex 55.3317 42.3327 0.62
    endloop
  endfacet
  facet normal -0 0 1
    outer loop
      vertex 55 42.3 0.62
      vertex 55.3039 40.9149 0.62
      vertex 55.1666 42.3082 0.62
    endloop
  endfacet
  facet normal 0 0 1
    outer loop
      vertex 55 42.3 0.62
      vertex 55 40.9 0.62
      vertex 55.3039 40.9149 0.62
    endloop
  endfacet
  facet normal 0 0 1
    outer loop
      vertex 54.8334 42.3082 0.62
      vertex 55 40.9 0.62
      vertex 55 42.3 0.62
    endloop
  endfacet
  facet normal 0 0 1
    outer loop
      vertex 54.8334 42.3082 0.62
      vertex 54.6961 40.9149 0.62
      vertex 55 40.9 0.62
    endloop
  endfacet
  facet normal 0 0 1
    outer loop
      vertex 54.6683 42.3327 0.62
      vertex 54.6961 40.9149 0.62
      vertex 54.8334 42.3082 0.62
    endloop
  endfacet
  facet normal 0 0 1
    outer loop
      vertex 54.3952 40.9596 0.62
      vertex 54.6683 42.3327 0.62
      vertex 54.5065 42.3732 0.62
    endloop
  endfacet
  facet normal 0 0 1
    outer loop
      vertex 54.6683 42.3327 0.62
      vertex 54.3952 40.9596 0.62
      vertex 54.6961 40.9149 0.62
    endloop
  endfacet
  facet normal 0 0 1
    outer loop
      vertex 54.1001 41.0335 0.62
      vertex 54.5065 42.3732 0.62
      vertex 54.3494 42.4294 0.62
    endloop
  endfacet
  facet normal 0 0 1
    outer loop
      vertex 53.8137 41.136 0.62
      vertex 54.3494 42.4294 0.62
      vertex 54.1986 42.5007 0.62
    endloop
  endfacet
  facet normal 0 0 1
    outer loop
      vertex 54.5065 42.3732 0.62
      vertex 54.1001 41.0335 0.62
      vertex 54.3952 40.9596 0.62
    endloop
  endfacet
  facet normal 0 0 1
    outer loop
      vertex 53.5387 41.266 0.62
      vertex 54.1986 42.5007 0.62
      vertex 54.0555 42.5865 0.62
    endloop
  endfacet
  facet normal 0 0 1
    outer loop
      vertex 53.2777 41.4224 0.62
      vertex 54.0555 42.5865 0.62
      vertex 53.9215 42.6859 0.62
    endloop
  endfacet
  facet normal 0 0 1
    outer loop
      vertex 54.3494 42.4294 0.62
      vertex 53.8137 41.136 0.62
      vertex 54.1001 41.0335 0.62
    endloop
  endfacet
  facet normal 0 0 1
    outer loop
      vertex 53.0334 41.6037 0.62
      vertex 53.9215 42.6859 0.62
      vertex 53.7979 42.7979 0.62
    endloop
  endfacet
  facet normal 0 0 1
    outer loop
      vertex 52.808 41.808 0.62
      vertex 53.7979 42.7979 0.62
      vertex 53.6859 42.9215 0.62
    endloop
  endfacet
  facet normal 0 0 1
    outer loop
      vertex 52.6037 42.0334 0.62
      vertex 53.6859 42.9215 0.62
      vertex 53.5865 43.0555 0.62
    endloop
  endfacet
  facet normal 0 0 1
    outer loop
      vertex 54.1986 42.5007 0.62
      vertex 53.5387 41.266 0.62
      vertex 53.8137 41.136 0.62
    endloop
  endfacet
  facet normal 0 0 1
    outer loop
      vertex 52.4224 42.2777 0.62
      vertex 53.5865 43.0555 0.62
      vertex 53.5007 43.1986 0.62
    endloop
  endfacet
  facet normal 0 0 1
    outer loop
      vertex 52.266 42.5387 0.62
      vertex 53.5007 43.1986 0.62
      vertex 53.4294 43.3494 0.62
    endloop
  endfacet
  facet normal 0 0 1
    outer loop
      vertex 52.136 42.8137 0.62
      vertex 53.4294 43.3494 0.62
      vertex 53.3732 43.5065 0.62
    endloop
  endfacet
  facet normal 0 0 1
    outer loop
      vertex 52.0335 43.1001 0.62
      vertex 53.3732 43.5065 0.62
      vertex 53.3327 43.6683 0.62
    endloop
  endfacet
  facet normal 0 0 1
    outer loop
      vertex 51.9596 43.3952 0.62
      vertex 53.3327 43.6683 0.62
      vertex 53.3082 43.8334 0.62
    endloop
  endfacet
  facet normal 0 0 1
    outer loop
      vertex 54.0555 42.5865 0.62
      vertex 53.2777 41.4224 0.62
      vertex 53.5387 41.266 0.62
    endloop
  endfacet
  facet normal 0 0 1
    outer loop
      vertex 51.9149 43.6961 0.62
      vertex 53.3082 43.8334 0.62
      vertex 53.3 44 0.62
    endloop
  endfacet
  facet normal 0 0 1
    outer loop
      vertex 53.5007 44.8014 0.62
      vertex 52.266 45.4613 0.62
      vertex 53.4294 44.6506 0.62
    endloop
  endfacet
  facet normal -0 0 1
    outer loop
      vertex 52.136 45.1863 0.62
      vertex 53.4294 44.6506 0.62
      vertex 52.266 45.4613 0.62
    endloop
  endfacet
  facet normal 0 0 1
    outer loop
      vertex 53.9215 42.6859 0.62
      vertex 53.0334 41.6037 0.62
      vertex 53.2777 41.4224 0.62
    endloop
  endfacet
  facet normal 0 0 1
    outer loop
      vertex 53.4294 44.6506 0.62
      vertex 52.136 45.1863 0.62
      vertex 53.3732 44.4935 0.62
    endloop
  endfacet
  facet normal 0 0 1
    outer loop
      vertex 53.7979 42.7979 0.62
      vertex 52.808 41.808 0.62
      vertex 53.0334 41.6037 0.62
    endloop
  endfacet
  facet normal -0 0 1
    outer loop
      vertex 52.0335 44.8999 0.62
      vertex 53.3732 44.4935 0.62
      vertex 52.136 45.1863 0.62
    endloop
  endfacet
  facet normal 0 0 1
    outer loop
      vertex 53.6859 42.9215 0.62
      vertex 52.6037 42.0334 0.62
      vertex 52.808 41.808 0.62
    endloop
  endfacet
  facet normal 0 0 1
    outer loop
      vertex 53.3732 44.4935 0.62
      vertex 52.0335 44.8999 0.62
      vertex 53.3327 44.3317 0.62
    endloop
  endfacet
  facet normal 0 0 1
    outer loop
      vertex 53.5865 43.0555 0.62
      vertex 52.4224 42.2777 0.62
      vertex 52.6037 42.0334 0.62
    endloop
  endfacet
  facet normal -0 0 1
    outer loop
      vertex 51.9596 44.6048 0.62
      vertex 53.3327 44.3317 0.62
      vertex 52.0335 44.8999 0.62
    endloop
  endfacet
  facet normal 0 0 1
    outer loop
      vertex 53.5007 43.1986 0.62
      vertex 52.266 42.5387 0.62
      vertex 52.4224 42.2777 0.62
    endloop
  endfacet
  facet normal 0 0 1
    outer loop
      vertex 53.3327 44.3317 0.62
      vertex 51.9596 44.6048 0.62
      vertex 53.3082 44.1666 0.62
    endloop
  endfacet
  facet normal 0 0 1
    outer loop
      vertex 53.4294 43.3494 0.62
      vertex 52.136 42.8137 0.62
      vertex 52.266 42.5387 0.62
    endloop
  endfacet
  facet normal -0 0 1
    outer loop
      vertex 51.9149 44.3039 0.62
      vertex 53.3082 44.1666 0.62
      vertex 51.9596 44.6048 0.62
    endloop
  endfacet
  facet normal 0 0 1
    outer loop
      vertex 53.3732 43.5065 0.62
      vertex 52.0335 43.1001 0.62
      vertex 52.136 42.8137 0.62
    endloop
  endfacet
  facet normal 0 0 1
    outer loop
      vertex 53.3082 44.1666 0.62
      vertex 51.9149 44.3039 0.62
      vertex 53.3 44 0.62
    endloop
  endfacet
  facet normal 0 0 1
    outer loop
      vertex 53.3327 43.6683 0.62
      vertex 51.9596 43.3952 0.62
      vertex 52.0335 43.1001 0.62
    endloop
  endfacet
  facet normal 0 0 1
    outer loop
      vertex 51.9 44 0.62
      vertex 53.3 44 0.62
      vertex 51.9149 44.3039 0.62
    endloop
  endfacet
  facet normal 0 0 1
    outer loop
      vertex 53.3082 43.8334 0.62
      vertex 51.9149 43.6961 0.62
      vertex 51.9596 43.3952 0.62
    endloop
  endfacet
  facet normal 0 0 1
    outer loop
      vertex 53.3 44 0.62
      vertex 51.9 44 0.62
      vertex 51.9149 43.6961 0.62
    endloop
  endfacet
  facet normal 0 0 -1
    outer loop
      vertex -35.6555 25.6777 -0.0199995
      vertex -53.3 44 -0.0199995
      vertex -35.8463 26.4393 -0.0199995
    endloop
  endfacet
  facet normal 0 0 -1
    outer loop
      vertex -35.0554 24.2288 -0.0199995
      vertex -53.3082 43.8334 -0.0199995
      vertex -53.3 44 -0.0199995
    endloop
  endfacet
  facet normal -0 0 -1
    outer loop
      vertex -32.4446 21.3482 -0.0199995
      vertex -56.5 -38.5 -0.0199995
      vertex -33.0751 21.8159 -0.0199995
    endloop
  endfacet
  facet normal 0 0 -1
    outer loop
      vertex -35.0554 24.2288 -0.0199995
      vertex -53.3327 43.6683 -0.0199995
      vertex -53.3082 43.8334 -0.0199995
    endloop
  endfacet
  facet normal -0 0 -1
    outer loop
      vertex -33.0751 21.8159 -0.0199995
      vertex -56.5 -38.5 -0.0199995
      vertex -33.6569 22.3431 -0.0199995
    endloop
  endfacet
  facet normal 0 0 -1
    outer loop
      vertex -35.0554 24.2288 -0.0199995
      vertex -53.3732 43.5065 -0.0199995
      vertex -53.3327 43.6683 -0.0199995
    endloop
  endfacet
  facet normal -0 0 -1
    outer loop
      vertex -33.6569 22.3431 -0.0199995
      vertex -56.5 -38.5 -0.0199995
      vertex -34.1841 22.9249 -0.0199995
    endloop
  endfacet
  facet normal 0 0 -1
    outer loop
      vertex -35.0554 24.2288 -0.0199995
      vertex -53.4294 43.3494 -0.0199995
      vertex -53.3732 43.5065 -0.0199995
    endloop
  endfacet
  facet normal -0 0 -1
    outer loop
      vertex -34.1841 22.9249 -0.0199995
      vertex -56.5 -38.5 -0.0199995
      vertex -34.6518 23.5554 -0.0199995
    endloop
  endfacet
  facet normal 0 0 -1
    outer loop
      vertex -35.0554 24.2288 -0.0199995
      vertex -53.5007 43.1986 -0.0199995
      vertex -53.4294 43.3494 -0.0199995
    endloop
  endfacet
  facet normal 0 0 -1
    outer loop
      vertex -56.5 38.5 -0.0199995
      vertex -34.6518 23.5554 -0.0199995
      vertex -56.5 -38.5 -0.0199995
    endloop
  endfacet
  facet normal 0 0 -1
    outer loop
      vertex -35.0554 24.2288 -0.0199995
      vertex -53.5865 43.0555 -0.0199995
      vertex -53.5007 43.1986 -0.0199995
    endloop
  endfacet
  facet normal 0 0 -1
    outer loop
      vertex -56.5 -38.5 -0.0199995
      vertex -53.5865 -43.0555 -0.0199995
      vertex -53.6859 -42.9215 -0.0199995
    endloop
  endfacet
  facet normal 0 0 -1
    outer loop
      vertex -34.6518 23.5554 -0.0199995
      vertex -56.5 38.5 -0.0199995
      vertex -35.0554 24.2288 -0.0199995
    endloop
  endfacet
  facet normal 0 0 -1
    outer loop
      vertex -56.5 -38.5 -0.0199995
      vertex -53.6859 -42.9215 -0.0199995
      vertex -53.7979 -42.7979 -0.0199995
    endloop
  endfacet
  facet normal 0 -0 -1
    outer loop
      vertex -53.7979 42.7979 -0.0199995
      vertex -35.0554 24.2288 -0.0199995
      vertex -56.5 38.5 -0.0199995
    endloop
  endfacet
  facet normal 0 0 -1
    outer loop
      vertex -56.5 -38.5 -0.0199995
      vertex -53.7979 -42.7979 -0.0199995
      vertex -53.9215 -42.6859 -0.0199995
    endloop
  endfacet
  facet normal 0 0 -1
    outer loop
      vertex -35.0554 24.2288 -0.0199995
      vertex -53.6859 42.9215 -0.0199995
      vertex -53.5865 43.0555 -0.0199995
    endloop
  endfacet
  facet normal 0 0 -1
    outer loop
      vertex -56.5 -38.5 -0.0199995
      vertex -53.9215 -42.6859 -0.0199995
      vertex -54.0555 -42.5865 -0.0199995
    endloop
  endfacet
  facet normal 0 0 -1
    outer loop
      vertex -35.0554 24.2288 -0.0199995
      vertex -53.7979 42.7979 -0.0199995
      vertex -53.6859 42.9215 -0.0199995
    endloop
  endfacet
  facet normal 0 0 -1
    outer loop
      vertex -56.5 -38.5 -0.0199995
      vertex -54.0555 -42.5865 -0.0199995
      vertex -54.1986 -42.5007 -0.0199995
    endloop
  endfacet
  facet normal 0 0 -1
    outer loop
      vertex -53.7979 42.7979 -0.0199995
      vertex -56.5 38.5 -0.0199995
      vertex -53.9215 42.6859 -0.0199995
    endloop
  endfacet
  facet normal 0 0 -1
    outer loop
      vertex -56.5 -38.5 -0.0199995
      vertex -54.1986 -42.5007 -0.0199995
      vertex -54.3494 -42.4294 -0.0199995
    endloop
  endfacet
  facet normal 0 0 -1
    outer loop
      vertex -53.9215 42.6859 -0.0199995
      vertex -56.5 38.5 -0.0199995
      vertex -54.0555 42.5865 -0.0199995
    endloop
  endfacet
  facet normal 0 0 -1
    outer loop
      vertex -56.5 -38.5 -0.0199995
      vertex -54.3494 -42.4294 -0.0199995
      vertex -54.5065 -42.3732 -0.0199995
    endloop
  endfacet
  facet normal 0 0 -1
    outer loop
      vertex -54.0555 42.5865 -0.0199995
      vertex -56.5 38.5 -0.0199995
      vertex -54.1986 42.5007 -0.0199995
    endloop
  endfacet
  facet normal 0 0 -1
    outer loop
      vertex -56.5 -38.5 -0.0199995
      vertex -54.5065 -42.3732 -0.0199995
      vertex -54.6683 -42.3327 -0.0199995
    endloop
  endfacet
  facet normal 0 0 -1
    outer loop
      vertex -54.1986 42.5007 -0.0199995
      vertex -56.5 38.5 -0.0199995
      vertex -54.3494 42.4294 -0.0199995
    endloop
  endfacet
  facet normal 0 0 -1
    outer loop
      vertex -56.5 -38.5 -0.0199995
      vertex -54.6683 -42.3327 -0.0199995
      vertex -54.8334 -42.3082 -0.0199995
    endloop
  endfacet
  facet normal 0 0 -1
    outer loop
      vertex -54.3494 42.4294 -0.0199995
      vertex -56.5 38.5 -0.0199995
      vertex -54.5065 42.3732 -0.0199995
    endloop
  endfacet
  facet normal 0 0 -1
    outer loop
      vertex -56.5 -38.5 -0.0199995
      vertex -54.8334 -42.3082 -0.0199995
      vertex -55 -42.3 -0.0199995
    endloop
  endfacet
  facet normal 0 0 -1
    outer loop
      vertex -54.5065 42.3732 -0.0199995
      vertex -56.5 38.5 -0.0199995
      vertex -54.6683 42.3327 -0.0199995
    endloop
  endfacet
  facet normal 0 0 -1
    outer loop
      vertex -56.5 -38.5 -0.0199995
      vertex -55 -42.3 -0.0199995
      vertex -55.1666 -42.3082 -0.0199995
    endloop
  endfacet
  facet normal 0 0 -1
    outer loop
      vertex -54.6683 42.3327 -0.0199995
      vertex -56.5 38.5 -0.0199995
      vertex -54.8334 42.3082 -0.0199995
    endloop
  endfacet
  facet normal 0 0 -1
    outer loop
      vertex -56.5 -38.5 -0.0199995
      vertex -55.1666 -42.3082 -0.0199995
      vertex -55.3317 -42.3327 -0.0199995
    endloop
  endfacet
  facet normal 0 0 -1
    outer loop
      vertex -54.8334 42.3082 -0.0199995
      vertex -56.5 38.5 -0.0199995
      vertex -55 42.3 -0.0199995
    endloop
  endfacet
  facet normal 0 0 -1
    outer loop
      vertex -56.5 -38.5 -0.0199995
      vertex -55.3317 -42.3327 -0.0199995
      vertex -55.4935 -42.3732 -0.0199995
    endloop
  endfacet
  facet normal -0 0 -1
    outer loop
      vertex -55 42.3 -0.0199995
      vertex -56.5 38.5 -0.0199995
      vertex -55.1666 42.3082 -0.0199995
    endloop
  endfacet
  facet normal 0 0 -1
    outer loop
      vertex -56.5 -38.5 -0.0199995
      vertex -55.4935 -42.3732 -0.0199995
      vertex -55.6506 -42.4294 -0.0199995
    endloop
  endfacet
  facet normal -0 0 -1
    outer loop
      vertex -55.1666 42.3082 -0.0199995
      vertex -56.5 38.5 -0.0199995
      vertex -55.3317 42.3327 -0.0199995
    endloop
  endfacet
  facet normal 0 0 -1
    outer loop
      vertex -56.5 -38.5 -0.0199995
      vertex -55.6506 -42.4294 -0.0199995
      vertex -55.8014 -42.5007 -0.0199995
    endloop
  endfacet
  facet normal -0 0 -1
    outer loop
      vertex -55.3317 42.3327 -0.0199995
      vertex -56.5 38.5 -0.0199995
      vertex -55.4935 42.3732 -0.0199995
    endloop
  endfacet
  facet normal 0 0 -1
    outer loop
      vertex -56.5 -38.5 -0.0199995
      vertex -55.8014 -42.5007 -0.0199995
      vertex -55.9445 -42.5865 -0.0199995
    endloop
  endfacet
  facet normal -0 0 -1
    outer loop
      vertex -55.4935 42.3732 -0.0199995
      vertex -56.5 38.5 -0.0199995
      vertex -55.6506 42.4294 -0.0199995
    endloop
  endfacet
  facet normal 0 0 -1
    outer loop
      vertex -56.5 -38.5 -0.0199995
      vertex -55.9445 -42.5865 -0.0199995
      vertex -56.0785 -42.6859 -0.0199995
    endloop
  endfacet
  facet normal -0 0 -1
    outer loop
      vertex -55.6506 42.4294 -0.0199995
      vertex -56.5 38.5 -0.0199995
      vertex -55.8014 42.5007 -0.0199995
    endloop
  endfacet
  facet normal 0 0 -1
    outer loop
      vertex -58.5 -38.5 -0.0199995
      vertex -56.0785 -42.6859 -0.0199995
      vertex -56.2021 -42.7979 -0.0199995
    endloop
  endfacet
  facet normal -0 0 -1
    outer loop
      vertex -55.8014 42.5007 -0.0199995
      vertex -56.5 38.5 -0.0199995
      vertex -55.9445 42.5865 -0.0199995
    endloop
  endfacet
  facet normal 0 0 -1
    outer loop
      vertex -58.5 -38.5 -0.0199995
      vertex -56.2021 -42.7979 -0.0199995
      vertex -56.3141 -42.9215 -0.0199995
    endloop
  endfacet
  facet normal -0 0 -1
    outer loop
      vertex -55.9445 42.5865 -0.0199995
      vertex -56.5 38.5 -0.0199995
      vertex -56.0785 42.6859 -0.0199995
    endloop
  endfacet
  facet normal 0 0 -1
    outer loop
      vertex -58.5 -38.5 -0.0199995
      vertex -56.3141 -42.9215 -0.0199995
      vertex -56.4135 -43.0555 -0.0199995
    endloop
  endfacet
  facet normal 0 0 -1
    outer loop
      vertex -58.5 38.5 -0.0199995
      vertex -56.0785 42.6859 -0.0199995
      vertex -56.5 38.5 -0.0199995
    endloop
  endfacet
  facet normal 0 0 -1
    outer loop
      vertex -58.5 -38.5 -0.0199995
      vertex -56.4135 -43.0555 -0.0199995
      vertex -56.4993 -43.1986 -0.0199995
    endloop
  endfacet
  facet normal -0 0 -1
    outer loop
      vertex -56.0785 42.6859 -0.0199995
      vertex -58.5 38.5 -0.0199995
      vertex -56.2021 42.7979 -0.0199995
    endloop
  endfacet
  facet normal -0 0 -1
    outer loop
      vertex -56.2021 42.7979 -0.0199995
      vertex -58.5 38.5 -0.0199995
      vertex -56.3141 42.9215 -0.0199995
    endloop
  endfacet
  facet normal 0 0 -1
    outer loop
      vertex -58.5 -38.5 -0.0199995
      vertex -56.4993 -43.1986 -0.0199995
      vertex -56.5706 -43.3494 -0.0199995
    endloop
  endfacet
  facet normal 0 0 -1
    outer loop
      vertex -58.5 -38.5 -0.0199995
      vertex -56.5706 -43.3494 -0.0199995
      vertex -56.6268 -43.5065 -0.0199995
    endloop
  endfacet
  facet normal 0 0 -1
    outer loop
      vertex -58.5 -38.5 -0.0199995
      vertex -56.6268 -43.5065 -0.0199995
      vertex -56.6673 -43.6683 -0.0199995
    endloop
  endfacet
  facet normal 0 0 -1
    outer loop
      vertex -58.5 -38.5 -0.0199995
      vertex -56.6673 -43.6683 -0.0199995
      vertex -56.6918 -43.8334 -0.0199995
    endloop
  endfacet
  facet normal 0 0 -1
    outer loop
      vertex -58.5 -38.5 -0.0199995
      vertex -56.6918 -43.8334 -0.0199995
      vertex -56.7 -44 -0.0199995
    endloop
  endfacet
  facet normal 0 0 -1
    outer loop
      vertex -56.0785 -42.6859 -0.0199995
      vertex -58.5 -38.5 -0.0199995
      vertex -56.5 -38.5 -0.0199995
    endloop
  endfacet
  facet normal -0 0 -1
    outer loop
      vertex -56.3141 42.9215 -0.0199995
      vertex -58.5 38.5 -0.0199995
      vertex -56.4135 43.0555 -0.0199995
    endloop
  endfacet
  facet normal -0 0 -1
    outer loop
      vertex -56.4135 43.0555 -0.0199995
      vertex -58.5 38.5 -0.0199995
      vertex -56.4993 43.1986 -0.0199995
    endloop
  endfacet
  facet normal -0 0 -1
    outer loop
      vertex -56.4993 43.1986 -0.0199995
      vertex -58.5 38.5 -0.0199995
      vertex -56.5706 43.3494 -0.0199995
    endloop
  endfacet
  facet normal -0 0 -1
    outer loop
      vertex -56.5706 43.3494 -0.0199995
      vertex -58.5 38.5 -0.0199995
      vertex -56.6268 43.5065 -0.0199995
    endloop
  endfacet
  facet normal -0 0 -1
    outer loop
      vertex -56.6268 43.5065 -0.0199995
      vertex -58.5 38.5 -0.0199995
      vertex -56.6673 43.6683 -0.0199995
    endloop
  endfacet
  facet normal -0 0 -1
    outer loop
      vertex -56.6673 43.6683 -0.0199995
      vertex -58.5 38.5 -0.0199995
      vertex -56.6918 43.8334 -0.0199995
    endloop
  endfacet
  facet normal -0 0 -1
    outer loop
      vertex -56.6918 43.8334 -0.0199995
      vertex -58.5 38.5 -0.0199995
      vertex -56.7 44 -0.0199995
    endloop
  endfacet
  facet normal 0 0 -1
    outer loop
      vertex 35.9615 28.7841 -0.0199995
      vertex 56.5 38.5 -0.0199995
      vertex 36 28 -0.0199995
    endloop
  endfacet
  facet normal 0 0 -1
    outer loop
      vertex 56.5 -38.5 -0.0199995
      vertex 35.9615 27.2159 -0.0199995
      vertex 36 28 -0.0199995
    endloop
  endfacet
  facet normal 0 0 -1
    outer loop
      vertex 56.5 -38.5 -0.0199995
      vertex 35.8463 26.4393 -0.0199995
      vertex 35.9615 27.2159 -0.0199995
    endloop
  endfacet
  facet normal 0 0 -1
    outer loop
      vertex 35.8 -39.02 -0.0199995
      vertex 49.5 -45.5 -0.0199995
      vertex 35.8 -44.98 -0.0199995
    endloop
  endfacet
  facet normal 0 0 -1
    outer loop
      vertex 49.5 -45.5 -0.0199995
      vertex 30.2 -44.98 -0.0199995
      vertex 35.8 -44.98 -0.0199995
    endloop
  endfacet
  facet normal 0 0 -1
    outer loop
      vertex 28.5 -41.02 -0.0199995
      vertex 30.2 -39.02 -0.0199995
      vertex 30.2 -44.98 -0.0199995
    endloop
  endfacet
  facet normal 0 0 -1
    outer loop
      vertex 1.38723 -3.34906 -0.0199995
      vertex 30.2 -39.02 -0.0199995
      vertex 28.5 -41.02 -0.0199995
    endloop
  endfacet
  facet normal 0 0 -1
    outer loop
      vertex 28.5 -41.02 -0.0199995
      vertex 30.2 -44.98 -0.0199995
      vertex 28.5 -42.98 -0.0199995
    endloop
  endfacet
  facet normal 0 0 -1
    outer loop
      vertex 30.2 -44.98 -0.0199995
      vertex -28.5 -42.98 -0.0199995
      vertex 28.5 -42.98 -0.0199995
    endloop
  endfacet
  facet normal 0 0 -1
    outer loop
      vertex -30.2 -39.02 -0.0199995
      vertex -28.5 -41.02 -0.0199995
      vertex -28.5 -42.98 -0.0199995
    endloop
  endfacet
  facet normal 0 0 -1
    outer loop
      vertex -28.5 -41.02 -0.0199995
      vertex -30.2 -39.02 -0.0199995
      vertex -28.7841 20.0385 -0.0199995
    endloop
  endfacet
  facet normal 0 0 -1
    outer loop
      vertex -30.2 -39.02 -0.0199995
      vertex -28.5 -42.98 -0.0199995
      vertex -30.2 -44.98 -0.0199995
    endloop
  endfacet
  facet normal 0 0 -1
    outer loop
      vertex 30.2 -44.98 -0.0199995
      vertex -30.2 -44.98 -0.0199995
      vertex -28.5 -42.98 -0.0199995
    endloop
  endfacet
  facet normal 0 0 -1
    outer loop
      vertex 49.5 -45.5 -0.0199995
      vertex -30.2 -44.98 -0.0199995
      vertex 30.2 -44.98 -0.0199995
    endloop
  endfacet
  facet normal 0 0 -1
    outer loop
      vertex -49.5 -45.5 -0.0199995
      vertex -30.2 -44.98 -0.0199995
      vertex 49.5 -45.5 -0.0199995
    endloop
  endfacet
  facet normal 0 0 -1
    outer loop
      vertex -49.5 -45.5 -0.0199995
      vertex -35.8 -39.02 -0.0199995
      vertex -35.8 -44.98 -0.0199995
    endloop
  endfacet
  facet normal 0 0 -1
    outer loop
      vertex -53.3327 -43.6683 -0.0199995
      vertex -49.5 -45.5 -0.0199995
      vertex -53.3082 -43.8334 -0.0199995
    endloop
  endfacet
  facet normal 0 0 -1
    outer loop
      vertex -35.391 24.9385 -0.0199995
      vertex -53.3 44 -0.0199995
      vertex -35.6555 25.6777 -0.0199995
    endloop
  endfacet
  facet normal 0 0 -1
    outer loop
      vertex -53.3082 -43.8334 -0.0199995
      vertex -49.5 -45.5 -0.0199995
      vertex -53.3 -44 -0.0199995
    endloop
  endfacet
  facet normal -0 0 -1
    outer loop
      vertex -30.2 -44.98 -0.0199995
      vertex -49.5 -45.5 -0.0199995
      vertex -35.8 -44.98 -0.0199995
    endloop
  endfacet
  facet normal 0 0 -1
    outer loop
      vertex 35.8463 29.5607 -0.0199995
      vertex 56.5 38.5 -0.0199995
      vertex 35.9615 28.7841 -0.0199995
    endloop
  endfacet
  facet normal 0 0 -1
    outer loop
      vertex 35.6555 30.3223 -0.0199995
      vertex 56.5 38.5 -0.0199995
      vertex 35.8463 29.5607 -0.0199995
    endloop
  endfacet
  facet normal 0 0 -1
    outer loop
      vertex 35.391 31.0615 -0.0199995
      vertex 56.5 38.5 -0.0199995
      vertex 35.6555 30.3223 -0.0199995
    endloop
  endfacet
  facet normal -0 0 -1
    outer loop
      vertex 56.5 38.5 -0.0199995
      vertex 35.391 31.0615 -0.0199995
      vertex 49.5 45.5 -0.0199995
    endloop
  endfacet
  facet normal 0 0 -1
    outer loop
      vertex 35.0554 31.7712 -0.0199995
      vertex 49.5 45.5 -0.0199995
      vertex 35.391 31.0615 -0.0199995
    endloop
  endfacet
  facet normal 0 0 -1
    outer loop
      vertex 34.6518 32.4446 -0.0199995
      vertex 49.5 45.5 -0.0199995
      vertex 35.0554 31.7712 -0.0199995
    endloop
  endfacet
  facet normal 0 0 -1
    outer loop
      vertex 34.1841 33.0751 -0.0199995
      vertex 49.5 45.5 -0.0199995
      vertex 34.6518 32.4446 -0.0199995
    endloop
  endfacet
  facet normal 0 0 -1
    outer loop
      vertex 33.6569 33.6569 -0.0199995
      vertex 49.5 45.5 -0.0199995
      vertex 34.1841 33.0751 -0.0199995
    endloop
  endfacet
  facet normal 0 0 -1
    outer loop
      vertex 33.0751 34.1841 -0.0199995
      vertex 49.5 45.5 -0.0199995
      vertex 33.6569 33.6569 -0.0199995
    endloop
  endfacet
  facet normal 0 0 -1
    outer loop
      vertex 32.4446 34.6518 -0.0199995
      vertex 49.5 45.5 -0.0199995
      vertex 33.0751 34.1841 -0.0199995
    endloop
  endfacet
  facet normal 0 0 -1
    outer loop
      vertex 31.7712 35.0554 -0.0199995
      vertex 49.5 45.5 -0.0199995
      vertex 32.4446 34.6518 -0.0199995
    endloop
  endfacet
  facet normal 0 0 -1
    outer loop
      vertex 31.0615 35.391 -0.0199995
      vertex 49.5 45.5 -0.0199995
      vertex 31.7712 35.0554 -0.0199995
    endloop
  endfacet
  facet normal 0 0 -1
    outer loop
      vertex 30.3223 35.6555 -0.0199995
      vertex 49.5 45.5 -0.0199995
      vertex 31.0615 35.391 -0.0199995
    endloop
  endfacet
  facet normal 0 0 -1
    outer loop
      vertex 29.5607 35.8463 -0.0199995
      vertex 49.5 45.5 -0.0199995
      vertex 30.3223 35.6555 -0.0199995
    endloop
  endfacet
  facet normal 0 0 -1
    outer loop
      vertex 28.7841 35.9615 -0.0199995
      vertex 49.5 45.5 -0.0199995
      vertex 29.5607 35.8463 -0.0199995
    endloop
  endfacet
  facet normal 0 0 -1
    outer loop
      vertex 28 36 -0.0199995
      vertex 49.5 45.5 -0.0199995
      vertex 28.7841 35.9615 -0.0199995
    endloop
  endfacet
  facet normal 0 0 -1
    outer loop
      vertex 27.2159 35.9615 -0.0199995
      vertex 49.5 45.5 -0.0199995
      vertex 28 36 -0.0199995
    endloop
  endfacet
  facet normal 0 0 -1
    outer loop
      vertex 26.4393 35.8463 -0.0199995
      vertex 49.5 45.5 -0.0199995
      vertex 27.2159 35.9615 -0.0199995
    endloop
  endfacet
  facet normal 0 0 -1
    outer loop
      vertex 1.56072 35.8463 -0.0199995
      vertex 26.4393 35.8463 -0.0199995
      vertex 25.6777 35.6555 -0.0199995
    endloop
  endfacet
  facet normal 0 0 -1
    outer loop
      vertex 2.32228 35.6555 -0.0199995
      vertex 25.6777 35.6555 -0.0199995
      vertex 24.9385 35.391 -0.0199995
    endloop
  endfacet
  facet normal 0 0 -1
    outer loop
      vertex 8 28 -0.0199995
      vertex 20.0385 28.7841 -0.0199995
      vertex 20 28 -0.0199995
    endloop
  endfacet
  facet normal 0 0 -1
    outer loop
      vertex 7.96148 28.7841 -0.0199995
      vertex 20.0385 28.7841 -0.0199995
      vertex 8 28 -0.0199995
    endloop
  endfacet
  facet normal 0 0 -1
    outer loop
      vertex 20.0385 28.7841 -0.0199995
      vertex 7.96148 28.7841 -0.0199995
      vertex 20.1537 29.5607 -0.0199995
    endloop
  endfacet
  facet normal 0 0 -1
    outer loop
      vertex 7.84628 29.5607 -0.0199995
      vertex 20.1537 29.5607 -0.0199995
      vertex 7.96148 28.7841 -0.0199995
    endloop
  endfacet
  facet normal 0 0 -1
    outer loop
      vertex 20.1537 29.5607 -0.0199995
      vertex 7.84628 29.5607 -0.0199995
      vertex 20.3445 30.3223 -0.0199995
    endloop
  endfacet
  facet normal 0 0 -1
    outer loop
      vertex 7.65552 30.3223 -0.0199995
      vertex 20.3445 30.3223 -0.0199995
      vertex 7.84628 29.5607 -0.0199995
    endloop
  endfacet
  facet normal 0 0 -1
    outer loop
      vertex 20.3445 30.3223 -0.0199995
      vertex 7.65552 30.3223 -0.0199995
      vertex 20.609 31.0615 -0.0199995
    endloop
  endfacet
  facet normal 0 0 -1
    outer loop
      vertex 7.39104 31.0615 -0.0199995
      vertex 20.609 31.0615 -0.0199995
      vertex 7.65552 30.3223 -0.0199995
    endloop
  endfacet
  facet normal 0 0 -1
    outer loop
      vertex 20.609 31.0615 -0.0199995
      vertex 7.39104 31.0615 -0.0199995
      vertex 20.9446 31.7712 -0.0199995
    endloop
  endfacet
  facet normal 0 0 -1
    outer loop
      vertex 7.05537 31.7712 -0.0199995
      vertex 20.9446 31.7712 -0.0199995
      vertex 7.39104 31.0615 -0.0199995
    endloop
  endfacet
  facet normal 0 0 -1
    outer loop
      vertex 20.9446 31.7712 -0.0199995
      vertex 7.05537 31.7712 -0.0199995
      vertex 21.3482 32.4446 -0.0199995
    endloop
  endfacet
  facet normal 0 0 -1
    outer loop
      vertex 6.65176 32.4446 -0.0199995
      vertex 21.3482 32.4446 -0.0199995
      vertex 7.05537 31.7712 -0.0199995
    endloop
  endfacet
  facet normal 0 0 -1
    outer loop
      vertex 21.3482 32.4446 -0.0199995
      vertex 6.65176 32.4446 -0.0199995
      vertex 21.8159 33.0751 -0.0199995
    endloop
  endfacet
  facet normal 0 0 -1
    outer loop
      vertex 6.18408 33.0751 -0.0199995
      vertex 21.8159 33.0751 -0.0199995
      vertex 6.65176 32.4446 -0.0199995
    endloop
  endfacet
  facet normal 0 0 -1
    outer loop
      vertex 21.8159 33.0751 -0.0199995
      vertex 6.18408 33.0751 -0.0199995
      vertex 22.3431 33.6569 -0.0199995
    endloop
  endfacet
  facet normal 0 0 -1
    outer loop
      vertex 5.65685 33.6569 -0.0199995
      vertex 22.3431 33.6569 -0.0199995
      vertex 6.18408 33.0751 -0.0199995
    endloop
  endfacet
  facet normal 0 0 -1
    outer loop
      vertex 22.3431 33.6569 -0.0199995
      vertex 5.65685 33.6569 -0.0199995
      vertex 22.9249 34.1841 -0.0199995
    endloop
  endfacet
  facet normal 0 0 -1
    outer loop
      vertex 5.07515 34.1841 -0.0199995
      vertex 22.9249 34.1841 -0.0199995
      vertex 5.65685 33.6569 -0.0199995
    endloop
  endfacet
  facet normal 0 0 -1
    outer loop
      vertex 22.9249 34.1841 -0.0199995
      vertex 5.07515 34.1841 -0.0199995
      vertex 23.5554 34.6518 -0.0199995
    endloop
  endfacet
  facet normal 0 0 -1
    outer loop
      vertex 4.44456 34.6518 -0.0199995
      vertex 23.5554 34.6518 -0.0199995
      vertex 5.07515 34.1841 -0.0199995
    endloop
  endfacet
  facet normal 0 0 -1
    outer loop
      vertex 23.5554 34.6518 -0.0199995
      vertex 4.44456 34.6518 -0.0199995
      vertex 24.2288 35.0554 -0.0199995
    endloop
  endfacet
  facet normal 0 0 -1
    outer loop
      vertex 3.77117 35.0554 -0.0199995
      vertex 24.2288 35.0554 -0.0199995
      vertex 4.44456 34.6518 -0.0199995
    endloop
  endfacet
  facet normal 0 0 -1
    outer loop
      vertex 24.2288 35.0554 -0.0199995
      vertex 3.77117 35.0554 -0.0199995
      vertex 24.9385 35.391 -0.0199995
    endloop
  endfacet
  facet normal 0 0 -1
    outer loop
      vertex 3.06147 35.391 -0.0199995
      vertex 24.9385 35.391 -0.0199995
      vertex 3.77117 35.0554 -0.0199995
    endloop
  endfacet
  facet normal 0 0 -1
    outer loop
      vertex 2.32228 35.6555 -0.0199995
      vertex 24.9385 35.391 -0.0199995
      vertex 3.06147 35.391 -0.0199995
    endloop
  endfacet
  facet normal 0 0 -1
    outer loop
      vertex 25.6777 35.6555 -0.0199995
      vertex 2.32228 35.6555 -0.0199995
      vertex 1.56072 35.8463 -0.0199995
    endloop
  endfacet
  facet normal 0 0 -1
    outer loop
      vertex 26.4393 35.8463 -0.0199995
      vertex 1.56072 35.8463 -0.0199995
      vertex 49.5 45.5 -0.0199995
    endloop
  endfacet
  facet normal 0 0 -1
    outer loop
      vertex 0.784137 35.9615 -0.0199995
      vertex 49.5 45.5 -0.0199995
      vertex 1.56072 35.8463 -0.0199995
    endloop
  endfacet
  facet normal 0 0 -1
    outer loop
      vertex 0 36 -0.0199995
      vertex 49.5 45.5 -0.0199995
      vertex 0.784137 35.9615 -0.0199995
    endloop
  endfacet
  facet normal 0 0 -1
    outer loop
      vertex -49.5 45.5 -0.0199995
      vertex 0 36 -0.0199995
      vertex -0.784137 35.9615 -0.0199995
    endloop
  endfacet
  facet normal 0 0 -1
    outer loop
      vertex -49.5 45.5 -0.0199995
      vertex -0.784137 35.9615 -0.0199995
      vertex -1.56072 35.8463 -0.0199995
    endloop
  endfacet
  facet normal 0 0 -1
    outer loop
      vertex -20 28 -0.0199995
      vertex -7.96148 28.7841 -0.0199995
      vertex -8 28 -0.0199995
    endloop
  endfacet
  facet normal 0 0 -1
    outer loop
      vertex -20.0385 28.7841 -0.0199995
      vertex -7.96148 28.7841 -0.0199995
      vertex -20 28 -0.0199995
    endloop
  endfacet
  facet normal 0 0 -1
    outer loop
      vertex -7.96148 28.7841 -0.0199995
      vertex -20.0385 28.7841 -0.0199995
      vertex -7.84628 29.5607 -0.0199995
    endloop
  endfacet
  facet normal 0 0 -1
    outer loop
      vertex -20.1537 29.5607 -0.0199995
      vertex -7.84628 29.5607 -0.0199995
      vertex -20.0385 28.7841 -0.0199995
    endloop
  endfacet
  facet normal 0 0 -1
    outer loop
      vertex -7.84628 29.5607 -0.0199995
      vertex -20.1537 29.5607 -0.0199995
      vertex -7.65552 30.3223 -0.0199995
    endloop
  endfacet
  facet normal 0 0 -1
    outer loop
      vertex -20.3445 30.3223 -0.0199995
      vertex -7.65552 30.3223 -0.0199995
      vertex -20.1537 29.5607 -0.0199995
    endloop
  endfacet
  facet normal 0 0 -1
    outer loop
      vertex -7.65552 30.3223 -0.0199995
      vertex -20.3445 30.3223 -0.0199995
      vertex -7.39104 31.0615 -0.0199995
    endloop
  endfacet
  facet normal 0 0 -1
    outer loop
      vertex -20.609 31.0615 -0.0199995
      vertex -7.39104 31.0615 -0.0199995
      vertex -20.3445 30.3223 -0.0199995
    endloop
  endfacet
  facet normal 0 0 -1
    outer loop
      vertex -7.39104 31.0615 -0.0199995
      vertex -20.609 31.0615 -0.0199995
      vertex -7.05537 31.7712 -0.0199995
    endloop
  endfacet
  facet normal 0 0 -1
    outer loop
      vertex -20.9446 31.7712 -0.0199995
      vertex -7.05537 31.7712 -0.0199995
      vertex -20.609 31.0615 -0.0199995
    endloop
  endfacet
  facet normal 0 0 -1
    outer loop
      vertex -7.05537 31.7712 -0.0199995
      vertex -20.9446 31.7712 -0.0199995
      vertex -6.65176 32.4446 -0.0199995
    endloop
  endfacet
  facet normal 0 0 -1
    outer loop
      vertex -21.3482 32.4446 -0.0199995
      vertex -6.65176 32.4446 -0.0199995
      vertex -20.9446 31.7712 -0.0199995
    endloop
  endfacet
  facet normal 0 0 -1
    outer loop
      vertex -6.65176 32.4446 -0.0199995
      vertex -21.3482 32.4446 -0.0199995
      vertex -6.18408 33.0751 -0.0199995
    endloop
  endfacet
  facet normal 0 0 -1
    outer loop
      vertex -21.8159 33.0751 -0.0199995
      vertex -6.18408 33.0751 -0.0199995
      vertex -21.3482 32.4446 -0.0199995
    endloop
  endfacet
  facet normal 0 0 -1
    outer loop
      vertex -6.18408 33.0751 -0.0199995
      vertex -21.8159 33.0751 -0.0199995
      vertex -5.65685 33.6569 -0.0199995
    endloop
  endfacet
  facet normal 0 0 -1
    outer loop
      vertex -22.3431 33.6569 -0.0199995
      vertex -5.65685 33.6569 -0.0199995
      vertex -21.8159 33.0751 -0.0199995
    endloop
  endfacet
  facet normal 0 0 -1
    outer loop
      vertex -5.65685 33.6569 -0.0199995
      vertex -22.3431 33.6569 -0.0199995
      vertex -5.07515 34.1841 -0.0199995
    endloop
  endfacet
  facet normal 0 0 -1
    outer loop
      vertex -22.9249 34.1841 -0.0199995
      vertex -5.07515 34.1841 -0.0199995
      vertex -22.3431 33.6569 -0.0199995
    endloop
  endfacet
  facet normal 0 0 -1
    outer loop
      vertex -5.07515 34.1841 -0.0199995
      vertex -22.9249 34.1841 -0.0199995
      vertex -4.44456 34.6518 -0.0199995
    endloop
  endfacet
  facet normal 0 0 -1
    outer loop
      vertex -23.5554 34.6518 -0.0199995
      vertex -4.44456 34.6518 -0.0199995
      vertex -22.9249 34.1841 -0.0199995
    endloop
  endfacet
  facet normal 0 0 -1
    outer loop
      vertex -4.44456 34.6518 -0.0199995
      vertex -23.5554 34.6518 -0.0199995
      vertex -3.77117 35.0554 -0.0199995
    endloop
  endfacet
  facet normal 0 0 -1
    outer loop
      vertex -24.2288 35.0554 -0.0199995
      vertex -3.77117 35.0554 -0.0199995
      vertex -23.5554 34.6518 -0.0199995
    endloop
  endfacet
  facet normal 0 0 -1
    outer loop
      vertex -3.77117 35.0554 -0.0199995
      vertex -24.2288 35.0554 -0.0199995
      vertex -3.06147 35.391 -0.0199995
    endloop
  endfacet
  facet normal 0 0 -1
    outer loop
      vertex -24.9385 35.391 -0.0199995
      vertex -3.06147 35.391 -0.0199995
      vertex -24.2288 35.0554 -0.0199995
    endloop
  endfacet
  facet normal 0 0 -1
    outer loop
      vertex -3.06147 35.391 -0.0199995
      vertex -24.9385 35.391 -0.0199995
      vertex -2.32228 35.6555 -0.0199995
    endloop
  endfacet
  facet normal 0 0 -1
    outer loop
      vertex -25.6777 35.6555 -0.0199995
      vertex -2.32228 35.6555 -0.0199995
      vertex -24.9385 35.391 -0.0199995
    endloop
  endfacet
  facet normal 0 0 -1
    outer loop
      vertex -2.32228 35.6555 -0.0199995
      vertex -25.6777 35.6555 -0.0199995
      vertex -1.56072 35.8463 -0.0199995
    endloop
  endfacet
  facet normal 0 0 -1
    outer loop
      vertex -26.4393 35.8463 -0.0199995
      vertex -1.56072 35.8463 -0.0199995
      vertex -25.6777 35.6555 -0.0199995
    endloop
  endfacet
  facet normal 0 0 -1
    outer loop
      vertex -1.56072 35.8463 -0.0199995
      vertex -26.4393 35.8463 -0.0199995
      vertex -49.5 45.5 -0.0199995
    endloop
  endfacet
  facet normal 0 0 -1
    outer loop
      vertex -49.5 45.5 -0.0199995
      vertex -26.4393 35.8463 -0.0199995
      vertex -27.2159 35.9615 -0.0199995
    endloop
  endfacet
  facet normal 0 0 -1
    outer loop
      vertex -49.5 45.5 -0.0199995
      vertex -27.2159 35.9615 -0.0199995
      vertex -28 36 -0.0199995
    endloop
  endfacet
  facet normal 0 0 -1
    outer loop
      vertex -49.5 45.5 -0.0199995
      vertex -28 36 -0.0199995
      vertex -28.7841 35.9615 -0.0199995
    endloop
  endfacet
  facet normal 0 0 -1
    outer loop
      vertex -35.8463 26.4393 -0.0199995
      vertex -53.3 44 -0.0199995
      vertex -35.9615 27.2159 -0.0199995
    endloop
  endfacet
  facet normal 0 0 -1
    outer loop
      vertex -35.9615 27.2159 -0.0199995
      vertex -53.3 44 -0.0199995
      vertex -36 28 -0.0199995
    endloop
  endfacet
  facet normal 0 0 -1
    outer loop
      vertex 0 36 -0.0199995
      vertex -49.5 45.5 -0.0199995
      vertex 49.5 45.5 -0.0199995
    endloop
  endfacet
  facet normal 0 0 -1
    outer loop
      vertex -29.5607 35.8463 -0.0199995
      vertex -49.5 45.5 -0.0199995
      vertex -28.7841 35.9615 -0.0199995
    endloop
  endfacet
  facet normal 0 0 -1
    outer loop
      vertex -30.3223 35.6555 -0.0199995
      vertex -49.5 45.5 -0.0199995
      vertex -29.5607 35.8463 -0.0199995
    endloop
  endfacet
  facet normal 0 0 -1
    outer loop
      vertex -31.0615 35.391 -0.0199995
      vertex -49.5 45.5 -0.0199995
      vertex -30.3223 35.6555 -0.0199995
    endloop
  endfacet
  facet normal 0 0 -1
    outer loop
      vertex -31.7712 35.0554 -0.0199995
      vertex -49.5 45.5 -0.0199995
      vertex -31.0615 35.391 -0.0199995
    endloop
  endfacet
  facet normal 0 0 -1
    outer loop
      vertex -32.4446 34.6518 -0.0199995
      vertex -49.5 45.5 -0.0199995
      vertex -31.7712 35.0554 -0.0199995
    endloop
  endfacet
  facet normal 0 0 -1
    outer loop
      vertex -33.0751 34.1841 -0.0199995
      vertex -49.5 45.5 -0.0199995
      vertex -32.4446 34.6518 -0.0199995
    endloop
  endfacet
  facet normal 0 0 -1
    outer loop
      vertex -33.6569 33.6569 -0.0199995
      vertex -49.5 45.5 -0.0199995
      vertex -33.0751 34.1841 -0.0199995
    endloop
  endfacet
  facet normal 0 0 -1
    outer loop
      vertex -34.1841 33.0751 -0.0199995
      vertex -49.5 45.5 -0.0199995
      vertex -33.6569 33.6569 -0.0199995
    endloop
  endfacet
  facet normal 0 0 -1
    outer loop
      vertex -34.6518 32.4446 -0.0199995
      vertex -49.5 45.5 -0.0199995
      vertex -34.1841 33.0751 -0.0199995
    endloop
  endfacet
  facet normal 0 0 -1
    outer loop
      vertex -35.0554 31.7712 -0.0199995
      vertex -49.5 45.5 -0.0199995
      vertex -34.6518 32.4446 -0.0199995
    endloop
  endfacet
  facet normal 0 0 -1
    outer loop
      vertex -35.391 31.0615 -0.0199995
      vertex -49.5 45.5 -0.0199995
      vertex -35.0554 31.7712 -0.0199995
    endloop
  endfacet
  facet normal 0 0 -1
    outer loop
      vertex -35.6555 30.3223 -0.0199995
      vertex -49.5 45.5 -0.0199995
      vertex -35.391 31.0615 -0.0199995
    endloop
  endfacet
  facet normal 0 0 -1
    outer loop
      vertex -53.3 44 -0.0199995
      vertex -35.6555 30.3223 -0.0199995
      vertex -35.8463 29.5607 -0.0199995
    endloop
  endfacet
  facet normal 0 0 -1
    outer loop
      vertex -36 28 -0.0199995
      vertex -53.3 44 -0.0199995
      vertex -35.9615 28.7841 -0.0199995
    endloop
  endfacet
  facet normal 0 0 -1
    outer loop
      vertex 31.7712 20.9446 -0.0199995
      vertex 56.5 -38.5 -0.0199995
      vertex 35.8 -39.02 -0.0199995
    endloop
  endfacet
  facet normal 0 0 -1
    outer loop
      vertex 56.5 -38.5 -0.0199995
      vertex 35.6555 25.6777 -0.0199995
      vertex 35.8463 26.4393 -0.0199995
    endloop
  endfacet
  facet normal 0 0 -1
    outer loop
      vertex 56.5 -38.5 -0.0199995
      vertex 35.391 24.9385 -0.0199995
      vertex 35.6555 25.6777 -0.0199995
    endloop
  endfacet
  facet normal 0 0 -1
    outer loop
      vertex 56.5 -38.5 -0.0199995
      vertex 35.0554 24.2288 -0.0199995
      vertex 35.391 24.9385 -0.0199995
    endloop
  endfacet
  facet normal 0 0 -1
    outer loop
      vertex 56.5 -38.5 -0.0199995
      vertex 34.6518 23.5554 -0.0199995
      vertex 35.0554 24.2288 -0.0199995
    endloop
  endfacet
  facet normal 0 0 -1
    outer loop
      vertex 56.5 -38.5 -0.0199995
      vertex 34.1841 22.9249 -0.0199995
      vertex 34.6518 23.5554 -0.0199995
    endloop
  endfacet
  facet normal 0 0 -1
    outer loop
      vertex 56.5 -38.5 -0.0199995
      vertex 33.6569 22.3431 -0.0199995
      vertex 34.1841 22.9249 -0.0199995
    endloop
  endfacet
  facet normal 0 0 -1
    outer loop
      vertex 56.5 -38.5 -0.0199995
      vertex 33.0751 21.8159 -0.0199995
      vertex 33.6569 22.3431 -0.0199995
    endloop
  endfacet
  facet normal 0 0 -1
    outer loop
      vertex 56.5 -38.5 -0.0199995
      vertex 32.4446 21.3482 -0.0199995
      vertex 33.0751 21.8159 -0.0199995
    endloop
  endfacet
  facet normal 0 0 -1
    outer loop
      vertex 56.5 -38.5 -0.0199995
      vertex 31.7712 20.9446 -0.0199995
      vertex 32.4446 21.3482 -0.0199995
    endloop
  endfacet
  facet normal 0 0 -1
    outer loop
      vertex 35.8 -39.02 -0.0199995
      vertex 31.0615 20.609 -0.0199995
      vertex 31.7712 20.9446 -0.0199995
    endloop
  endfacet
  facet normal 0 0 -1
    outer loop
      vertex 35.8 -39.02 -0.0199995
      vertex 30.3223 20.3445 -0.0199995
      vertex 31.0615 20.609 -0.0199995
    endloop
  endfacet
  facet normal 0 0 -1
    outer loop
      vertex 29.5607 20.1537 -0.0199995
      vertex 35.8 -39.02 -0.0199995
      vertex 30.2 -39.02 -0.0199995
    endloop
  endfacet
  facet normal 0 0 -1
    outer loop
      vertex 35.8 -39.02 -0.0199995
      vertex 29.5607 20.1537 -0.0199995
      vertex 30.3223 20.3445 -0.0199995
    endloop
  endfacet
  facet normal 0 0 -1
    outer loop
      vertex 30.2 -39.02 -0.0199995
      vertex 6.64833 -0.348341 -0.0199995
      vertex 29.5607 20.1537 -0.0199995
    endloop
  endfacet
  facet normal 0 0 -1
    outer loop
      vertex 29.5607 20.1537 -0.0199995
      vertex 6.64833 -0.348341 -0.0199995
      vertex 28.7841 20.0385 -0.0199995
    endloop
  endfacet
  facet normal 0 -0 -1
    outer loop
      vertex 6.67694 -0.234108 -0.0199995
      vertex 28.7841 20.0385 -0.0199995
      vertex 6.64833 -0.348341 -0.0199995
    endloop
  endfacet
  facet normal 0 -0 -1
    outer loop
      vertex 6.69422 -0.11762 -0.0199995
      vertex 28.7841 20.0385 -0.0199995
      vertex 6.67694 -0.234108 -0.0199995
    endloop
  endfacet
  facet normal 0 0 -1
    outer loop
      vertex 28.7841 20.0385 -0.0199995
      vertex 6.69422 -0.11762 -0.0199995
      vertex 28 20 -0.0199995
    endloop
  endfacet
  facet normal 0 -0 -1
    outer loop
      vertex 6.7 0 -0.0199995
      vertex 28 20 -0.0199995
      vertex 6.69422 -0.11762 -0.0199995
    endloop
  endfacet
  facet normal -0 0 -1
    outer loop
      vertex 28 20 -0.0199995
      vertex 6.7 0 -0.0199995
      vertex 27.2159 20.0385 -0.0199995
    endloop
  endfacet
  facet normal 0 0 -1
    outer loop
      vertex 6.69422 0.11762 -0.0199995
      vertex 27.2159 20.0385 -0.0199995
      vertex 6.7 0 -0.0199995
    endloop
  endfacet
  facet normal 0 0 -1
    outer loop
      vertex 6.67694 0.234108 -0.0199995
      vertex 26.4393 20.1537 -0.0199995
      vertex 6.69422 0.11762 -0.0199995
    endloop
  endfacet
  facet normal 0 0 -1
    outer loop
      vertex 6.64833 0.348341 -0.0199995
      vertex 26.4393 20.1537 -0.0199995
      vertex 6.67694 0.234108 -0.0199995
    endloop
  endfacet
  facet normal -0 0 -1
    outer loop
      vertex 26.4393 20.1537 -0.0199995
      vertex 6.64833 0.348341 -0.0199995
      vertex 25.6777 20.3445 -0.0199995
    endloop
  endfacet
  facet normal 0 0 -1
    outer loop
      vertex 6.60865 0.45922 -0.0199995
      vertex 25.6777 20.3445 -0.0199995
      vertex 6.64833 0.348341 -0.0199995
    endloop
  endfacet
  facet normal -0 0 -1
    outer loop
      vertex 25.6777 20.3445 -0.0199995
      vertex 6.60865 0.45922 -0.0199995
      vertex 24.9385 20.609 -0.0199995
    endloop
  endfacet
  facet normal 0 0 -1
    outer loop
      vertex 6.49776 0.666684 -0.0199995
      vertex 24.9385 20.609 -0.0199995
      vertex 6.5583 0.565676 -0.0199995
    endloop
  endfacet
  facet normal -0 0 -1
    outer loop
      vertex 24.9385 20.609 -0.0199995
      vertex 6.49776 0.666684 -0.0199995
      vertex 24.2288 20.9446 -0.0199995
    endloop
  endfacet
  facet normal 0 0 -1
    outer loop
      vertex 6.42761 0.761271 -0.0199995
      vertex 24.2288 20.9446 -0.0199995
      vertex 6.49776 0.666684 -0.0199995
    endloop
  endfacet
  facet normal -0 0 -1
    outer loop
      vertex 24.2288 20.9446 -0.0199995
      vertex 6.42761 0.761271 -0.0199995
      vertex 23.5554 21.3482 -0.0199995
    endloop
  endfacet
  facet normal 0 0 -1
    outer loop
      vertex 20.0385 27.2159 -0.0199995
      vertex 8 28 -0.0199995
      vertex 20 28 -0.0199995
    endloop
  endfacet
  facet normal 0 0 -1
    outer loop
      vertex 6.34853 0.848528 -0.0199995
      vertex 23.5554 21.3482 -0.0199995
      vertex 6.42761 0.761271 -0.0199995
    endloop
  endfacet
  facet normal 0 0 -1
    outer loop
      vertex 20.0385 27.2159 -0.0199995
      vertex 7.96148 27.2159 -0.0199995
      vertex 8 28 -0.0199995
    endloop
  endfacet
  facet normal -0 0 -1
    outer loop
      vertex 20.0385 27.2159 -0.0199995
      vertex 7.84628 26.4393 -0.0199995
      vertex 7.96148 27.2159 -0.0199995
    endloop
  endfacet
  facet normal 0 0 -1
    outer loop
      vertex 6.16668 0.997763 -0.0199995
      vertex 22.9249 21.8159 -0.0199995
      vertex 6.26127 0.927612 -0.0199995
    endloop
  endfacet
  facet normal 0 0 -1
    outer loop
      vertex 5.07515 21.8159 -0.0199995
      vertex 22.9249 21.8159 -0.0199995
      vertex 6.16668 0.997763 -0.0199995
    endloop
  endfacet
  facet normal 0 0 -1
    outer loop
      vertex 20.1537 26.4393 -0.0199995
      vertex 7.84628 26.4393 -0.0199995
      vertex 20.0385 27.2159 -0.0199995
    endloop
  endfacet
  facet normal 0 0 -1
    outer loop
      vertex 6.26127 0.927612 -0.0199995
      vertex 22.9249 21.8159 -0.0199995
      vertex 6.34853 0.848528 -0.0199995
    endloop
  endfacet
  facet normal -0 0 -1
    outer loop
      vertex 23.5554 21.3482 -0.0199995
      vertex 6.34853 0.848528 -0.0199995
      vertex 22.9249 21.8159 -0.0199995
    endloop
  endfacet
  facet normal 0 0 -1
    outer loop
      vertex 6.5583 0.565676 -0.0199995
      vertex 24.9385 20.609 -0.0199995
      vertex 6.60865 0.45922 -0.0199995
    endloop
  endfacet
  facet normal -0 0 -1
    outer loop
      vertex 27.2159 20.0385 -0.0199995
      vertex 6.69422 0.11762 -0.0199995
      vertex 26.4393 20.1537 -0.0199995
    endloop
  endfacet
  facet normal 0 0 -1
    outer loop
      vertex 30.2 -39.02 -0.0199995
      vertex 6.60865 -0.45922 -0.0199995
      vertex 6.64833 -0.348341 -0.0199995
    endloop
  endfacet
  facet normal 0 0 -1
    outer loop
      vertex 30.2 -39.02 -0.0199995
      vertex 6.5583 -0.565676 -0.0199995
      vertex 6.60865 -0.45922 -0.0199995
    endloop
  endfacet
  facet normal 0 0 -1
    outer loop
      vertex 30.2 -39.02 -0.0199995
      vertex 6.49776 -0.666684 -0.0199995
      vertex 6.5583 -0.565676 -0.0199995
    endloop
  endfacet
  facet normal 0 0 -1
    outer loop
      vertex 30.2 -39.02 -0.0199995
      vertex 6.42761 -0.761271 -0.0199995
      vertex 6.49776 -0.666684 -0.0199995
    endloop
  endfacet
  facet normal 0 0 -1
    outer loop
      vertex 30.2 -39.02 -0.0199995
      vertex 6.34853 -0.848528 -0.0199995
      vertex 6.42761 -0.761271 -0.0199995
    endloop
  endfacet
  facet normal 0 0 -1
    outer loop
      vertex 30.2 -39.02 -0.0199995
      vertex 6.26127 -0.927612 -0.0199995
      vertex 6.34853 -0.848528 -0.0199995
    endloop
  endfacet
  facet normal 0 0 -1
    outer loop
      vertex 30.2 -39.02 -0.0199995
      vertex 6.16668 -0.997763 -0.0199995
      vertex 6.26127 -0.927612 -0.0199995
    endloop
  endfacet
  facet normal 0 0 -1
    outer loop
      vertex 30.2 -39.02 -0.0199995
      vertex 6.06568 -1.0583 -0.0199995
      vertex 6.16668 -0.997763 -0.0199995
    endloop
  endfacet
  facet normal 0 0 -1
    outer loop
      vertex 30.2 -39.02 -0.0199995
      vertex 5.95922 -1.10865 -0.0199995
      vertex 6.06568 -1.0583 -0.0199995
    endloop
  endfacet
  facet normal 0 0 -1
    outer loop
      vertex 30.2 -39.02 -0.0199995
      vertex 2.01394 -3.01408 -0.0199995
      vertex 5.95922 -1.10865 -0.0199995
    endloop
  endfacet
  facet normal 0 0 -1
    outer loop
      vertex 5.95922 -1.10865 -0.0199995
      vertex 2.01394 -3.01408 -0.0199995
      vertex 5.84834 -1.14833 -0.0199995
    endloop
  endfacet
  facet normal 0 -0 -1
    outer loop
      vertex 2.29967 -2.80216 -0.0199995
      vertex 5.84834 -1.14833 -0.0199995
      vertex 2.01394 -3.01408 -0.0199995
    endloop
  endfacet
  facet normal 0 0 -1
    outer loop
      vertex 5.84834 -1.14833 -0.0199995
      vertex 2.29967 -2.80216 -0.0199995
      vertex 5.73411 -1.17694 -0.0199995
    endloop
  endfacet
  facet normal 0 0 -1
    outer loop
      vertex 5.73411 -1.17694 -0.0199995
      vertex 2.29967 -2.80216 -0.0199995
      vertex 5.61762 -1.19422 -0.0199995
    endloop
  endfacet
  facet normal 0 -0 -1
    outer loop
      vertex 2.56326 -2.56326 -0.0199995
      vertex 5.61762 -1.19422 -0.0199995
      vertex 2.29967 -2.80216 -0.0199995
    endloop
  endfacet
  facet normal 0 0 -1
    outer loop
      vertex 5.61762 -1.19422 -0.0199995
      vertex 2.56326 -2.56326 -0.0199995
      vertex 5.5 -1.2 -0.0199995
    endloop
  endfacet
  facet normal 0 -0 -1
    outer loop
      vertex 2.80216 -2.29967 -0.0199995
      vertex 5.5 -1.2 -0.0199995
      vertex 2.56326 -2.56326 -0.0199995
    endloop
  endfacet
  facet normal -0 0 -1
    outer loop
      vertex 5.38238 -1.19422 -0.0199995
      vertex 2.80216 -2.29967 -0.0199995
      vertex 5.26589 -1.17694 -0.0199995
    endloop
  endfacet
  facet normal 0 -0 -1
    outer loop
      vertex 3.01408 -2.01394 -0.0199995
      vertex 5.26589 -1.17694 -0.0199995
      vertex 2.80216 -2.29967 -0.0199995
    endloop
  endfacet
  facet normal -0 0 -1
    outer loop
      vertex 5.26589 -1.17694 -0.0199995
      vertex 3.01408 -2.01394 -0.0199995
      vertex 5.15166 -1.14833 -0.0199995
    endloop
  endfacet
  facet normal 0 -0 -1
    outer loop
      vertex 3.19696 -1.70881 -0.0199995
      vertex 5.15166 -1.14833 -0.0199995
      vertex 3.01408 -2.01394 -0.0199995
    endloop
  endfacet
  facet normal -0 0 -1
    outer loop
      vertex 5.04078 -1.10865 -0.0199995
      vertex 3.19696 -1.70881 -0.0199995
      vertex 4.93432 -1.0583 -0.0199995
    endloop
  endfacet
  facet normal 0 -0 -1
    outer loop
      vertex 3.34906 -1.38723 -0.0199995
      vertex 4.93432 -1.0583 -0.0199995
      vertex 3.19696 -1.70881 -0.0199995
    endloop
  endfacet
  facet normal -0 0 -1
    outer loop
      vertex 4.93432 -1.0583 -0.0199995
      vertex 3.34906 -1.38723 -0.0199995
      vertex 4.83331 -0.997763 -0.0199995
    endloop
  endfacet
  facet normal 0 0 -1
    outer loop
      vertex 3.46891 1.05228 -0.0199995
      vertex 4.50224 0.666684 -0.0199995
      vertex 3.55535 0.707202 -0.0199995
    endloop
  endfacet
  facet normal 0 0 -1
    outer loop
      vertex 4.30578 -0.11762 -0.0199995
      vertex 3.625 0 -0.0199995
      vertex 4.3 0 -0.0199995
    endloop
  endfacet
  facet normal 0 0 -1
    outer loop
      vertex 3.60754 -0.355311 -0.0199995
      vertex 4.30578 -0.11762 -0.0199995
      vertex 4.32306 -0.234108 -0.0199995
    endloop
  endfacet
  facet normal 0 0 -1
    outer loop
      vertex 3.60754 -0.355311 -0.0199995
      vertex 4.32306 -0.234108 -0.0199995
      vertex 4.35167 -0.348341 -0.0199995
    endloop
  endfacet
  facet normal 0 0 -1
    outer loop
      vertex 3.60754 -0.355311 -0.0199995
      vertex 4.35167 -0.348341 -0.0199995
      vertex 4.39134 -0.45922 -0.0199995
    endloop
  endfacet
  facet normal 0 0 -1
    outer loop
      vertex 3.55535 -0.707202 -0.0199995
      vertex 4.39134 -0.45922 -0.0199995
      vertex 4.44169 -0.565676 -0.0199995
    endloop
  endfacet
  facet normal -0 0 -1
    outer loop
      vertex 4.73873 -0.927612 -0.0199995
      vertex 3.34906 -1.38723 -0.0199995
      vertex 4.65147 -0.848528 -0.0199995
    endloop
  endfacet
  facet normal -0 0 -1
    outer loop
      vertex 4.30578 -0.11762 -0.0199995
      vertex 3.60754 -0.355311 -0.0199995
      vertex 3.625 0 -0.0199995
    endloop
  endfacet
  facet normal -0 0 -1
    outer loop
      vertex 4.39134 -0.45922 -0.0199995
      vertex 3.55535 -0.707202 -0.0199995
      vertex 3.60754 -0.355311 -0.0199995
    endloop
  endfacet
  facet normal -0 0 -1
    outer loop
      vertex 4.50224 -0.666684 -0.0199995
      vertex 3.55535 -0.707202 -0.0199995
      vertex 4.44169 -0.565676 -0.0199995
    endloop
  endfacet
  facet normal 0 -0 -1
    outer loop
      vertex 3.55535 -0.707202 -0.0199995
      vertex 4.50224 -0.666684 -0.0199995
      vertex 3.46891 -1.05228 -0.0199995
    endloop
  endfacet
  facet normal -0 0 -1
    outer loop
      vertex 4.57239 -0.761271 -0.0199995
      vertex 3.46891 -1.05228 -0.0199995
      vertex 4.50224 -0.666684 -0.0199995
    endloop
  endfacet
  facet normal -0 0 -1
    outer loop
      vertex 4.65147 -0.848528 -0.0199995
      vertex 3.46891 -1.05228 -0.0199995
      vertex 4.57239 -0.761271 -0.0199995
    endloop
  endfacet
  facet normal 0 -0 -1
    outer loop
      vertex 3.46891 -1.05228 -0.0199995
      vertex 4.65147 -0.848528 -0.0199995
      vertex 3.34906 -1.38723 -0.0199995
    endloop
  endfacet
  facet normal -0 0 -1
    outer loop
      vertex 4.83331 -0.997763 -0.0199995
      vertex 3.34906 -1.38723 -0.0199995
      vertex 4.73873 -0.927612 -0.0199995
    endloop
  endfacet
  facet normal -0 0 -1
    outer loop
      vertex 5.15166 -1.14833 -0.0199995
      vertex 3.19696 -1.70881 -0.0199995
      vertex 5.04078 -1.10865 -0.0199995
    endloop
  endfacet
  facet normal -0 0 -1
    outer loop
      vertex 5.5 -1.2 -0.0199995
      vertex 2.80216 -2.29967 -0.0199995
      vertex 5.38238 -1.19422 -0.0199995
    endloop
  endfacet
  facet normal 0 0 -1
    outer loop
      vertex 30.2 -39.02 -0.0199995
      vertex 1.70881 -3.19696 -0.0199995
      vertex 2.01394 -3.01408 -0.0199995
    endloop
  endfacet
  facet normal 0 0 -1
    outer loop
      vertex 30.2 -39.02 -0.0199995
      vertex 1.38723 -3.34906 -0.0199995
      vertex 1.70881 -3.19696 -0.0199995
    endloop
  endfacet
  facet normal 0 0 -1
    outer loop
      vertex 28.5 -41.02 -0.0199995
      vertex 1.05228 -3.46891 -0.0199995
      vertex 1.38723 -3.34906 -0.0199995
    endloop
  endfacet
  facet normal 0 0 -1
    outer loop
      vertex 28.5 -41.02 -0.0199995
      vertex 0.707202 -3.55535 -0.0199995
      vertex 1.05228 -3.46891 -0.0199995
    endloop
  endfacet
  facet normal 0 0 -1
    outer loop
      vertex 28.5 -41.02 -0.0199995
      vertex 0.355311 -3.60754 -0.0199995
      vertex 0.707202 -3.55535 -0.0199995
    endloop
  endfacet
  facet normal 0 0 -1
    outer loop
      vertex 28.5 -41.02 -0.0199995
      vertex 0 -3.625 -0.0199995
      vertex 0.355311 -3.60754 -0.0199995
    endloop
  endfacet
  facet normal 0 0 -1
    outer loop
      vertex -28.5 -41.02 -0.0199995
      vertex 0 -3.625 -0.0199995
      vertex 28.5 -41.02 -0.0199995
    endloop
  endfacet
  facet normal -0 0 -1
    outer loop
      vertex 0 -3.625 -0.0199995
      vertex -28.5 -41.02 -0.0199995
      vertex -0.355311 -3.60754 -0.0199995
    endloop
  endfacet
  facet normal -0 0 -1
    outer loop
      vertex -0.355311 -3.60754 -0.0199995
      vertex -28.5 -41.02 -0.0199995
      vertex -0.707202 -3.55535 -0.0199995
    endloop
  endfacet
  facet normal -0 0 -1
    outer loop
      vertex -0.707202 -3.55535 -0.0199995
      vertex -28.5 -41.02 -0.0199995
      vertex -1.05228 -3.46891 -0.0199995
    endloop
  endfacet
  facet normal -0 0 -1
    outer loop
      vertex -1.05228 -3.46891 -0.0199995
      vertex -28.5 -41.02 -0.0199995
      vertex -1.38723 -3.34906 -0.0199995
    endloop
  endfacet
  facet normal -0 0 -1
    outer loop
      vertex -1.38723 -3.34906 -0.0199995
      vertex -28.5 -41.02 -0.0199995
      vertex -1.70881 -3.19696 -0.0199995
    endloop
  endfacet
  facet normal -0 0 -1
    outer loop
      vertex -1.70881 -3.19696 -0.0199995
      vertex -28.5 -41.02 -0.0199995
      vertex -2.01394 -3.01408 -0.0199995
    endloop
  endfacet
  facet normal -0 0 -1
    outer loop
      vertex -2.01394 -3.01408 -0.0199995
      vertex -28.5 -41.02 -0.0199995
      vertex -2.29967 -2.80216 -0.0199995
    endloop
  endfacet
  facet normal -0 0 -1
    outer loop
      vertex -2.29967 -2.80216 -0.0199995
      vertex -28.5 -41.02 -0.0199995
      vertex -2.56326 -2.56326 -0.0199995
    endloop
  endfacet
  facet normal 0 0 -1
    outer loop
      vertex -2.29967 2.80216 -0.0199995
      vertex -4.44456 21.3482 -0.0199995
      vertex -3.77117 20.9446 -0.0199995
    endloop
  endfacet
  facet normal 0 0 -1
    outer loop
      vertex -3.60754 0.355311 -0.0199995
      vertex -5.07515 21.8159 -0.0199995
      vertex -4.44456 21.3482 -0.0199995
    endloop
  endfacet
  facet normal 0 0 -1
    outer loop
      vertex -27.2159 20.0385 -0.0199995
      vertex -3.625 0 -0.0199995
      vertex -3.60754 -0.355311 -0.0199995
    endloop
  endfacet
  facet normal 0 0 -1
    outer loop
      vertex -3.60754 0.355311 -0.0199995
      vertex -22.9249 21.8159 -0.0199995
      vertex -5.07515 21.8159 -0.0199995
    endloop
  endfacet
  facet normal 0 0 -1
    outer loop
      vertex -5.07515 21.8159 -0.0199995
      vertex -22.9249 21.8159 -0.0199995
      vertex -5.65685 22.3431 -0.0199995
    endloop
  endfacet
  facet normal 0 -0 -1
    outer loop
      vertex -22.3431 22.3431 -0.0199995
      vertex -5.65685 22.3431 -0.0199995
      vertex -22.9249 21.8159 -0.0199995
    endloop
  endfacet
  facet normal 0 0 -1
    outer loop
      vertex -5.65685 22.3431 -0.0199995
      vertex -22.3431 22.3431 -0.0199995
      vertex -6.18408 22.9249 -0.0199995
    endloop
  endfacet
  facet normal 0 -0 -1
    outer loop
      vertex -21.8159 22.9249 -0.0199995
      vertex -6.18408 22.9249 -0.0199995
      vertex -22.3431 22.3431 -0.0199995
    endloop
  endfacet
  facet normal 0 0 -1
    outer loop
      vertex -28 20 -0.0199995
      vertex -3.60754 -0.355311 -0.0199995
      vertex -3.55535 -0.707202 -0.0199995
    endloop
  endfacet
  facet normal 0 -0 -1
    outer loop
      vertex -21.3482 23.5554 -0.0199995
      vertex -6.65176 23.5554 -0.0199995
      vertex -21.8159 22.9249 -0.0199995
    endloop
  endfacet
  facet normal 0 0 -1
    outer loop
      vertex -6.65176 23.5554 -0.0199995
      vertex -21.3482 23.5554 -0.0199995
      vertex -7.05537 24.2288 -0.0199995
    endloop
  endfacet
  facet normal 0 0 -1
    outer loop
      vertex -7.96148 27.2159 -0.0199995
      vertex -20 28 -0.0199995
      vertex -8 28 -0.0199995
    endloop
  endfacet
  facet normal 0 0 -1
    outer loop
      vertex -20.0385 27.2159 -0.0199995
      vertex -7.96148 27.2159 -0.0199995
      vertex -7.84628 26.4393 -0.0199995
    endloop
  endfacet
  facet normal 0 -0 -1
    outer loop
      vertex -20.9446 24.2288 -0.0199995
      vertex -7.05537 24.2288 -0.0199995
      vertex -21.3482 23.5554 -0.0199995
    endloop
  endfacet
  facet normal 0 0 -1
    outer loop
      vertex -28.7841 20.0385 -0.0199995
      vertex -3.55535 -0.707202 -0.0199995
      vertex -3.46891 -1.05228 -0.0199995
    endloop
  endfacet
  facet normal 0 0 -1
    outer loop
      vertex -28.5 -41.02 -0.0199995
      vertex -3.46891 -1.05228 -0.0199995
      vertex -3.34906 -1.38723 -0.0199995
    endloop
  endfacet
  facet normal 0 0 -1
    outer loop
      vertex -28.5 -41.02 -0.0199995
      vertex -3.34906 -1.38723 -0.0199995
      vertex -3.19696 -1.70881 -0.0199995
    endloop
  endfacet
  facet normal 0 0 -1
    outer loop
      vertex -7.96148 27.2159 -0.0199995
      vertex -20.0385 27.2159 -0.0199995
      vertex -20 28 -0.0199995
    endloop
  endfacet
  facet normal 0 0 -1
    outer loop
      vertex -7.84628 26.4393 -0.0199995
      vertex -20.1537 26.4393 -0.0199995
      vertex -20.0385 27.2159 -0.0199995
    endloop
  endfacet
  facet normal 0 0 -1
    outer loop
      vertex -28.5 -41.02 -0.0199995
      vertex -3.19696 -1.70881 -0.0199995
      vertex -3.01408 -2.01394 -0.0199995
    endloop
  endfacet
  facet normal -0 0 -1
    outer loop
      vertex -7.84628 26.4393 -0.0199995
      vertex -20.3445 25.6777 -0.0199995
      vertex -20.1537 26.4393 -0.0199995
    endloop
  endfacet
  facet normal 0 0 -1
    outer loop
      vertex -7.65552 25.6777 -0.0199995
      vertex -20.3445 25.6777 -0.0199995
      vertex -7.84628 26.4393 -0.0199995
    endloop
  endfacet
  facet normal 0 -0 -1
    outer loop
      vertex -20.3445 25.6777 -0.0199995
      vertex -7.65552 25.6777 -0.0199995
      vertex -20.609 24.9385 -0.0199995
    endloop
  endfacet
  facet normal 0 0 -1
    outer loop
      vertex -7.39104 24.9385 -0.0199995
      vertex -20.609 24.9385 -0.0199995
      vertex -7.65552 25.6777 -0.0199995
    endloop
  endfacet
  facet normal 0 -0 -1
    outer loop
      vertex -20.609 24.9385 -0.0199995
      vertex -7.39104 24.9385 -0.0199995
      vertex -20.9446 24.2288 -0.0199995
    endloop
  endfacet
  facet normal 0 0 -1
    outer loop
      vertex -28.5 -41.02 -0.0199995
      vertex -3.01408 -2.01394 -0.0199995
      vertex -2.80216 -2.29967 -0.0199995
    endloop
  endfacet
  facet normal 0 0 -1
    outer loop
      vertex -7.05537 24.2288 -0.0199995
      vertex -20.9446 24.2288 -0.0199995
      vertex -7.39104 24.9385 -0.0199995
    endloop
  endfacet
  facet normal 0 0 -1
    outer loop
      vertex -6.18408 22.9249 -0.0199995
      vertex -21.8159 22.9249 -0.0199995
      vertex -6.65176 23.5554 -0.0199995
    endloop
  endfacet
  facet normal -0 0 -1
    outer loop
      vertex -2.56326 -2.56326 -0.0199995
      vertex -28.5 -41.02 -0.0199995
      vertex -2.80216 -2.29967 -0.0199995
    endloop
  endfacet
  facet normal 0 0 -1
    outer loop
      vertex -3.60754 0.355311 -0.0199995
      vertex -23.5554 21.3482 -0.0199995
      vertex -22.9249 21.8159 -0.0199995
    endloop
  endfacet
  facet normal -0 0 -1
    outer loop
      vertex -3.46891 -1.05228 -0.0199995
      vertex -28.5 -41.02 -0.0199995
      vertex -28.7841 20.0385 -0.0199995
    endloop
  endfacet
  facet normal 0 0 -1
    outer loop
      vertex -3.60754 0.355311 -0.0199995
      vertex -24.2288 20.9446 -0.0199995
      vertex -23.5554 21.3482 -0.0199995
    endloop
  endfacet
  facet normal 0 0 -1
    outer loop
      vertex -3.60754 0.355311 -0.0199995
      vertex -24.9385 20.609 -0.0199995
      vertex -24.2288 20.9446 -0.0199995
    endloop
  endfacet
  facet normal 0 0 -1
    outer loop
      vertex -3.60754 0.355311 -0.0199995
      vertex -25.6777 20.3445 -0.0199995
      vertex -24.9385 20.609 -0.0199995
    endloop
  endfacet
  facet normal 0 0 -1
    outer loop
      vertex -3.60754 0.355311 -0.0199995
      vertex -26.4393 20.1537 -0.0199995
      vertex -25.6777 20.3445 -0.0199995
    endloop
  endfacet
  facet normal 0 0 -1
    outer loop
      vertex -3.625 0 -0.0199995
      vertex -27.2159 20.0385 -0.0199995
      vertex -26.4393 20.1537 -0.0199995
    endloop
  endfacet
  facet normal 0 0 -1
    outer loop
      vertex -3.60754 -0.355311 -0.0199995
      vertex -28 20 -0.0199995
      vertex -27.2159 20.0385 -0.0199995
    endloop
  endfacet
  facet normal 0 0 -1
    outer loop
      vertex -3.55535 -0.707202 -0.0199995
      vertex -28.7841 20.0385 -0.0199995
      vertex -28 20 -0.0199995
    endloop
  endfacet
  facet normal 0 -0 -1
    outer loop
      vertex 5.65685 22.3431 -0.0199995
      vertex 22.3431 22.3431 -0.0199995
      vertex 5.07515 21.8159 -0.0199995
    endloop
  endfacet
  facet normal 0 -0 -1
    outer loop
      vertex 7.84628 26.4393 -0.0199995
      vertex 20.1537 26.4393 -0.0199995
      vertex 7.65552 25.6777 -0.0199995
    endloop
  endfacet
  facet normal 0 0 -1
    outer loop
      vertex 22.3431 22.3431 -0.0199995
      vertex 5.65685 22.3431 -0.0199995
      vertex 21.8159 22.9249 -0.0199995
    endloop
  endfacet
  facet normal 0 0 -1
    outer loop
      vertex 20.3445 25.6777 -0.0199995
      vertex 7.65552 25.6777 -0.0199995
      vertex 20.1537 26.4393 -0.0199995
    endloop
  endfacet
  facet normal 0 0 -1
    outer loop
      vertex 21.8159 22.9249 -0.0199995
      vertex 6.18408 22.9249 -0.0199995
      vertex 21.3482 23.5554 -0.0199995
    endloop
  endfacet
  facet normal 0 -0 -1
    outer loop
      vertex 7.65552 25.6777 -0.0199995
      vertex 20.3445 25.6777 -0.0199995
      vertex 7.39104 24.9385 -0.0199995
    endloop
  endfacet
  facet normal 0 -0 -1
    outer loop
      vertex 6.65176 23.5554 -0.0199995
      vertex 21.3482 23.5554 -0.0199995
      vertex 6.18408 22.9249 -0.0199995
    endloop
  endfacet
  facet normal 0 -0 -1
    outer loop
      vertex 7.05537 24.2288 -0.0199995
      vertex 20.9446 24.2288 -0.0199995
      vertex 6.65176 23.5554 -0.0199995
    endloop
  endfacet
  facet normal 0 0 -1
    outer loop
      vertex 20.9446 24.2288 -0.0199995
      vertex 7.05537 24.2288 -0.0199995
      vertex 20.609 24.9385 -0.0199995
    endloop
  endfacet
  facet normal 0 0 -1
    outer loop
      vertex 21.3482 23.5554 -0.0199995
      vertex 6.65176 23.5554 -0.0199995
      vertex 20.9446 24.2288 -0.0199995
    endloop
  endfacet
  facet normal 0 0 -1
    outer loop
      vertex 20.609 24.9385 -0.0199995
      vertex 7.39104 24.9385 -0.0199995
      vertex 20.3445 25.6777 -0.0199995
    endloop
  endfacet
  facet normal 0 0 -1
    outer loop
      vertex 22.9249 21.8159 -0.0199995
      vertex 5.07515 21.8159 -0.0199995
      vertex 22.3431 22.3431 -0.0199995
    endloop
  endfacet
  facet normal 0 0 -1
    outer loop
      vertex 5.07515 21.8159 -0.0199995
      vertex 6.16668 0.997763 -0.0199995
      vertex 6.06568 1.0583 -0.0199995
    endloop
  endfacet
  facet normal 0 0 -1
    outer loop
      vertex 4.44456 21.3482 -0.0199995
      vertex 6.06568 1.0583 -0.0199995
      vertex 5.95922 1.10865 -0.0199995
    endloop
  endfacet
  facet normal 0 0 -1
    outer loop
      vertex 3.77117 20.9446 -0.0199995
      vertex 5.95922 1.10865 -0.0199995
      vertex 5.84834 1.14833 -0.0199995
    endloop
  endfacet
  facet normal 0 0 -1
    outer loop
      vertex 3.77117 20.9446 -0.0199995
      vertex 5.84834 1.14833 -0.0199995
      vertex 5.73411 1.17694 -0.0199995
    endloop
  endfacet
  facet normal 0 -0 -1
    outer loop
      vertex 7.39104 24.9385 -0.0199995
      vertex 20.609 24.9385 -0.0199995
      vertex 7.05537 24.2288 -0.0199995
    endloop
  endfacet
  facet normal 0 0 -1
    outer loop
      vertex 3.77117 20.9446 -0.0199995
      vertex 5.73411 1.17694 -0.0199995
      vertex 5.61762 1.19422 -0.0199995
    endloop
  endfacet
  facet normal 0 0 -1
    outer loop
      vertex 3.77117 20.9446 -0.0199995
      vertex 5.61762 1.19422 -0.0199995
      vertex 5.5 1.2 -0.0199995
    endloop
  endfacet
  facet normal 0 0 -1
    outer loop
      vertex 3.77117 20.9446 -0.0199995
      vertex 5.5 1.2 -0.0199995
      vertex 5.38238 1.19422 -0.0199995
    endloop
  endfacet
  facet normal 0 0 -1
    outer loop
      vertex 3.77117 20.9446 -0.0199995
      vertex 5.38238 1.19422 -0.0199995
      vertex 5.26589 1.17694 -0.0199995
    endloop
  endfacet
  facet normal 0 0 -1
    outer loop
      vertex 3.77117 20.9446 -0.0199995
      vertex 5.26589 1.17694 -0.0199995
      vertex 5.15166 1.14833 -0.0199995
    endloop
  endfacet
  facet normal 0 -0 -1
    outer loop
      vertex 6.18408 22.9249 -0.0199995
      vertex 21.8159 22.9249 -0.0199995
      vertex 5.65685 22.3431 -0.0199995
    endloop
  endfacet
  facet normal 0 0 -1
    outer loop
      vertex 3.77117 20.9446 -0.0199995
      vertex 5.15166 1.14833 -0.0199995
      vertex 5.04078 1.10865 -0.0199995
    endloop
  endfacet
  facet normal 0 0 -1
    outer loop
      vertex 3.77117 20.9446 -0.0199995
      vertex 5.04078 1.10865 -0.0199995
      vertex 4.93432 1.0583 -0.0199995
    endloop
  endfacet
  facet normal 0 0 -1
    outer loop
      vertex 3.77117 20.9446 -0.0199995
      vertex 4.93432 1.0583 -0.0199995
      vertex 4.83331 0.997763 -0.0199995
    endloop
  endfacet
  facet normal 0 0 -1
    outer loop
      vertex 3.77117 20.9446 -0.0199995
      vertex 4.83331 0.997763 -0.0199995
      vertex 4.73873 0.927612 -0.0199995
    endloop
  endfacet
  facet normal 0 0 -1
    outer loop
      vertex 3.77117 20.9446 -0.0199995
      vertex 4.73873 0.927612 -0.0199995
      vertex 4.65147 0.848528 -0.0199995
    endloop
  endfacet
  facet normal 0 0 -1
    outer loop
      vertex 4.44169 0.565676 -0.0199995
      vertex 3.55535 0.707202 -0.0199995
      vertex 4.50224 0.666684 -0.0199995
    endloop
  endfacet
  facet normal 0 0 -1
    outer loop
      vertex 4.39134 0.45922 -0.0199995
      vertex 3.55535 0.707202 -0.0199995
      vertex 4.44169 0.565676 -0.0199995
    endloop
  endfacet
  facet normal 0 0 -1
    outer loop
      vertex 6.06568 1.0583 -0.0199995
      vertex 4.44456 21.3482 -0.0199995
      vertex 5.07515 21.8159 -0.0199995
    endloop
  endfacet
  facet normal 0 0 -1
    outer loop
      vertex 3.55535 0.707202 -0.0199995
      vertex 4.39134 0.45922 -0.0199995
      vertex 3.60754 0.355311 -0.0199995
    endloop
  endfacet
  facet normal 0 0 -1
    outer loop
      vertex 4.35167 0.348341 -0.0199995
      vertex 3.60754 0.355311 -0.0199995
      vertex 4.39134 0.45922 -0.0199995
    endloop
  endfacet
  facet normal 0 0 -1
    outer loop
      vertex 4.32306 0.234108 -0.0199995
      vertex 3.60754 0.355311 -0.0199995
      vertex 4.35167 0.348341 -0.0199995
    endloop
  endfacet
  facet normal 0 0 -1
    outer loop
      vertex 4.30578 0.11762 -0.0199995
      vertex 3.60754 0.355311 -0.0199995
      vertex 4.32306 0.234108 -0.0199995
    endloop
  endfacet
  facet normal 0 0 -1
    outer loop
      vertex 3.60754 0.355311 -0.0199995
      vertex 4.30578 0.11762 -0.0199995
      vertex 3.625 0 -0.0199995
    endloop
  endfacet
  facet normal 0 0 -1
    outer loop
      vertex 3.625 0 -0.0199995
      vertex 4.30578 0.11762 -0.0199995
      vertex 4.3 0 -0.0199995
    endloop
  endfacet
  facet normal 0 0 -1
    outer loop
      vertex 5.95922 1.10865 -0.0199995
      vertex 3.77117 20.9446 -0.0199995
      vertex 4.44456 21.3482 -0.0199995
    endloop
  endfacet
  facet normal 0 0 -1
    outer loop
      vertex 4.50224 0.666684 -0.0199995
      vertex 3.46891 1.05228 -0.0199995
      vertex 4.57239 0.761271 -0.0199995
    endloop
  endfacet
  facet normal 0 0 -1
    outer loop
      vertex 4.57239 0.761271 -0.0199995
      vertex 3.46891 1.05228 -0.0199995
      vertex 4.65147 0.848528 -0.0199995
    endloop
  endfacet
  facet normal 0 0 -1
    outer loop
      vertex 3.34906 1.38723 -0.0199995
      vertex 4.65147 0.848528 -0.0199995
      vertex 3.46891 1.05228 -0.0199995
    endloop
  endfacet
  facet normal 0 0 -1
    outer loop
      vertex 3.19696 1.70881 -0.0199995
      vertex 4.65147 0.848528 -0.0199995
      vertex 3.34906 1.38723 -0.0199995
    endloop
  endfacet
  facet normal 0 0 -1
    outer loop
      vertex 3.01408 2.01394 -0.0199995
      vertex 4.65147 0.848528 -0.0199995
      vertex 3.19696 1.70881 -0.0199995
    endloop
  endfacet
  facet normal 0 0 -1
    outer loop
      vertex 2.80216 2.29967 -0.0199995
      vertex 4.65147 0.848528 -0.0199995
      vertex 3.01408 2.01394 -0.0199995
    endloop
  endfacet
  facet normal 0 0 -1
    outer loop
      vertex 2.56326 2.56326 -0.0199995
      vertex 4.65147 0.848528 -0.0199995
      vertex 2.80216 2.29967 -0.0199995
    endloop
  endfacet
  facet normal 0 0 -1
    outer loop
      vertex 4.65147 0.848528 -0.0199995
      vertex 2.56326 2.56326 -0.0199995
      vertex 3.77117 20.9446 -0.0199995
    endloop
  endfacet
  facet normal 0 0 -1
    outer loop
      vertex 2.29967 2.80216 -0.0199995
      vertex 3.77117 20.9446 -0.0199995
      vertex 2.56326 2.56326 -0.0199995
    endloop
  endfacet
  facet normal 0 0 -1
    outer loop
      vertex 2.01394 3.01408 -0.0199995
      vertex 3.77117 20.9446 -0.0199995
      vertex 2.29967 2.80216 -0.0199995
    endloop
  endfacet
  facet normal 0 0 -1
    outer loop
      vertex 3.77117 20.9446 -0.0199995
      vertex 2.01394 3.01408 -0.0199995
      vertex 3.06147 20.609 -0.0199995
    endloop
  endfacet
  facet normal 0 0 -1
    outer loop
      vertex 1.70881 3.19696 -0.0199995
      vertex 3.06147 20.609 -0.0199995
      vertex 2.01394 3.01408 -0.0199995
    endloop
  endfacet
  facet normal 0 0 -1
    outer loop
      vertex 3.06147 20.609 -0.0199995
      vertex 1.70881 3.19696 -0.0199995
      vertex 2.32228 20.3445 -0.0199995
    endloop
  endfacet
  facet normal 0 0 -1
    outer loop
      vertex 1.38723 3.34906 -0.0199995
      vertex 2.32228 20.3445 -0.0199995
      vertex 1.70881 3.19696 -0.0199995
    endloop
  endfacet
  facet normal 0 0 -1
    outer loop
      vertex 1.05228 3.46891 -0.0199995
      vertex 2.32228 20.3445 -0.0199995
      vertex 1.38723 3.34906 -0.0199995
    endloop
  endfacet
  facet normal 0 0 -1
    outer loop
      vertex 2.32228 20.3445 -0.0199995
      vertex 1.05228 3.46891 -0.0199995
      vertex 1.56072 20.1537 -0.0199995
    endloop
  endfacet
  facet normal 0 0 -1
    outer loop
      vertex 0.707202 3.55535 -0.0199995
      vertex 1.56072 20.1537 -0.0199995
      vertex 1.05228 3.46891 -0.0199995
    endloop
  endfacet
  facet normal 0 0 -1
    outer loop
      vertex 1.56072 20.1537 -0.0199995
      vertex 0.707202 3.55535 -0.0199995
      vertex 0.784137 20.0385 -0.0199995
    endloop
  endfacet
  facet normal 0 0 -1
    outer loop
      vertex 0.355311 3.60754 -0.0199995
      vertex 0.784137 20.0385 -0.0199995
      vertex 0.707202 3.55535 -0.0199995
    endloop
  endfacet
  facet normal 0 0 -1
    outer loop
      vertex 0 20 -0.0199995
      vertex 0.355311 3.60754 -0.0199995
      vertex 0 3.625 -0.0199995
    endloop
  endfacet
  facet normal 0 0 -1
    outer loop
      vertex 0.355311 3.60754 -0.0199995
      vertex 0 20 -0.0199995
      vertex 0.784137 20.0385 -0.0199995
    endloop
  endfacet
  facet normal 0 0 -1
    outer loop
      vertex -0.355311 3.60754 -0.0199995
      vertex 0 20 -0.0199995
      vertex 0 3.625 -0.0199995
    endloop
  endfacet
  facet normal 0 0 -1
    outer loop
      vertex -0.784137 20.0385 -0.0199995
      vertex -0.355311 3.60754 -0.0199995
      vertex -0.707202 3.55535 -0.0199995
    endloop
  endfacet
  facet normal 0 0 -1
    outer loop
      vertex -0.355311 3.60754 -0.0199995
      vertex -0.784137 20.0385 -0.0199995
      vertex 0 20 -0.0199995
    endloop
  endfacet
  facet normal 0 0 -1
    outer loop
      vertex -1.56072 20.1537 -0.0199995
      vertex -0.707202 3.55535 -0.0199995
      vertex -1.05228 3.46891 -0.0199995
    endloop
  endfacet
  facet normal 0 0 -1
    outer loop
      vertex -2.32228 20.3445 -0.0199995
      vertex -1.05228 3.46891 -0.0199995
      vertex -1.38723 3.34906 -0.0199995
    endloop
  endfacet
  facet normal 0 0 -1
    outer loop
      vertex -0.707202 3.55535 -0.0199995
      vertex -1.56072 20.1537 -0.0199995
      vertex -0.784137 20.0385 -0.0199995
    endloop
  endfacet
  facet normal 0 0 -1
    outer loop
      vertex -2.32228 20.3445 -0.0199995
      vertex -1.38723 3.34906 -0.0199995
      vertex -1.70881 3.19696 -0.0199995
    endloop
  endfacet
  facet normal 0 0 -1
    outer loop
      vertex -3.06147 20.609 -0.0199995
      vertex -1.70881 3.19696 -0.0199995
      vertex -2.01394 3.01408 -0.0199995
    endloop
  endfacet
  facet normal 0 0 -1
    outer loop
      vertex -3.77117 20.9446 -0.0199995
      vertex -2.01394 3.01408 -0.0199995
      vertex -2.29967 2.80216 -0.0199995
    endloop
  endfacet
  facet normal 0 0 -1
    outer loop
      vertex -1.05228 3.46891 -0.0199995
      vertex -2.32228 20.3445 -0.0199995
      vertex -1.56072 20.1537 -0.0199995
    endloop
  endfacet
  facet normal 0 0 -1
    outer loop
      vertex -4.44456 21.3482 -0.0199995
      vertex -2.29967 2.80216 -0.0199995
      vertex -2.56326 2.56326 -0.0199995
    endloop
  endfacet
  facet normal 0 0 -1
    outer loop
      vertex -4.44456 21.3482 -0.0199995
      vertex -2.56326 2.56326 -0.0199995
      vertex -2.80216 2.29967 -0.0199995
    endloop
  endfacet
  facet normal 0 0 -1
    outer loop
      vertex -4.44456 21.3482 -0.0199995
      vertex -2.80216 2.29967 -0.0199995
      vertex -3.01408 2.01394 -0.0199995
    endloop
  endfacet
  facet normal 0 0 -1
    outer loop
      vertex -1.70881 3.19696 -0.0199995
      vertex -3.06147 20.609 -0.0199995
      vertex -2.32228 20.3445 -0.0199995
    endloop
  endfacet
  facet normal 0 0 -1
    outer loop
      vertex -4.44456 21.3482 -0.0199995
      vertex -3.01408 2.01394 -0.0199995
      vertex -3.19696 1.70881 -0.0199995
    endloop
  endfacet
  facet normal 0 0 -1
    outer loop
      vertex -4.44456 21.3482 -0.0199995
      vertex -3.19696 1.70881 -0.0199995
      vertex -3.34906 1.38723 -0.0199995
    endloop
  endfacet
  facet normal 0 0 -1
    outer loop
      vertex -4.44456 21.3482 -0.0199995
      vertex -3.34906 1.38723 -0.0199995
      vertex -3.46891 1.05228 -0.0199995
    endloop
  endfacet
  facet normal 0 0 -1
    outer loop
      vertex -4.44456 21.3482 -0.0199995
      vertex -3.46891 1.05228 -0.0199995
      vertex -3.55535 0.707202 -0.0199995
    endloop
  endfacet
  facet normal 0 0 -1
    outer loop
      vertex -4.44456 21.3482 -0.0199995
      vertex -3.55535 0.707202 -0.0199995
      vertex -3.60754 0.355311 -0.0199995
    endloop
  endfacet
  facet normal 0 0 -1
    outer loop
      vertex -26.4393 20.1537 -0.0199995
      vertex -3.60754 0.355311 -0.0199995
      vertex -3.625 0 -0.0199995
    endloop
  endfacet
  facet normal 0 0 -1
    outer loop
      vertex -2.01394 3.01408 -0.0199995
      vertex -3.77117 20.9446 -0.0199995
      vertex -3.06147 20.609 -0.0199995
    endloop
  endfacet
  facet normal 0 0 -1
    outer loop
      vertex -35.8 -39.02 -0.0199995
      vertex -28.7841 20.0385 -0.0199995
      vertex -30.2 -39.02 -0.0199995
    endloop
  endfacet
  facet normal -0 0 -1
    outer loop
      vertex -28.7841 20.0385 -0.0199995
      vertex -35.8 -39.02 -0.0199995
      vertex -29.5607 20.1537 -0.0199995
    endloop
  endfacet
  facet normal -0 0 -1
    outer loop
      vertex -29.5607 20.1537 -0.0199995
      vertex -35.8 -39.02 -0.0199995
      vertex -30.3223 20.3445 -0.0199995
    endloop
  endfacet
  facet normal -0 0 -1
    outer loop
      vertex -30.3223 20.3445 -0.0199995
      vertex -35.8 -39.02 -0.0199995
      vertex -31.0615 20.609 -0.0199995
    endloop
  endfacet
  facet normal -0 0 -1
    outer loop
      vertex -31.0615 20.609 -0.0199995
      vertex -35.8 -39.02 -0.0199995
      vertex -31.7712 20.9446 -0.0199995
    endloop
  endfacet
  facet normal 0 0 -1
    outer loop
      vertex -56.5 -38.5 -0.0199995
      vertex -31.7712 20.9446 -0.0199995
      vertex -35.8 -39.02 -0.0199995
    endloop
  endfacet
  facet normal 0 0 -1
    outer loop
      vertex -53.3732 -43.5065 -0.0199995
      vertex -49.5 -45.5 -0.0199995
      vertex -53.3327 -43.6683 -0.0199995
    endloop
  endfacet
  facet normal 0 0 -1
    outer loop
      vertex -53.4294 -43.3494 -0.0199995
      vertex -49.5 -45.5 -0.0199995
      vertex -53.3732 -43.5065 -0.0199995
    endloop
  endfacet
  facet normal 0 0 -1
    outer loop
      vertex -53.5007 -43.1986 -0.0199995
      vertex -49.5 -45.5 -0.0199995
      vertex -53.4294 -43.3494 -0.0199995
    endloop
  endfacet
  facet normal 0 0 -1
    outer loop
      vertex -53.5865 -43.0555 -0.0199995
      vertex -49.5 -45.5 -0.0199995
      vertex -53.5007 -43.1986 -0.0199995
    endloop
  endfacet
  facet normal 0 0 -1
    outer loop
      vertex -49.5 -45.5 -0.0199995
      vertex -53.5865 -43.0555 -0.0199995
      vertex -35.8 -39.02 -0.0199995
    endloop
  endfacet
  facet normal 0 0 -1
    outer loop
      vertex -56.5 -38.5 -0.0199995
      vertex -35.8 -39.02 -0.0199995
      vertex -53.5865 -43.0555 -0.0199995
    endloop
  endfacet
  facet normal -0 0 -1
    outer loop
      vertex -31.7712 20.9446 -0.0199995
      vertex -56.5 -38.5 -0.0199995
      vertex -32.4446 21.3482 -0.0199995
    endloop
  endfacet
  facet normal 0 0 -1
    outer loop
      vertex -35.0554 24.2288 -0.0199995
      vertex -53.3 44 -0.0199995
      vertex -35.391 24.9385 -0.0199995
    endloop
  endfacet
  facet normal 0 0 -1
    outer loop
      vertex 58.5 38.5 -0.0199995
      vertex 56.6918 43.8334 -0.0199995
      vertex 56.7 44 -0.0199995
    endloop
  endfacet
  facet normal 0 0 -1
    outer loop
      vertex 58.5 38.5 -0.0199995
      vertex 56.6673 43.6683 -0.0199995
      vertex 56.6918 43.8334 -0.0199995
    endloop
  endfacet
  facet normal 0 0 -1
    outer loop
      vertex 58.5 38.5 -0.0199995
      vertex 56.6268 43.5065 -0.0199995
      vertex 56.6673 43.6683 -0.0199995
    endloop
  endfacet
  facet normal 0 0 -1
    outer loop
      vertex 58.5 38.5 -0.0199995
      vertex 56.5706 43.3494 -0.0199995
      vertex 56.6268 43.5065 -0.0199995
    endloop
  endfacet
  facet normal 0 0 -1
    outer loop
      vertex 56.0785 42.6859 -0.0199995
      vertex 58.5 38.5 -0.0199995
      vertex 56.5 38.5 -0.0199995
    endloop
  endfacet
  facet normal 0 0 -1
    outer loop
      vertex 58.5 38.5 -0.0199995
      vertex 56.4993 43.1986 -0.0199995
      vertex 56.5706 43.3494 -0.0199995
    endloop
  endfacet
  facet normal 0 0 -1
    outer loop
      vertex 56.2021 -42.7979 -0.0199995
      vertex 58.5 -38.5 -0.0199995
      vertex 56.3141 -42.9215 -0.0199995
    endloop
  endfacet
  facet normal 0 0 -1
    outer loop
      vertex 56.0785 -42.6859 -0.0199995
      vertex 58.5 -38.5 -0.0199995
      vertex 56.2021 -42.7979 -0.0199995
    endloop
  endfacet
  facet normal 0 0 -1
    outer loop
      vertex 58.5 38.5 -0.0199995
      vertex 56.4135 43.0555 -0.0199995
      vertex 56.4993 43.1986 -0.0199995
    endloop
  endfacet
  facet normal -0 0 -1
    outer loop
      vertex 58.5 -38.5 -0.0199995
      vertex 56.0785 -42.6859 -0.0199995
      vertex 56.5 -38.5 -0.0199995
    endloop
  endfacet
  facet normal 0 0 -1
    outer loop
      vertex 58.5 38.5 -0.0199995
      vertex 56.3141 42.9215 -0.0199995
      vertex 56.4135 43.0555 -0.0199995
    endloop
  endfacet
  facet normal 0 0 -1
    outer loop
      vertex 55.9445 -42.5865 -0.0199995
      vertex 56.5 -38.5 -0.0199995
      vertex 56.0785 -42.6859 -0.0199995
    endloop
  endfacet
  facet normal 0 0 -1
    outer loop
      vertex 58.5 38.5 -0.0199995
      vertex 56.2021 42.7979 -0.0199995
      vertex 56.3141 42.9215 -0.0199995
    endloop
  endfacet
  facet normal 0 0 -1
    outer loop
      vertex 55.8014 -42.5007 -0.0199995
      vertex 56.5 -38.5 -0.0199995
      vertex 55.9445 -42.5865 -0.0199995
    endloop
  endfacet
  facet normal 0 0 -1
    outer loop
      vertex 58.5 38.5 -0.0199995
      vertex 56.0785 42.6859 -0.0199995
      vertex 56.2021 42.7979 -0.0199995
    endloop
  endfacet
  facet normal 0 0 -1
    outer loop
      vertex 55.6506 -42.4294 -0.0199995
      vertex 56.5 -38.5 -0.0199995
      vertex 55.8014 -42.5007 -0.0199995
    endloop
  endfacet
  facet normal 0 0 -1
    outer loop
      vertex 56.5 38.5 -0.0199995
      vertex 55.9445 42.5865 -0.0199995
      vertex 56.0785 42.6859 -0.0199995
    endloop
  endfacet
  facet normal 0 0 -1
    outer loop
      vertex 55.4935 -42.3732 -0.0199995
      vertex 56.5 -38.5 -0.0199995
      vertex 55.6506 -42.4294 -0.0199995
    endloop
  endfacet
  facet normal 0 0 -1
    outer loop
      vertex 56.5 38.5 -0.0199995
      vertex 55.8014 42.5007 -0.0199995
      vertex 55.9445 42.5865 -0.0199995
    endloop
  endfacet
  facet normal 0 0 -1
    outer loop
      vertex 55.3317 -42.3327 -0.0199995
      vertex 56.5 -38.5 -0.0199995
      vertex 55.4935 -42.3732 -0.0199995
    endloop
  endfacet
  facet normal 0 0 -1
    outer loop
      vertex 56.5 38.5 -0.0199995
      vertex 55.6506 42.4294 -0.0199995
      vertex 55.8014 42.5007 -0.0199995
    endloop
  endfacet
  facet normal 0 0 -1
    outer loop
      vertex 55.1666 -42.3082 -0.0199995
      vertex 56.5 -38.5 -0.0199995
      vertex 55.3317 -42.3327 -0.0199995
    endloop
  endfacet
  facet normal 0 0 -1
    outer loop
      vertex 56.5 38.5 -0.0199995
      vertex 55.4935 42.3732 -0.0199995
      vertex 55.6506 42.4294 -0.0199995
    endloop
  endfacet
  facet normal 0 0 -1
    outer loop
      vertex 55 -42.3 -0.0199995
      vertex 56.5 -38.5 -0.0199995
      vertex 55.1666 -42.3082 -0.0199995
    endloop
  endfacet
  facet normal 0 0 -1
    outer loop
      vertex 56.5 38.5 -0.0199995
      vertex 55.3317 42.3327 -0.0199995
      vertex 55.4935 42.3732 -0.0199995
    endloop
  endfacet
  facet normal 0 0 -1
    outer loop
      vertex 54.8334 -42.3082 -0.0199995
      vertex 56.5 -38.5 -0.0199995
      vertex 55 -42.3 -0.0199995
    endloop
  endfacet
  facet normal 0 0 -1
    outer loop
      vertex 56.5 38.5 -0.0199995
      vertex 55.1666 42.3082 -0.0199995
      vertex 55.3317 42.3327 -0.0199995
    endloop
  endfacet
  facet normal 0 0 -1
    outer loop
      vertex 54.6683 -42.3327 -0.0199995
      vertex 56.5 -38.5 -0.0199995
      vertex 54.8334 -42.3082 -0.0199995
    endloop
  endfacet
  facet normal 0 0 -1
    outer loop
      vertex 56.5 38.5 -0.0199995
      vertex 55 42.3 -0.0199995
      vertex 55.1666 42.3082 -0.0199995
    endloop
  endfacet
  facet normal 0 0 -1
    outer loop
      vertex 54.5065 -42.3732 -0.0199995
      vertex 56.5 -38.5 -0.0199995
      vertex 54.6683 -42.3327 -0.0199995
    endloop
  endfacet
  facet normal 0 0 -1
    outer loop
      vertex 56.5 38.5 -0.0199995
      vertex 54.8334 42.3082 -0.0199995
      vertex 55 42.3 -0.0199995
    endloop
  endfacet
  facet normal 0 0 -1
    outer loop
      vertex 54.3494 -42.4294 -0.0199995
      vertex 56.5 -38.5 -0.0199995
      vertex 54.5065 -42.3732 -0.0199995
    endloop
  endfacet
  facet normal 0 0 -1
    outer loop
      vertex 56.5 38.5 -0.0199995
      vertex 54.6683 42.3327 -0.0199995
      vertex 54.8334 42.3082 -0.0199995
    endloop
  endfacet
  facet normal 0 0 -1
    outer loop
      vertex 54.1986 -42.5007 -0.0199995
      vertex 56.5 -38.5 -0.0199995
      vertex 54.3494 -42.4294 -0.0199995
    endloop
  endfacet
  facet normal 0 0 -1
    outer loop
      vertex 56.5 38.5 -0.0199995
      vertex 54.5065 42.3732 -0.0199995
      vertex 54.6683 42.3327 -0.0199995
    endloop
  endfacet
  facet normal 0 0 -1
    outer loop
      vertex 54.0555 -42.5865 -0.0199995
      vertex 56.5 -38.5 -0.0199995
      vertex 54.1986 -42.5007 -0.0199995
    endloop
  endfacet
  facet normal 0 0 -1
    outer loop
      vertex 56.5 38.5 -0.0199995
      vertex 54.3494 42.4294 -0.0199995
      vertex 54.5065 42.3732 -0.0199995
    endloop
  endfacet
  facet normal 0 0 -1
    outer loop
      vertex 53.9215 -42.6859 -0.0199995
      vertex 56.5 -38.5 -0.0199995
      vertex 54.0555 -42.5865 -0.0199995
    endloop
  endfacet
  facet normal 0 0 -1
    outer loop
      vertex 56.5 38.5 -0.0199995
      vertex 54.1986 42.5007 -0.0199995
      vertex 54.3494 42.4294 -0.0199995
    endloop
  endfacet
  facet normal 0 0 -1
    outer loop
      vertex 53.7979 -42.7979 -0.0199995
      vertex 35.8 -39.02 -0.0199995
      vertex 56.5 -38.5 -0.0199995
    endloop
  endfacet
  facet normal 0 0 -1
    outer loop
      vertex 56.5 38.5 -0.0199995
      vertex 54.0555 42.5865 -0.0199995
      vertex 54.1986 42.5007 -0.0199995
    endloop
  endfacet
  facet normal 0 0 -1
    outer loop
      vertex 53.7979 -42.7979 -0.0199995
      vertex 56.5 -38.5 -0.0199995
      vertex 53.9215 -42.6859 -0.0199995
    endloop
  endfacet
  facet normal 0 0 -1
    outer loop
      vertex 56.5 -38.5 -0.0199995
      vertex 36 28 -0.0199995
      vertex 56.5 38.5 -0.0199995
    endloop
  endfacet
  facet normal 0 0 -1
    outer loop
      vertex 35.8 -39.02 -0.0199995
      vertex 53.7979 -42.7979 -0.0199995
      vertex 49.5 -45.5 -0.0199995
    endloop
  endfacet
  facet normal -0 -0 -1
    outer loop
      vertex 53.7979 42.7979 -0.0199995
      vertex 56.5 38.5 -0.0199995
      vertex 49.5 45.5 -0.0199995
    endloop
  endfacet
  facet normal 0 0 -1
    outer loop
      vertex 49.5 -45.5 -0.0199995
      vertex 53.7979 -42.7979 -0.0199995
      vertex 53.6859 -42.9215 -0.0199995
    endloop
  endfacet
  facet normal 0 0 -1
    outer loop
      vertex 56.5 38.5 -0.0199995
      vertex 53.9215 42.6859 -0.0199995
      vertex 54.0555 42.5865 -0.0199995
    endloop
  endfacet
  facet normal 0 0 -1
    outer loop
      vertex 49.5 -45.5 -0.0199995
      vertex 53.6859 -42.9215 -0.0199995
      vertex 53.5865 -43.0555 -0.0199995
    endloop
  endfacet
  facet normal 0 0 -1
    outer loop
      vertex 56.5 38.5 -0.0199995
      vertex 53.7979 42.7979 -0.0199995
      vertex 53.9215 42.6859 -0.0199995
    endloop
  endfacet
  facet normal 0 0 -1
    outer loop
      vertex 49.5 -45.5 -0.0199995
      vertex 53.5865 -43.0555 -0.0199995
      vertex 53.5007 -43.1986 -0.0199995
    endloop
  endfacet
  facet normal 0 0 -1
    outer loop
      vertex 53.7979 42.7979 -0.0199995
      vertex 49.5 45.5 -0.0199995
      vertex 53.6859 42.9215 -0.0199995
    endloop
  endfacet
  facet normal 0 0 -1
    outer loop
      vertex 49.5 -45.5 -0.0199995
      vertex 53.5007 -43.1986 -0.0199995
      vertex 53.4294 -43.3494 -0.0199995
    endloop
  endfacet
  facet normal 0 0 -1
    outer loop
      vertex 53.6859 42.9215 -0.0199995
      vertex 49.5 45.5 -0.0199995
      vertex 53.5865 43.0555 -0.0199995
    endloop
  endfacet
  facet normal 0 0 -1
    outer loop
      vertex 49.5 -45.5 -0.0199995
      vertex 53.4294 -43.3494 -0.0199995
      vertex 53.3732 -43.5065 -0.0199995
    endloop
  endfacet
  facet normal 0 0 -1
    outer loop
      vertex 53.5865 43.0555 -0.0199995
      vertex 49.5 45.5 -0.0199995
      vertex 53.5007 43.1986 -0.0199995
    endloop
  endfacet
  facet normal 0 0 -1
    outer loop
      vertex 49.5 -45.5 -0.0199995
      vertex 53.3732 -43.5065 -0.0199995
      vertex 53.3327 -43.6683 -0.0199995
    endloop
  endfacet
  facet normal 0 0 -1
    outer loop
      vertex 53.5007 43.1986 -0.0199995
      vertex 49.5 45.5 -0.0199995
      vertex 53.4294 43.3494 -0.0199995
    endloop
  endfacet
  facet normal 0 0 -1
    outer loop
      vertex 49.5 -45.5 -0.0199995
      vertex 53.3327 -43.6683 -0.0199995
      vertex 53.3082 -43.8334 -0.0199995
    endloop
  endfacet
  facet normal 0 0 -1
    outer loop
      vertex 53.4294 43.3494 -0.0199995
      vertex 49.5 45.5 -0.0199995
      vertex 53.3732 43.5065 -0.0199995
    endloop
  endfacet
  facet normal 0 0 -1
    outer loop
      vertex 49.5 -45.5 -0.0199995
      vertex 53.3082 -43.8334 -0.0199995
      vertex 53.3 -44 -0.0199995
    endloop
  endfacet
  facet normal 0 0 -1
    outer loop
      vertex 53.3732 43.5065 -0.0199995
      vertex 49.5 45.5 -0.0199995
      vertex 53.3327 43.6683 -0.0199995
    endloop
  endfacet
  facet normal 0 0 -1
    outer loop
      vertex 62 -51 -0.0199995
      vertex 58.5 -38.5 -0.0199995
      vertex 62 51 -0.0199995
    endloop
  endfacet
  facet normal 0 0 -1
    outer loop
      vertex 62 -51 -0.0199995
      vertex 56.7 -44 -0.0199995
      vertex 58.5 -38.5 -0.0199995
    endloop
  endfacet
  facet normal 0 0 -1
    outer loop
      vertex 62 -51 -0.0199995
      vertex 56.6918 -44.1666 -0.0199995
      vertex 56.7 -44 -0.0199995
    endloop
  endfacet
  facet normal 0 0 -1
    outer loop
      vertex 62 -51 -0.0199995
      vertex 56.6673 -44.3317 -0.0199995
      vertex 56.6918 -44.1666 -0.0199995
    endloop
  endfacet
  facet normal 0 0 -1
    outer loop
      vertex 62 -51 -0.0199995
      vertex 56.6268 -44.4935 -0.0199995
      vertex 56.6673 -44.3317 -0.0199995
    endloop
  endfacet
  facet normal 0 0 -1
    outer loop
      vertex 62 -51 -0.0199995
      vertex 56.5706 -44.6506 -0.0199995
      vertex 56.6268 -44.4935 -0.0199995
    endloop
  endfacet
  facet normal 0 0 -1
    outer loop
      vertex 62 -51 -0.0199995
      vertex 56.4993 -44.8014 -0.0199995
      vertex 56.5706 -44.6506 -0.0199995
    endloop
  endfacet
  facet normal 0 0 -1
    outer loop
      vertex 62 -51 -0.0199995
      vertex 56.4135 -44.9445 -0.0199995
      vertex 56.4993 -44.8014 -0.0199995
    endloop
  endfacet
  facet normal 0 0 -1
    outer loop
      vertex 62 -51 -0.0199995
      vertex 56.3141 -45.0785 -0.0199995
      vertex 56.4135 -44.9445 -0.0199995
    endloop
  endfacet
  facet normal 0 0 -1
    outer loop
      vertex 62 -51 -0.0199995
      vertex 56.2021 -45.2021 -0.0199995
      vertex 56.3141 -45.0785 -0.0199995
    endloop
  endfacet
  facet normal 0 0 -1
    outer loop
      vertex 62 -51 -0.0199995
      vertex 56.0785 -45.3141 -0.0199995
      vertex 56.2021 -45.2021 -0.0199995
    endloop
  endfacet
  facet normal 0 0 -1
    outer loop
      vertex 62 -51 -0.0199995
      vertex 55.9445 -45.4135 -0.0199995
      vertex 56.0785 -45.3141 -0.0199995
    endloop
  endfacet
  facet normal 0 0 -1
    outer loop
      vertex 62 -51 -0.0199995
      vertex 55.8014 -45.4993 -0.0199995
      vertex 55.9445 -45.4135 -0.0199995
    endloop
  endfacet
  facet normal 0 0 -1
    outer loop
      vertex 62 -51 -0.0199995
      vertex 55.6506 -45.5706 -0.0199995
      vertex 55.8014 -45.4993 -0.0199995
    endloop
  endfacet
  facet normal 0 0 -1
    outer loop
      vertex 62 -51 -0.0199995
      vertex 55.4935 -45.6268 -0.0199995
      vertex 55.6506 -45.5706 -0.0199995
    endloop
  endfacet
  facet normal 0 0 -1
    outer loop
      vertex 62 -51 -0.0199995
      vertex 55.3317 -45.6673 -0.0199995
      vertex 55.4935 -45.6268 -0.0199995
    endloop
  endfacet
  facet normal 0 0 -1
    outer loop
      vertex 62 -51 -0.0199995
      vertex 55.1666 -45.6918 -0.0199995
      vertex 55.3317 -45.6673 -0.0199995
    endloop
  endfacet
  facet normal 0 0 -1
    outer loop
      vertex 62 -51 -0.0199995
      vertex 55 -45.7 -0.0199995
      vertex 55.1666 -45.6918 -0.0199995
    endloop
  endfacet
  facet normal 0 0 -1
    outer loop
      vertex 62 -51 -0.0199995
      vertex 54.8334 -45.6918 -0.0199995
      vertex 55 -45.7 -0.0199995
    endloop
  endfacet
  facet normal 0 0 -1
    outer loop
      vertex 49.5 -47.5 -0.0199995
      vertex 54.8334 -45.6918 -0.0199995
      vertex 62 -51 -0.0199995
    endloop
  endfacet
  facet normal -0 0 -1
    outer loop
      vertex 54.8334 -45.6918 -0.0199995
      vertex 49.5 -47.5 -0.0199995
      vertex 54.6683 -45.6673 -0.0199995
    endloop
  endfacet
  facet normal -0 0 -1
    outer loop
      vertex 54.6683 -45.6673 -0.0199995
      vertex 49.5 -47.5 -0.0199995
      vertex 54.5065 -45.6268 -0.0199995
    endloop
  endfacet
  facet normal -0 0 -1
    outer loop
      vertex 54.5065 -45.6268 -0.0199995
      vertex 49.5 -47.5 -0.0199995
      vertex 54.3494 -45.5706 -0.0199995
    endloop
  endfacet
  facet normal -0 0 -1
    outer loop
      vertex 54.3494 -45.5706 -0.0199995
      vertex 49.5 -47.5 -0.0199995
      vertex 54.1986 -45.4993 -0.0199995
    endloop
  endfacet
  facet normal -0 0 -1
    outer loop
      vertex 53.3082 -44.1666 -0.0199995
      vertex 49.5 -45.5 -0.0199995
      vertex 53.3 -44 -0.0199995
    endloop
  endfacet
  facet normal -0 0 -1
    outer loop
      vertex 53.3327 -44.3317 -0.0199995
      vertex 49.5 -45.5 -0.0199995
      vertex 53.3082 -44.1666 -0.0199995
    endloop
  endfacet
  facet normal -0 0 -1
    outer loop
      vertex 53.3732 -44.4935 -0.0199995
      vertex 49.5 -45.5 -0.0199995
      vertex 53.3327 -44.3317 -0.0199995
    endloop
  endfacet
  facet normal -0 0 -1
    outer loop
      vertex 53.4294 -44.6506 -0.0199995
      vertex 49.5 -45.5 -0.0199995
      vertex 53.3732 -44.4935 -0.0199995
    endloop
  endfacet
  facet normal -0 0 -1
    outer loop
      vertex 53.5007 -44.8014 -0.0199995
      vertex 49.5 -45.5 -0.0199995
      vertex 53.4294 -44.6506 -0.0199995
    endloop
  endfacet
  facet normal -0 0 -1
    outer loop
      vertex 53.5865 -44.9445 -0.0199995
      vertex 49.5 -45.5 -0.0199995
      vertex 53.5007 -44.8014 -0.0199995
    endloop
  endfacet
  facet normal -0 0 -1
    outer loop
      vertex 53.6859 -45.0785 -0.0199995
      vertex 49.5 -45.5 -0.0199995
      vertex 53.5865 -44.9445 -0.0199995
    endloop
  endfacet
  facet normal 0 0 -1
    outer loop
      vertex 49.5 -45.5 -0.0199995
      vertex 53.6859 -45.0785 -0.0199995
      vertex 49.5 -47.5 -0.0199995
    endloop
  endfacet
  facet normal -0 0 -1
    outer loop
      vertex 53.7979 -45.2021 -0.0199995
      vertex 49.5 -47.5 -0.0199995
      vertex 53.6859 -45.0785 -0.0199995
    endloop
  endfacet
  facet normal -0 0 -1
    outer loop
      vertex 53.9215 -45.3141 -0.0199995
      vertex 49.5 -47.5 -0.0199995
      vertex 53.7979 -45.2021 -0.0199995
    endloop
  endfacet
  facet normal -0 0 -1
    outer loop
      vertex 54.0555 -45.4135 -0.0199995
      vertex 49.5 -47.5 -0.0199995
      vertex 53.9215 -45.3141 -0.0199995
    endloop
  endfacet
  facet normal -0 0 -1
    outer loop
      vertex 54.1986 -45.4993 -0.0199995
      vertex 49.5 -47.5 -0.0199995
      vertex 54.0555 -45.4135 -0.0199995
    endloop
  endfacet
  facet normal 0 0 -1
    outer loop
      vertex 62 -51 -0.0199995
      vertex -49.5 -47.5 -0.0199995
      vertex 49.5 -47.5 -0.0199995
    endloop
  endfacet
  facet normal 0 0 -1
    outer loop
      vertex -53.6859 -45.0785 -0.0199995
      vertex -49.5 -45.5 -0.0199995
      vertex -49.5 -47.5 -0.0199995
    endloop
  endfacet
  facet normal 0 0 -1
    outer loop
      vertex -35.9615 28.7841 -0.0199995
      vertex -53.3 44 -0.0199995
      vertex -35.8463 29.5607 -0.0199995
    endloop
  endfacet
  facet normal 0 0 -1
    outer loop
      vertex -35.6555 30.3223 -0.0199995
      vertex -53.3 44 -0.0199995
      vertex -49.5 45.5 -0.0199995
    endloop
  endfacet
  facet normal 0 0 -1
    outer loop
      vertex -49.5 -45.5 -0.0199995
      vertex -53.3082 -44.1666 -0.0199995
      vertex -53.3 -44 -0.0199995
    endloop
  endfacet
  facet normal 0 0 -1
    outer loop
      vertex -49.5 -45.5 -0.0199995
      vertex -53.3327 -44.3317 -0.0199995
      vertex -53.3082 -44.1666 -0.0199995
    endloop
  endfacet
  facet normal 0 0 -1
    outer loop
      vertex -49.5 -45.5 -0.0199995
      vertex -53.3732 -44.4935 -0.0199995
      vertex -53.3327 -44.3317 -0.0199995
    endloop
  endfacet
  facet normal 0 0 -1
    outer loop
      vertex -49.5 -45.5 -0.0199995
      vertex -53.4294 -44.6506 -0.0199995
      vertex -53.3732 -44.4935 -0.0199995
    endloop
  endfacet
  facet normal 0 0 -1
    outer loop
      vertex -49.5 -45.5 -0.0199995
      vertex -53.5007 -44.8014 -0.0199995
      vertex -53.4294 -44.6506 -0.0199995
    endloop
  endfacet
  facet normal 0 0 -1
    outer loop
      vertex -49.5 -45.5 -0.0199995
      vertex -53.5865 -44.9445 -0.0199995
      vertex -53.5007 -44.8014 -0.0199995
    endloop
  endfacet
  facet normal 0 0 -1
    outer loop
      vertex -49.5 -45.5 -0.0199995
      vertex -53.6859 -45.0785 -0.0199995
      vertex -53.5865 -44.9445 -0.0199995
    endloop
  endfacet
  facet normal 0 0 -1
    outer loop
      vertex -49.5 -47.5 -0.0199995
      vertex -53.7979 -45.2021 -0.0199995
      vertex -53.6859 -45.0785 -0.0199995
    endloop
  endfacet
  facet normal 0 0 -1
    outer loop
      vertex -49.5 -47.5 -0.0199995
      vertex -53.9215 -45.3141 -0.0199995
      vertex -53.7979 -45.2021 -0.0199995
    endloop
  endfacet
  facet normal 0 0 -1
    outer loop
      vertex -49.5 -47.5 -0.0199995
      vertex -54.0555 -45.4135 -0.0199995
      vertex -53.9215 -45.3141 -0.0199995
    endloop
  endfacet
  facet normal 0 0 -1
    outer loop
      vertex -49.5 -47.5 -0.0199995
      vertex -54.1986 -45.4993 -0.0199995
      vertex -54.0555 -45.4135 -0.0199995
    endloop
  endfacet
  facet normal 0 0 -1
    outer loop
      vertex -49.5 -47.5 -0.0199995
      vertex -54.3494 -45.5706 -0.0199995
      vertex -54.1986 -45.4993 -0.0199995
    endloop
  endfacet
  facet normal 0 0 -1
    outer loop
      vertex -49.5 -47.5 -0.0199995
      vertex -54.5065 -45.6268 -0.0199995
      vertex -54.3494 -45.5706 -0.0199995
    endloop
  endfacet
  facet normal 0 0 -1
    outer loop
      vertex -49.5 -47.5 -0.0199995
      vertex -54.6683 -45.6673 -0.0199995
      vertex -54.5065 -45.6268 -0.0199995
    endloop
  endfacet
  facet normal 0 0 -1
    outer loop
      vertex -49.5 -47.5 -0.0199995
      vertex -54.8334 -45.6918 -0.0199995
      vertex -54.6683 -45.6673 -0.0199995
    endloop
  endfacet
  facet normal 0 0 -1
    outer loop
      vertex -49.5 -47.5 -0.0199995
      vertex -55 -45.7 -0.0199995
      vertex -54.8334 -45.6918 -0.0199995
    endloop
  endfacet
  facet normal 0 0 -1
    outer loop
      vertex -62 -51 -0.0199995
      vertex -55 -45.7 -0.0199995
      vertex -49.5 -47.5 -0.0199995
    endloop
  endfacet
  facet normal -0 0 -1
    outer loop
      vertex -55 -45.7 -0.0199995
      vertex -62 -51 -0.0199995
      vertex -55.1666 -45.6918 -0.0199995
    endloop
  endfacet
  facet normal -0 0 -1
    outer loop
      vertex -55.1666 -45.6918 -0.0199995
      vertex -62 -51 -0.0199995
      vertex -55.3317 -45.6673 -0.0199995
    endloop
  endfacet
  facet normal 0 0 -1
    outer loop
      vertex -62 -51 -0.0199995
      vertex -56.7 -44 -0.0199995
      vertex -56.6918 -44.1666 -0.0199995
    endloop
  endfacet
  facet normal 0 0 -1
    outer loop
      vertex -62 -51 -0.0199995
      vertex -56.6918 -44.1666 -0.0199995
      vertex -56.6673 -44.3317 -0.0199995
    endloop
  endfacet
  facet normal 0 0 -1
    outer loop
      vertex -62 -51 -0.0199995
      vertex -56.6673 -44.3317 -0.0199995
      vertex -56.6268 -44.4935 -0.0199995
    endloop
  endfacet
  facet normal -0 0 -1
    outer loop
      vertex -58.5 -38.5 -0.0199995
      vertex -62 -51 -0.0199995
      vertex -58.5 38.5 -0.0199995
    endloop
  endfacet
  facet normal -0 0 -1
    outer loop
      vertex -56.7 -44 -0.0199995
      vertex -62 -51 -0.0199995
      vertex -58.5 -38.5 -0.0199995
    endloop
  endfacet
  facet normal -0 0 -1
    outer loop
      vertex -56.5706 -44.6506 -0.0199995
      vertex -62 -51 -0.0199995
      vertex -56.6268 -44.4935 -0.0199995
    endloop
  endfacet
  facet normal -0 0 -1
    outer loop
      vertex -56.4993 -44.8014 -0.0199995
      vertex -62 -51 -0.0199995
      vertex -56.5706 -44.6506 -0.0199995
    endloop
  endfacet
  facet normal -0 0 -1
    outer loop
      vertex -56.4135 -44.9445 -0.0199995
      vertex -62 -51 -0.0199995
      vertex -56.4993 -44.8014 -0.0199995
    endloop
  endfacet
  facet normal -0 0 -1
    outer loop
      vertex -56.3141 -45.0785 -0.0199995
      vertex -62 -51 -0.0199995
      vertex -56.4135 -44.9445 -0.0199995
    endloop
  endfacet
  facet normal -0 0 -1
    outer loop
      vertex -56.2021 -45.2021 -0.0199995
      vertex -62 -51 -0.0199995
      vertex -56.3141 -45.0785 -0.0199995
    endloop
  endfacet
  facet normal -0 0 -1
    outer loop
      vertex -56.0785 -45.3141 -0.0199995
      vertex -62 -51 -0.0199995
      vertex -56.2021 -45.2021 -0.0199995
    endloop
  endfacet
  facet normal -0 0 -1
    outer loop
      vertex -55.9445 -45.4135 -0.0199995
      vertex -62 -51 -0.0199995
      vertex -56.0785 -45.3141 -0.0199995
    endloop
  endfacet
  facet normal -0 0 -1
    outer loop
      vertex -55.8014 -45.4993 -0.0199995
      vertex -62 -51 -0.0199995
      vertex -55.9445 -45.4135 -0.0199995
    endloop
  endfacet
  facet normal -0 0 -1
    outer loop
      vertex -55.6506 -45.5706 -0.0199995
      vertex -62 -51 -0.0199995
      vertex -55.8014 -45.4993 -0.0199995
    endloop
  endfacet
  facet normal -0 0 -1
    outer loop
      vertex -55.4935 -45.6268 -0.0199995
      vertex -62 -51 -0.0199995
      vertex -55.6506 -45.5706 -0.0199995
    endloop
  endfacet
  facet normal -0 0 -1
    outer loop
      vertex -55.3317 -45.6673 -0.0199995
      vertex -62 -51 -0.0199995
      vertex -55.4935 -45.6268 -0.0199995
    endloop
  endfacet
  facet normal 0 0 -1
    outer loop
      vertex -62 -51 -0.0199995
      vertex -49.5 -47.5 -0.0199995
      vertex 62 -51 -0.0199995
    endloop
  endfacet
  facet normal 0 0 -1
    outer loop
      vertex 58.5 38.5 -0.0199995
      vertex 62 51 -0.0199995
      vertex 58.5 -38.5 -0.0199995
    endloop
  endfacet
  facet normal 0 0 -1
    outer loop
      vertex 56.7 44 -0.0199995
      vertex 62 51 -0.0199995
      vertex 58.5 38.5 -0.0199995
    endloop
  endfacet
  facet normal 0 0 -1
    outer loop
      vertex 56.6918 44.1666 -0.0199995
      vertex 62 51 -0.0199995
      vertex 56.7 44 -0.0199995
    endloop
  endfacet
  facet normal 0 0 -1
    outer loop
      vertex 56.6673 44.3317 -0.0199995
      vertex 62 51 -0.0199995
      vertex 56.6918 44.1666 -0.0199995
    endloop
  endfacet
  facet normal 0 0 -1
    outer loop
      vertex 56.6268 44.4935 -0.0199995
      vertex 62 51 -0.0199995
      vertex 56.6673 44.3317 -0.0199995
    endloop
  endfacet
  facet normal 0 0 -1
    outer loop
      vertex 56.5706 44.6506 -0.0199995
      vertex 62 51 -0.0199995
      vertex 56.6268 44.4935 -0.0199995
    endloop
  endfacet
  facet normal 0 0 -1
    outer loop
      vertex 56.4993 44.8014 -0.0199995
      vertex 62 51 -0.0199995
      vertex 56.5706 44.6506 -0.0199995
    endloop
  endfacet
  facet normal 0 0 -1
    outer loop
      vertex 56.4135 44.9445 -0.0199995
      vertex 62 51 -0.0199995
      vertex 56.4993 44.8014 -0.0199995
    endloop
  endfacet
  facet normal 0 0 -1
    outer loop
      vertex 56.3141 45.0785 -0.0199995
      vertex 62 51 -0.0199995
      vertex 56.4135 44.9445 -0.0199995
    endloop
  endfacet
  facet normal 0 0 -1
    outer loop
      vertex 56.2021 45.2021 -0.0199995
      vertex 62 51 -0.0199995
      vertex 56.3141 45.0785 -0.0199995
    endloop
  endfacet
  facet normal 0 0 -1
    outer loop
      vertex 56.0785 45.3141 -0.0199995
      vertex 62 51 -0.0199995
      vertex 56.2021 45.2021 -0.0199995
    endloop
  endfacet
  facet normal 0 0 -1
    outer loop
      vertex 55.9445 45.4135 -0.0199995
      vertex 62 51 -0.0199995
      vertex 56.0785 45.3141 -0.0199995
    endloop
  endfacet
  facet normal 0 0 -1
    outer loop
      vertex 55.8014 45.4993 -0.0199995
      vertex 62 51 -0.0199995
      vertex 55.9445 45.4135 -0.0199995
    endloop
  endfacet
  facet normal 0 0 -1
    outer loop
      vertex 55.6506 45.5706 -0.0199995
      vertex 62 51 -0.0199995
      vertex 55.8014 45.4993 -0.0199995
    endloop
  endfacet
  facet normal 0 0 -1
    outer loop
      vertex 55.4935 45.6268 -0.0199995
      vertex 62 51 -0.0199995
      vertex 55.6506 45.5706 -0.0199995
    endloop
  endfacet
  facet normal 0 0 -1
    outer loop
      vertex 55.3317 45.6673 -0.0199995
      vertex 62 51 -0.0199995
      vertex 55.4935 45.6268 -0.0199995
    endloop
  endfacet
  facet normal 0 0 -1
    outer loop
      vertex 55.1666 45.6918 -0.0199995
      vertex 62 51 -0.0199995
      vertex 55.3317 45.6673 -0.0199995
    endloop
  endfacet
  facet normal 0 0 -1
    outer loop
      vertex 55 45.7 -0.0199995
      vertex 62 51 -0.0199995
      vertex 55.1666 45.6918 -0.0199995
    endloop
  endfacet
  facet normal 0 0 -1
    outer loop
      vertex 54.8334 45.6918 -0.0199995
      vertex 62 51 -0.0199995
      vertex 55 45.7 -0.0199995
    endloop
  endfacet
  facet normal 0 0 -1
    outer loop
      vertex 49.5 47.5 -0.0199995
      vertex 54.8334 45.6918 -0.0199995
      vertex 54.6683 45.6673 -0.0199995
    endloop
  endfacet
  facet normal 0 0 -1
    outer loop
      vertex 49.5 47.5 -0.0199995
      vertex 54.6683 45.6673 -0.0199995
      vertex 54.5065 45.6268 -0.0199995
    endloop
  endfacet
  facet normal 0 0 -1
    outer loop
      vertex 49.5 47.5 -0.0199995
      vertex 54.5065 45.6268 -0.0199995
      vertex 54.3494 45.5706 -0.0199995
    endloop
  endfacet
  facet normal 0 0 -1
    outer loop
      vertex 49.5 47.5 -0.0199995
      vertex 54.3494 45.5706 -0.0199995
      vertex 54.1986 45.4993 -0.0199995
    endloop
  endfacet
  facet normal 0 0 -1
    outer loop
      vertex 49.5 47.5 -0.0199995
      vertex 54.1986 45.4993 -0.0199995
      vertex 54.0555 45.4135 -0.0199995
    endloop
  endfacet
  facet normal 0 0 -1
    outer loop
      vertex 53.3327 43.6683 -0.0199995
      vertex 49.5 45.5 -0.0199995
      vertex 53.3082 43.8334 -0.0199995
    endloop
  endfacet
  facet normal 0 0 -1
    outer loop
      vertex 53.3082 43.8334 -0.0199995
      vertex 49.5 45.5 -0.0199995
      vertex 53.3 44 -0.0199995
    endloop
  endfacet
  facet normal 0 0 -1
    outer loop
      vertex 49.5 45.5 -0.0199995
      vertex 53.3082 44.1666 -0.0199995
      vertex 53.3 44 -0.0199995
    endloop
  endfacet
  facet normal 0 0 -1
    outer loop
      vertex 49.5 45.5 -0.0199995
      vertex 53.3327 44.3317 -0.0199995
      vertex 53.3082 44.1666 -0.0199995
    endloop
  endfacet
  facet normal 0 0 -1
    outer loop
      vertex 49.5 45.5 -0.0199995
      vertex 53.3732 44.4935 -0.0199995
      vertex 53.3327 44.3317 -0.0199995
    endloop
  endfacet
  facet normal 0 0 -1
    outer loop
      vertex 49.5 45.5 -0.0199995
      vertex 53.4294 44.6506 -0.0199995
      vertex 53.3732 44.4935 -0.0199995
    endloop
  endfacet
  facet normal 0 0 -1
    outer loop
      vertex 49.5 45.5 -0.0199995
      vertex 53.5007 44.8014 -0.0199995
      vertex 53.4294 44.6506 -0.0199995
    endloop
  endfacet
  facet normal 0 0 -1
    outer loop
      vertex 49.5 45.5 -0.0199995
      vertex 53.5865 44.9445 -0.0199995
      vertex 53.5007 44.8014 -0.0199995
    endloop
  endfacet
  facet normal 0 0 -1
    outer loop
      vertex 49.5 45.5 -0.0199995
      vertex 53.6859 45.0785 -0.0199995
      vertex 53.5865 44.9445 -0.0199995
    endloop
  endfacet
  facet normal 0 0 -1
    outer loop
      vertex 49.5 47.5 -0.0199995
      vertex 53.6859 45.0785 -0.0199995
      vertex 49.5 45.5 -0.0199995
    endloop
  endfacet
  facet normal 0 0 -1
    outer loop
      vertex 53.6859 45.0785 -0.0199995
      vertex 49.5 47.5 -0.0199995
      vertex 53.7979 45.2021 -0.0199995
    endloop
  endfacet
  facet normal 0 0 -1
    outer loop
      vertex 53.7979 45.2021 -0.0199995
      vertex 49.5 47.5 -0.0199995
      vertex 53.9215 45.3141 -0.0199995
    endloop
  endfacet
  facet normal 0 0 -1
    outer loop
      vertex 53.9215 45.3141 -0.0199995
      vertex 49.5 47.5 -0.0199995
      vertex 54.0555 45.4135 -0.0199995
    endloop
  endfacet
  facet normal 0 0 -1
    outer loop
      vertex 54.8334 45.6918 -0.0199995
      vertex 49.5 47.5 -0.0199995
      vertex 62 51 -0.0199995
    endloop
  endfacet
  facet normal 0 0 -1
    outer loop
      vertex -49.5 47.5 -0.0199995
      vertex 62 51 -0.0199995
      vertex 49.5 47.5 -0.0199995
    endloop
  endfacet
  facet normal 0 0 -1
    outer loop
      vertex -53.3082 44.1666 -0.0199995
      vertex -49.5 45.5 -0.0199995
      vertex -53.3 44 -0.0199995
    endloop
  endfacet
  facet normal 0 0 -1
    outer loop
      vertex -53.3327 44.3317 -0.0199995
      vertex -49.5 45.5 -0.0199995
      vertex -53.3082 44.1666 -0.0199995
    endloop
  endfacet
  facet normal 0 0 -1
    outer loop
      vertex -53.3732 44.4935 -0.0199995
      vertex -49.5 45.5 -0.0199995
      vertex -53.3327 44.3317 -0.0199995
    endloop
  endfacet
  facet normal 0 0 -1
    outer loop
      vertex -53.4294 44.6506 -0.0199995
      vertex -49.5 45.5 -0.0199995
      vertex -53.3732 44.4935 -0.0199995
    endloop
  endfacet
  facet normal 0 0 -1
    outer loop
      vertex -53.5007 44.8014 -0.0199995
      vertex -49.5 45.5 -0.0199995
      vertex -53.4294 44.6506 -0.0199995
    endloop
  endfacet
  facet normal 0 0 -1
    outer loop
      vertex -53.5865 44.9445 -0.0199995
      vertex -49.5 45.5 -0.0199995
      vertex -53.5007 44.8014 -0.0199995
    endloop
  endfacet
  facet normal 0 0 -1
    outer loop
      vertex -53.6859 45.0785 -0.0199995
      vertex -49.5 45.5 -0.0199995
      vertex -53.5865 44.9445 -0.0199995
    endloop
  endfacet
  facet normal -0 0 -1
    outer loop
      vertex -49.5 45.5 -0.0199995
      vertex -53.6859 45.0785 -0.0199995
      vertex -49.5 47.5 -0.0199995
    endloop
  endfacet
  facet normal 0 0 -1
    outer loop
      vertex -53.7979 45.2021 -0.0199995
      vertex -49.5 47.5 -0.0199995
      vertex -53.6859 45.0785 -0.0199995
    endloop
  endfacet
  facet normal 0 0 -1
    outer loop
      vertex -53.9215 45.3141 -0.0199995
      vertex -49.5 47.5 -0.0199995
      vertex -53.7979 45.2021 -0.0199995
    endloop
  endfacet
  facet normal 0 0 -1
    outer loop
      vertex -54.0555 45.4135 -0.0199995
      vertex -49.5 47.5 -0.0199995
      vertex -53.9215 45.3141 -0.0199995
    endloop
  endfacet
  facet normal 0 0 -1
    outer loop
      vertex -54.1986 45.4993 -0.0199995
      vertex -49.5 47.5 -0.0199995
      vertex -54.0555 45.4135 -0.0199995
    endloop
  endfacet
  facet normal 0 0 -1
    outer loop
      vertex -54.3494 45.5706 -0.0199995
      vertex -49.5 47.5 -0.0199995
      vertex -54.1986 45.4993 -0.0199995
    endloop
  endfacet
  facet normal 0 0 -1
    outer loop
      vertex -54.5065 45.6268 -0.0199995
      vertex -49.5 47.5 -0.0199995
      vertex -54.3494 45.5706 -0.0199995
    endloop
  endfacet
  facet normal 0 0 -1
    outer loop
      vertex -54.6683 45.6673 -0.0199995
      vertex -49.5 47.5 -0.0199995
      vertex -54.5065 45.6268 -0.0199995
    endloop
  endfacet
  facet normal 0 0 -1
    outer loop
      vertex -54.8334 45.6918 -0.0199995
      vertex -49.5 47.5 -0.0199995
      vertex -54.6683 45.6673 -0.0199995
    endloop
  endfacet
  facet normal 0 0 -1
    outer loop
      vertex -55 45.7 -0.0199995
      vertex -49.5 47.5 -0.0199995
      vertex -54.8334 45.6918 -0.0199995
    endloop
  endfacet
  facet normal 0 0 -1
    outer loop
      vertex -62 51 -0.0199995
      vertex -55 45.7 -0.0199995
      vertex -55.1666 45.6918 -0.0199995
    endloop
  endfacet
  facet normal 0 0 -1
    outer loop
      vertex -62 51 -0.0199995
      vertex -55.1666 45.6918 -0.0199995
      vertex -55.3317 45.6673 -0.0199995
    endloop
  endfacet
  facet normal 0 0 -1
    outer loop
      vertex -62 51 -0.0199995
      vertex -55.3317 45.6673 -0.0199995
      vertex -55.4935 45.6268 -0.0199995
    endloop
  endfacet
  facet normal 0 0 -1
    outer loop
      vertex -62 51 -0.0199995
      vertex -56.7 44 -0.0199995
      vertex -58.5 38.5 -0.0199995
    endloop
  endfacet
  facet normal 0 0 -1
    outer loop
      vertex -56.7 44 -0.0199995
      vertex -62 51 -0.0199995
      vertex -56.6918 44.1666 -0.0199995
    endloop
  endfacet
  facet normal 0 0 -1
    outer loop
      vertex -56.6918 44.1666 -0.0199995
      vertex -62 51 -0.0199995
      vertex -56.6673 44.3317 -0.0199995
    endloop
  endfacet
  facet normal 0 0 -1
    outer loop
      vertex -49.5 47.5 -0.0199995
      vertex -62 51 -0.0199995
      vertex 62 51 -0.0199995
    endloop
  endfacet
  facet normal 0 0 -1
    outer loop
      vertex -55 45.7 -0.0199995
      vertex -62 51 -0.0199995
      vertex -49.5 47.5 -0.0199995
    endloop
  endfacet
  facet normal 0 0 -1
    outer loop
      vertex -55.6506 45.5706 -0.0199995
      vertex -62 51 -0.0199995
      vertex -55.4935 45.6268 -0.0199995
    endloop
  endfacet
  facet normal 0 0 -1
    outer loop
      vertex -55.8014 45.4993 -0.0199995
      vertex -62 51 -0.0199995
      vertex -55.6506 45.5706 -0.0199995
    endloop
  endfacet
  facet normal 0 0 -1
    outer loop
      vertex -55.9445 45.4135 -0.0199995
      vertex -62 51 -0.0199995
      vertex -55.8014 45.4993 -0.0199995
    endloop
  endfacet
  facet normal 0 0 -1
    outer loop
      vertex -56.0785 45.3141 -0.0199995
      vertex -62 51 -0.0199995
      vertex -55.9445 45.4135 -0.0199995
    endloop
  endfacet
  facet normal 0 0 -1
    outer loop
      vertex -56.2021 45.2021 -0.0199995
      vertex -62 51 -0.0199995
      vertex -56.0785 45.3141 -0.0199995
    endloop
  endfacet
  facet normal 0 0 -1
    outer loop
      vertex -56.3141 45.0785 -0.0199995
      vertex -62 51 -0.0199995
      vertex -56.2021 45.2021 -0.0199995
    endloop
  endfacet
  facet normal 0 0 -1
    outer loop
      vertex -56.4135 44.9445 -0.0199995
      vertex -62 51 -0.0199995
      vertex -56.3141 45.0785 -0.0199995
    endloop
  endfacet
  facet normal 0 0 -1
    outer loop
      vertex -56.4993 44.8014 -0.0199995
      vertex -62 51 -0.0199995
      vertex -56.4135 44.9445 -0.0199995
    endloop
  endfacet
  facet normal 0 0 -1
    outer loop
      vertex -56.5706 44.6506 -0.0199995
      vertex -62 51 -0.0199995
      vertex -56.4993 44.8014 -0.0199995
    endloop
  endfacet
  facet normal 0 0 -1
    outer loop
      vertex -56.6268 44.4935 -0.0199995
      vertex -62 51 -0.0199995
      vertex -56.5706 44.6506 -0.0199995
    endloop
  endfacet
  facet normal 0 0 -1
    outer loop
      vertex -56.6673 44.3317 -0.0199995
      vertex -62 51 -0.0199995
      vertex -56.6268 44.4935 -0.0199995
    endloop
  endfacet
  facet normal 0 0 -1
    outer loop
      vertex -62 51 -0.0199995
      vertex -58.5 38.5 -0.0199995
      vertex -62 -51 -0.0199995
    endloop
  endfacet
  facet normal 0 0 -1
    outer loop
      vertex 56.6918 -43.8334 -0.0199995
      vertex 58.5 -38.5 -0.0199995
      vertex 56.7 -44 -0.0199995
    endloop
  endfacet
  facet normal 0 0 -1
    outer loop
      vertex 56.6673 -43.6683 -0.0199995
      vertex 58.5 -38.5 -0.0199995
      vertex 56.6918 -43.8334 -0.0199995
    endloop
  endfacet
  facet normal 0 0 -1
    outer loop
      vertex 56.6268 -43.5065 -0.0199995
      vertex 58.5 -38.5 -0.0199995
      vertex 56.6673 -43.6683 -0.0199995
    endloop
  endfacet
  facet normal 0 0 -1
    outer loop
      vertex 56.5706 -43.3494 -0.0199995
      vertex 58.5 -38.5 -0.0199995
      vertex 56.6268 -43.5065 -0.0199995
    endloop
  endfacet
  facet normal 0 0 -1
    outer loop
      vertex 56.4993 -43.1986 -0.0199995
      vertex 58.5 -38.5 -0.0199995
      vertex 56.5706 -43.3494 -0.0199995
    endloop
  endfacet
  facet normal 0 0 -1
    outer loop
      vertex 56.3141 -42.9215 -0.0199995
      vertex 58.5 -38.5 -0.0199995
      vertex 56.4135 -43.0555 -0.0199995
    endloop
  endfacet
  facet normal 0 0 -1
    outer loop
      vertex 56.4135 -43.0555 -0.0199995
      vertex 58.5 -38.5 -0.0199995
      vertex 56.4993 -43.1986 -0.0199995
    endloop
  endfacet
  facet normal -1 0 0
    outer loop
      vertex -62 -51 -0.0199995
      vertex -62 51 2.98
      vertex -62 51 -0.0199995
    endloop
  endfacet
  facet normal -1 -0 0
    outer loop
      vertex -62 51 2.98
      vertex -62 -51 -0.0199995
      vertex -62 -51 2.98
    endloop
  endfacet
  facet normal -0 0 1
    outer loop
      vertex -54.0555 42.5865 2.98
      vertex -35.6555 30.3223 2.98
      vertex -53.9215 42.6859 2.98
    endloop
  endfacet
  facet normal 0 0 1
    outer loop
      vertex -35.0554 24.2288 2.98
      vertex -53.3082 -43.8334 2.98
      vertex -53.3 -44 2.98
    endloop
  endfacet
  facet normal 0 0 1
    outer loop
      vertex -35.6555 30.3223 2.98
      vertex -54.0555 42.5865 2.98
      vertex -35.8463 29.5607 2.98
    endloop
  endfacet
  facet normal 0 0 1
    outer loop
      vertex -35.0554 24.2288 2.98
      vertex -53.3327 -43.6683 2.98
      vertex -53.3082 -43.8334 2.98
    endloop
  endfacet
  facet normal -0 0 1
    outer loop
      vertex -54.1986 42.5007 2.98
      vertex -35.8463 29.5607 2.98
      vertex -54.0555 42.5865 2.98
    endloop
  endfacet
  facet normal 0 0 1
    outer loop
      vertex -35.0554 24.2288 2.98
      vertex -53.3732 -43.5065 2.98
      vertex -53.3327 -43.6683 2.98
    endloop
  endfacet
  facet normal 0 0 1
    outer loop
      vertex -35.8463 29.5607 2.98
      vertex -54.1986 42.5007 2.98
      vertex -35.9615 28.7841 2.98
    endloop
  endfacet
  facet normal 0 0 1
    outer loop
      vertex -35.0554 24.2288 2.98
      vertex -53.4294 -43.3494 2.98
      vertex -53.3732 -43.5065 2.98
    endloop
  endfacet
  facet normal -0 0 1
    outer loop
      vertex -54.3494 42.4294 2.98
      vertex -35.9615 28.7841 2.98
      vertex -54.1986 42.5007 2.98
    endloop
  endfacet
  facet normal 0 0 1
    outer loop
      vertex -35.0554 24.2288 2.98
      vertex -53.5007 -43.1986 2.98
      vertex -53.4294 -43.3494 2.98
    endloop
  endfacet
  facet normal -0 0 1
    outer loop
      vertex -54.5065 42.3732 2.98
      vertex -35.9615 28.7841 2.98
      vertex -54.3494 42.4294 2.98
    endloop
  endfacet
  facet normal 0 0 1
    outer loop
      vertex -35.0554 24.2288 2.98
      vertex -53.5865 -43.0555 2.98
      vertex -53.5007 -43.1986 2.98
    endloop
  endfacet
  facet normal 0 0 1
    outer loop
      vertex -35.9615 28.7841 2.98
      vertex -54.5065 42.3732 2.98
      vertex -36 28 2.98
    endloop
  endfacet
  facet normal 0 0 1
    outer loop
      vertex -35.0554 24.2288 2.98
      vertex -53.6859 -42.9215 2.98
      vertex -53.5865 -43.0555 2.98
    endloop
  endfacet
  facet normal -0 0 1
    outer loop
      vertex -54.6683 42.3327 2.98
      vertex -36 28 2.98
      vertex -54.5065 42.3732 2.98
    endloop
  endfacet
  facet normal 0 0 1
    outer loop
      vertex -35.0554 24.2288 2.98
      vertex -53.7979 -42.7979 2.98
      vertex -53.6859 -42.9215 2.98
    endloop
  endfacet
  facet normal 0 0 1
    outer loop
      vertex -36 28 2.98
      vertex -54.6683 42.3327 2.98
      vertex -35.9615 27.2159 2.98
    endloop
  endfacet
  facet normal 0 0 1
    outer loop
      vertex -35.0554 24.2288 2.98
      vertex -53.9215 -42.6859 2.98
      vertex -53.7979 -42.7979 2.98
    endloop
  endfacet
  facet normal -0 0 1
    outer loop
      vertex -54.8334 42.3082 2.98
      vertex -35.9615 27.2159 2.98
      vertex -54.6683 42.3327 2.98
    endloop
  endfacet
  facet normal 0 0 1
    outer loop
      vertex -35.0554 24.2288 2.98
      vertex -54.0555 -42.5865 2.98
      vertex -53.9215 -42.6859 2.98
    endloop
  endfacet
  facet normal 0 0 1
    outer loop
      vertex -35.9615 27.2159 2.98
      vertex -54.8334 42.3082 2.98
      vertex -35.8463 26.4393 2.98
    endloop
  endfacet
  facet normal 0 0 1
    outer loop
      vertex -35.0554 24.2288 2.98
      vertex -54.1986 -42.5007 2.98
      vertex -54.0555 -42.5865 2.98
    endloop
  endfacet
  facet normal -0 0 1
    outer loop
      vertex -55 42.3 2.98
      vertex -35.8463 26.4393 2.98
      vertex -54.8334 42.3082 2.98
    endloop
  endfacet
  facet normal 0 0 1
    outer loop
      vertex -35.0554 24.2288 2.98
      vertex -54.3494 -42.4294 2.98
      vertex -54.1986 -42.5007 2.98
    endloop
  endfacet
  facet normal 0 0 1
    outer loop
      vertex -55.1666 42.3082 2.98
      vertex -35.8463 26.4393 2.98
      vertex -55 42.3 2.98
    endloop
  endfacet
  facet normal 0 0 1
    outer loop
      vertex -35.0554 24.2288 2.98
      vertex -54.5065 -42.3732 2.98
      vertex -54.3494 -42.4294 2.98
    endloop
  endfacet
  facet normal 0 0 1
    outer loop
      vertex -35.8463 26.4393 2.98
      vertex -55.1666 42.3082 2.98
      vertex -35.6555 25.6777 2.98
    endloop
  endfacet
  facet normal 0 0 1
    outer loop
      vertex -35.0554 24.2288 2.98
      vertex -54.6683 -42.3327 2.98
      vertex -54.5065 -42.3732 2.98
    endloop
  endfacet
  facet normal 0 0 1
    outer loop
      vertex -55.3317 42.3327 2.98
      vertex -35.6555 25.6777 2.98
      vertex -55.1666 42.3082 2.98
    endloop
  endfacet
  facet normal 0 0 1
    outer loop
      vertex -35.0554 24.2288 2.98
      vertex -54.8334 -42.3082 2.98
      vertex -54.6683 -42.3327 2.98
    endloop
  endfacet
  facet normal 0 0 1
    outer loop
      vertex -35.6555 25.6777 2.98
      vertex -55.3317 42.3327 2.98
      vertex -35.391 24.9385 2.98
    endloop
  endfacet
  facet normal 0 0 1
    outer loop
      vertex -35.0554 24.2288 2.98
      vertex -55 -42.3 2.98
      vertex -54.8334 -42.3082 2.98
    endloop
  endfacet
  facet normal 0 0 1
    outer loop
      vertex -55.4935 42.3732 2.98
      vertex -35.391 24.9385 2.98
      vertex -55.3317 42.3327 2.98
    endloop
  endfacet
  facet normal 0 0 1
    outer loop
      vertex -35.0554 24.2288 2.98
      vertex -55.1666 -42.3082 2.98
      vertex -55 -42.3 2.98
    endloop
  endfacet
  facet normal 0 0 1
    outer loop
      vertex -35.391 24.9385 2.98
      vertex -55.4935 42.3732 2.98
      vertex -35.0554 24.2288 2.98
    endloop
  endfacet
  facet normal 0 0 1
    outer loop
      vertex -35.0554 24.2288 2.98
      vertex -55.3317 -42.3327 2.98
      vertex -55.1666 -42.3082 2.98
    endloop
  endfacet
  facet normal 0 0 1
    outer loop
      vertex -55.6506 42.4294 2.98
      vertex -35.0554 24.2288 2.98
      vertex -55.4935 42.3732 2.98
    endloop
  endfacet
  facet normal 0 0 1
    outer loop
      vertex -35.0554 24.2288 2.98
      vertex -55.4935 -42.3732 2.98
      vertex -55.3317 -42.3327 2.98
    endloop
  endfacet
  facet normal 0 0 1
    outer loop
      vertex -55.6506 -42.4294 2.98
      vertex -35.0554 24.2288 2.98
      vertex -55.6506 42.4294 2.98
    endloop
  endfacet
  facet normal 0 0 1
    outer loop
      vertex -35.0554 24.2288 2.98
      vertex -55.6506 -42.4294 2.98
      vertex -55.4935 -42.3732 2.98
    endloop
  endfacet
  facet normal 0 0 1
    outer loop
      vertex -55.8014 42.5007 2.98
      vertex -55.6506 -42.4294 2.98
      vertex -55.6506 42.4294 2.98
    endloop
  endfacet
  facet normal 0 0 1
    outer loop
      vertex -55.8014 42.5007 2.98
      vertex -55.8014 -42.5007 2.98
      vertex -55.6506 -42.4294 2.98
    endloop
  endfacet
  facet normal 0 0 1
    outer loop
      vertex -55.9445 42.5865 2.98
      vertex -55.8014 -42.5007 2.98
      vertex -55.8014 42.5007 2.98
    endloop
  endfacet
  facet normal 0 0 1
    outer loop
      vertex -55.9445 42.5865 2.98
      vertex -55.9445 -42.5865 2.98
      vertex -55.8014 -42.5007 2.98
    endloop
  endfacet
  facet normal 0 0 1
    outer loop
      vertex -56.0785 42.6859 2.98
      vertex -55.9445 -42.5865 2.98
      vertex -55.9445 42.5865 2.98
    endloop
  endfacet
  facet normal 0 0 1
    outer loop
      vertex -56.0785 42.6859 2.98
      vertex -56.0785 -42.6859 2.98
      vertex -55.9445 -42.5865 2.98
    endloop
  endfacet
  facet normal 0 0 1
    outer loop
      vertex -56.2021 42.7979 2.98
      vertex -56.0785 -42.6859 2.98
      vertex -56.0785 42.6859 2.98
    endloop
  endfacet
  facet normal 0 0 1
    outer loop
      vertex -56.2021 42.7979 2.98
      vertex -56.2021 -42.7979 2.98
      vertex -56.0785 -42.6859 2.98
    endloop
  endfacet
  facet normal 0 0 1
    outer loop
      vertex -56.3141 42.9215 2.98
      vertex -56.2021 -42.7979 2.98
      vertex -56.2021 42.7979 2.98
    endloop
  endfacet
  facet normal 0 0 1
    outer loop
      vertex -56.3141 42.9215 2.98
      vertex -56.3141 -42.9215 2.98
      vertex -56.2021 -42.7979 2.98
    endloop
  endfacet
  facet normal 0 0 1
    outer loop
      vertex -56.4135 43.0555 2.98
      vertex -56.3141 -42.9215 2.98
      vertex -56.3141 42.9215 2.98
    endloop
  endfacet
  facet normal 0 0 1
    outer loop
      vertex -56.4135 43.0555 2.98
      vertex -56.4135 -43.0555 2.98
      vertex -56.3141 -42.9215 2.98
    endloop
  endfacet
  facet normal 0 0 1
    outer loop
      vertex -62 51 2.98
      vertex -56.4135 43.0555 2.98
      vertex -56.4993 43.1986 2.98
    endloop
  endfacet
  facet normal 0 0 1
    outer loop
      vertex -56.4135 43.0555 2.98
      vertex -62 51 2.98
      vertex -56.4135 -43.0555 2.98
    endloop
  endfacet
  facet normal 0 0 1
    outer loop
      vertex -62 51 2.98
      vertex -56.4993 43.1986 2.98
      vertex -56.5706 43.3494 2.98
    endloop
  endfacet
  facet normal 0 0 1
    outer loop
      vertex -62 -51 2.98
      vertex -56.4135 -43.0555 2.98
      vertex -62 51 2.98
    endloop
  endfacet
  facet normal 0 0 1
    outer loop
      vertex -62 51 2.98
      vertex -56.5706 43.3494 2.98
      vertex -56.6268 43.5065 2.98
    endloop
  endfacet
  facet normal 0 0 1
    outer loop
      vertex -56.4135 -43.0555 2.98
      vertex -62 -51 2.98
      vertex -56.4993 -43.1986 2.98
    endloop
  endfacet
  facet normal 0 0 1
    outer loop
      vertex -62 51 2.98
      vertex -56.6268 43.5065 2.98
      vertex -56.6673 43.6683 2.98
    endloop
  endfacet
  facet normal 0 0 1
    outer loop
      vertex -56.4993 -43.1986 2.98
      vertex -62 -51 2.98
      vertex -56.5706 -43.3494 2.98
    endloop
  endfacet
  facet normal 0 0 1
    outer loop
      vertex -62 51 2.98
      vertex -56.6673 43.6683 2.98
      vertex -56.6918 43.8334 2.98
    endloop
  endfacet
  facet normal 0 0 1
    outer loop
      vertex -56.5706 -43.3494 2.98
      vertex -62 -51 2.98
      vertex -56.6268 -43.5065 2.98
    endloop
  endfacet
  facet normal 0 0 1
    outer loop
      vertex -62 51 2.98
      vertex -56.6918 43.8334 2.98
      vertex -56.7 44 2.98
    endloop
  endfacet
  facet normal 0 0 1
    outer loop
      vertex -56.6268 -43.5065 2.98
      vertex -62 -51 2.98
      vertex -56.6673 -43.6683 2.98
    endloop
  endfacet
  facet normal 0 0 1
    outer loop
      vertex 4.30578 0.11762 2.98
      vertex 3.60754 0.355311 2.98
      vertex 3.625 0 2.98
    endloop
  endfacet
  facet normal 0 0 1
    outer loop
      vertex 4.83331 0.997763 2.98
      vertex 3.55535 0.707202 2.98
      vertex 3.60754 0.355311 2.98
    endloop
  endfacet
  facet normal 0 0 1
    outer loop
      vertex 4.83331 0.997763 2.98
      vertex 3.46891 1.05228 2.98
      vertex 3.55535 0.707202 2.98
    endloop
  endfacet
  facet normal 0 0 1
    outer loop
      vertex 4.83331 0.997763 2.98
      vertex 3.34906 1.38723 2.98
      vertex 3.46891 1.05228 2.98
    endloop
  endfacet
  facet normal 0 0 1
    outer loop
      vertex 4.93432 1.0583 2.98
      vertex 3.34906 1.38723 2.98
      vertex 4.83331 0.997763 2.98
    endloop
  endfacet
  facet normal 0 0 1
    outer loop
      vertex 2.01394 3.01408 2.98
      vertex 3.77117 20.9446 2.98
      vertex 3.06147 20.609 2.98
    endloop
  endfacet
  facet normal -0 -0 1
    outer loop
      vertex 3.34906 1.38723 2.98
      vertex 4.93432 1.0583 2.98
      vertex 3.19696 1.70881 2.98
    endloop
  endfacet
  facet normal 0 0 1
    outer loop
      vertex 5.04078 1.10865 2.98
      vertex 3.19696 1.70881 2.98
      vertex 4.93432 1.0583 2.98
    endloop
  endfacet
  facet normal 0 0 1
    outer loop
      vertex 5.15166 1.14833 2.98
      vertex 3.19696 1.70881 2.98
      vertex 5.04078 1.10865 2.98
    endloop
  endfacet
  facet normal 0 0 1
    outer loop
      vertex 1.70881 3.19696 2.98
      vertex 3.06147 20.609 2.98
      vertex 2.32228 20.3445 2.98
    endloop
  endfacet
  facet normal 0 0 1
    outer loop
      vertex 3.77117 20.9446 2.98
      vertex 2.29967 2.80216 2.98
      vertex 2.56326 2.56326 2.98
    endloop
  endfacet
  facet normal 0 0 1
    outer loop
      vertex 3.77117 20.9446 2.98
      vertex 2.01394 3.01408 2.98
      vertex 2.29967 2.80216 2.98
    endloop
  endfacet
  facet normal 0 0 1
    outer loop
      vertex 3.06147 20.609 2.98
      vertex 1.70881 3.19696 2.98
      vertex 2.01394 3.01408 2.98
    endloop
  endfacet
  facet normal 0 0 1
    outer loop
      vertex 1.05228 3.46891 2.98
      vertex 2.32228 20.3445 2.98
      vertex 1.56072 20.1537 2.98
    endloop
  endfacet
  facet normal 0 0 1
    outer loop
      vertex 2.32228 20.3445 2.98
      vertex 1.38723 3.34906 2.98
      vertex 1.70881 3.19696 2.98
    endloop
  endfacet
  facet normal 0 0 1
    outer loop
      vertex 2.32228 20.3445 2.98
      vertex 1.05228 3.46891 2.98
      vertex 1.38723 3.34906 2.98
    endloop
  endfacet
  facet normal 0 0 1
    outer loop
      vertex 0.707202 3.55535 2.98
      vertex 1.56072 20.1537 2.98
      vertex 0.784137 20.0385 2.98
    endloop
  endfacet
  facet normal 0 0 1
    outer loop
      vertex 1.56072 20.1537 2.98
      vertex 0.707202 3.55535 2.98
      vertex 1.05228 3.46891 2.98
    endloop
  endfacet
  facet normal 0 0 1
    outer loop
      vertex 0.784137 20.0385 2.98
      vertex 0.355311 3.60754 2.98
      vertex 0.707202 3.55535 2.98
    endloop
  endfacet
  facet normal -0 0 1
    outer loop
      vertex 0 20 2.98
      vertex 0.355311 3.60754 2.98
      vertex 0.784137 20.0385 2.98
    endloop
  endfacet
  facet normal 0 0 1
    outer loop
      vertex 0 20 2.98
      vertex 0 3.625 2.98
      vertex 0.355311 3.60754 2.98
    endloop
  endfacet
  facet normal 0 0 1
    outer loop
      vertex 0 20 2.98
      vertex -0.355311 3.60754 2.98
      vertex 0 3.625 2.98
    endloop
  endfacet
  facet normal 0 0 1
    outer loop
      vertex -0.784137 20.0385 2.98
      vertex -0.355311 3.60754 2.98
      vertex 0 20 2.98
    endloop
  endfacet
  facet normal 0 0 1
    outer loop
      vertex -0.355311 3.60754 2.98
      vertex -0.784137 20.0385 2.98
      vertex -0.707202 3.55535 2.98
    endloop
  endfacet
  facet normal 0 0 1
    outer loop
      vertex -1.56072 20.1537 2.98
      vertex -0.707202 3.55535 2.98
      vertex -0.784137 20.0385 2.98
    endloop
  endfacet
  facet normal 0 0 1
    outer loop
      vertex -0.707202 3.55535 2.98
      vertex -1.56072 20.1537 2.98
      vertex -1.05228 3.46891 2.98
    endloop
  endfacet
  facet normal 0 0 1
    outer loop
      vertex -2.32228 20.3445 2.98
      vertex -1.05228 3.46891 2.98
      vertex -1.56072 20.1537 2.98
    endloop
  endfacet
  facet normal 0 0 1
    outer loop
      vertex -1.05228 3.46891 2.98
      vertex -2.32228 20.3445 2.98
      vertex -1.38723 3.34906 2.98
    endloop
  endfacet
  facet normal 0 0 1
    outer loop
      vertex -1.38723 3.34906 2.98
      vertex -2.32228 20.3445 2.98
      vertex -1.70881 3.19696 2.98
    endloop
  endfacet
  facet normal 0 0 1
    outer loop
      vertex -3.06147 20.609 2.98
      vertex -1.70881 3.19696 2.98
      vertex -2.32228 20.3445 2.98
    endloop
  endfacet
  facet normal 0 0 1
    outer loop
      vertex -1.70881 3.19696 2.98
      vertex -3.06147 20.609 2.98
      vertex -2.01394 3.01408 2.98
    endloop
  endfacet
  facet normal 0 0 1
    outer loop
      vertex -3.77117 20.9446 2.98
      vertex -2.01394 3.01408 2.98
      vertex -3.06147 20.609 2.98
    endloop
  endfacet
  facet normal 0 0 1
    outer loop
      vertex -2.01394 3.01408 2.98
      vertex -3.77117 20.9446 2.98
      vertex -2.29967 2.80216 2.98
    endloop
  endfacet
  facet normal 0 0 1
    outer loop
      vertex -4.44456 21.3482 2.98
      vertex -2.29967 2.80216 2.98
      vertex -3.77117 20.9446 2.98
    endloop
  endfacet
  facet normal 0 0 1
    outer loop
      vertex -2.29967 2.80216 2.98
      vertex -4.44456 21.3482 2.98
      vertex -2.56326 2.56326 2.98
    endloop
  endfacet
  facet normal 0 0 1
    outer loop
      vertex -2.56326 2.56326 2.98
      vertex -4.44456 21.3482 2.98
      vertex -2.80216 2.29967 2.98
    endloop
  endfacet
  facet normal 0 0 1
    outer loop
      vertex -5.07515 21.8159 2.98
      vertex -2.80216 2.29967 2.98
      vertex -4.44456 21.3482 2.98
    endloop
  endfacet
  facet normal -0 0 1
    outer loop
      vertex -22.9249 21.8159 2.98
      vertex -2.80216 2.29967 2.98
      vertex -5.07515 21.8159 2.98
    endloop
  endfacet
  facet normal 0 0 1
    outer loop
      vertex -2.80216 2.29967 2.98
      vertex -22.9249 21.8159 2.98
      vertex -3.01408 2.01394 2.98
    endloop
  endfacet
  facet normal -0 0 1
    outer loop
      vertex -23.5554 21.3482 2.98
      vertex -3.01408 2.01394 2.98
      vertex -22.9249 21.8159 2.98
    endloop
  endfacet
  facet normal 0 0 1
    outer loop
      vertex -3.01408 2.01394 2.98
      vertex -23.5554 21.3482 2.98
      vertex -3.19696 1.70881 2.98
    endloop
  endfacet
  facet normal -0 0 1
    outer loop
      vertex -24.2288 20.9446 2.98
      vertex -3.19696 1.70881 2.98
      vertex -23.5554 21.3482 2.98
    endloop
  endfacet
  facet normal 0 0 1
    outer loop
      vertex 27.2159 20.0385 2.98
      vertex 6.69422 0.11762 2.98
      vertex 6.7 0 2.98
    endloop
  endfacet
  facet normal 0 0 1
    outer loop
      vertex 22.3431 22.3431 2.98
      vertex 6.67694 0.234108 2.98
      vertex 6.69422 0.11762 2.98
    endloop
  endfacet
  facet normal 0 0 1
    outer loop
      vertex 21.8159 22.9249 2.98
      vertex 6.18408 22.9249 2.98
      vertex 22.3431 22.3431 2.98
    endloop
  endfacet
  facet normal 0 0 1
    outer loop
      vertex 22.3431 22.3431 2.98
      vertex 6.64833 0.348341 2.98
      vertex 6.67694 0.234108 2.98
    endloop
  endfacet
  facet normal 0 0 1
    outer loop
      vertex 22.3431 22.3431 2.98
      vertex 6.60865 0.45922 2.98
      vertex 6.64833 0.348341 2.98
    endloop
  endfacet
  facet normal 0 0 1
    outer loop
      vertex 22.3431 22.3431 2.98
      vertex 6.5583 0.565676 2.98
      vertex 6.60865 0.45922 2.98
    endloop
  endfacet
  facet normal 0 0 1
    outer loop
      vertex 22.3431 22.3431 2.98
      vertex 6.49776 0.666684 2.98
      vertex 6.5583 0.565676 2.98
    endloop
  endfacet
  facet normal 0 0 1
    outer loop
      vertex 22.3431 22.3431 2.98
      vertex 6.42761 0.761271 2.98
      vertex 6.49776 0.666684 2.98
    endloop
  endfacet
  facet normal 0 0 1
    outer loop
      vertex 5.65685 22.3431 2.98
      vertex 22.3431 22.3431 2.98
      vertex 6.18408 22.9249 2.98
    endloop
  endfacet
  facet normal 0 0 1
    outer loop
      vertex 22.3431 22.3431 2.98
      vertex 6.34853 0.848528 2.98
      vertex 6.42761 0.761271 2.98
    endloop
  endfacet
  facet normal 0 0 1
    outer loop
      vertex 5.07515 21.8159 2.98
      vertex 22.3431 22.3431 2.98
      vertex 5.65685 22.3431 2.98
    endloop
  endfacet
  facet normal 0 0 1
    outer loop
      vertex 22.3431 22.3431 2.98
      vertex 6.26127 0.927612 2.98
      vertex 6.34853 0.848528 2.98
    endloop
  endfacet
  facet normal 0 -0 1
    outer loop
      vertex 6.16668 0.997763 2.98
      vertex 22.3431 22.3431 2.98
      vertex 5.07515 21.8159 2.98
    endloop
  endfacet
  facet normal 0 0 1
    outer loop
      vertex 22.3431 22.3431 2.98
      vertex 6.16668 0.997763 2.98
      vertex 6.26127 0.927612 2.98
    endloop
  endfacet
  facet normal 0 0 1
    outer loop
      vertex 6.16668 0.997763 2.98
      vertex 5.07515 21.8159 2.98
      vertex 6.06568 1.0583 2.98
    endloop
  endfacet
  facet normal -0 0 1
    outer loop
      vertex 4.44456 21.3482 2.98
      vertex 6.06568 1.0583 2.98
      vertex 5.07515 21.8159 2.98
    endloop
  endfacet
  facet normal 0 0 1
    outer loop
      vertex 6.06568 1.0583 2.98
      vertex 4.44456 21.3482 2.98
      vertex 5.95922 1.10865 2.98
    endloop
  endfacet
  facet normal -0 0 1
    outer loop
      vertex 3.77117 20.9446 2.98
      vertex 5.95922 1.10865 2.98
      vertex 4.44456 21.3482 2.98
    endloop
  endfacet
  facet normal 0 0 1
    outer loop
      vertex 5.95922 1.10865 2.98
      vertex 3.77117 20.9446 2.98
      vertex 5.84834 1.14833 2.98
    endloop
  endfacet
  facet normal 0 0 1
    outer loop
      vertex 5.84834 1.14833 2.98
      vertex 3.77117 20.9446 2.98
      vertex 5.73411 1.17694 2.98
    endloop
  endfacet
  facet normal -0 0 1
    outer loop
      vertex 2.56326 2.56326 2.98
      vertex 5.73411 1.17694 2.98
      vertex 3.77117 20.9446 2.98
    endloop
  endfacet
  facet normal 0 0 1
    outer loop
      vertex 5.73411 1.17694 2.98
      vertex 2.56326 2.56326 2.98
      vertex 5.61762 1.19422 2.98
    endloop
  endfacet
  facet normal 0 0 1
    outer loop
      vertex 5.61762 1.19422 2.98
      vertex 2.56326 2.56326 2.98
      vertex 5.5 1.2 2.98
    endloop
  endfacet
  facet normal -0 -0 1
    outer loop
      vertex 2.80216 2.29967 2.98
      vertex 5.5 1.2 2.98
      vertex 2.56326 2.56326 2.98
    endloop
  endfacet
  facet normal 0 0 1
    outer loop
      vertex 5.5 1.2 2.98
      vertex 2.80216 2.29967 2.98
      vertex 5.38238 1.19422 2.98
    endloop
  endfacet
  facet normal 0 0 1
    outer loop
      vertex 5.38238 1.19422 2.98
      vertex 2.80216 2.29967 2.98
      vertex 5.26589 1.17694 2.98
    endloop
  endfacet
  facet normal -0 -0 1
    outer loop
      vertex 3.01408 2.01394 2.98
      vertex 5.26589 1.17694 2.98
      vertex 2.80216 2.29967 2.98
    endloop
  endfacet
  facet normal 0 0 1
    outer loop
      vertex 5.26589 1.17694 2.98
      vertex 3.01408 2.01394 2.98
      vertex 5.15166 1.14833 2.98
    endloop
  endfacet
  facet normal -0 -0 1
    outer loop
      vertex 3.19696 1.70881 2.98
      vertex 5.15166 1.14833 2.98
      vertex 3.01408 2.01394 2.98
    endloop
  endfacet
  facet normal 0 0 1
    outer loop
      vertex 4.83331 0.997763 2.98
      vertex 3.60754 0.355311 2.98
      vertex 4.73873 0.927612 2.98
    endloop
  endfacet
  facet normal 0 0 1
    outer loop
      vertex 4.73873 0.927612 2.98
      vertex 3.60754 0.355311 2.98
      vertex 4.65147 0.848528 2.98
    endloop
  endfacet
  facet normal 0 0 1
    outer loop
      vertex 3.60754 0.355311 2.98
      vertex 4.57239 0.761271 2.98
      vertex 4.65147 0.848528 2.98
    endloop
  endfacet
  facet normal 0 0 1
    outer loop
      vertex 3.60754 0.355311 2.98
      vertex 4.50224 0.666684 2.98
      vertex 4.57239 0.761271 2.98
    endloop
  endfacet
  facet normal 0 0 1
    outer loop
      vertex 3.60754 0.355311 2.98
      vertex 4.44169 0.565676 2.98
      vertex 4.50224 0.666684 2.98
    endloop
  endfacet
  facet normal 0 0 1
    outer loop
      vertex 3.60754 0.355311 2.98
      vertex 4.39134 0.45922 2.98
      vertex 4.44169 0.565676 2.98
    endloop
  endfacet
  facet normal -0 0 1
    outer loop
      vertex 3.60754 0.355311 2.98
      vertex 4.35167 0.348341 2.98
      vertex 4.39134 0.45922 2.98
    endloop
  endfacet
  facet normal 0 0 1
    outer loop
      vertex 3.60754 0.355311 2.98
      vertex 4.32306 0.234108 2.98
      vertex 4.35167 0.348341 2.98
    endloop
  endfacet
  facet normal 0 0 1
    outer loop
      vertex 3.60754 0.355311 2.98
      vertex 4.30578 0.11762 2.98
      vertex 4.32306 0.234108 2.98
    endloop
  endfacet
  facet normal 0 0 1
    outer loop
      vertex 6.69422 -0.11762 2.98
      vertex 28.7841 20.0385 2.98
      vertex 28 20 2.98
    endloop
  endfacet
  facet normal 0 0 1
    outer loop
      vertex 6.7 0 2.98
      vertex 28 20 2.98
      vertex 27.2159 20.0385 2.98
    endloop
  endfacet
  facet normal 0 0 1
    outer loop
      vertex 6.69422 0.11762 2.98
      vertex 27.2159 20.0385 2.98
      vertex 26.4393 20.1537 2.98
    endloop
  endfacet
  facet normal 0 0 1
    outer loop
      vertex 6.69422 0.11762 2.98
      vertex 26.4393 20.1537 2.98
      vertex 25.6777 20.3445 2.98
    endloop
  endfacet
  facet normal 0 0 1
    outer loop
      vertex 6.69422 0.11762 2.98
      vertex 25.6777 20.3445 2.98
      vertex 24.9385 20.609 2.98
    endloop
  endfacet
  facet normal 0 0 1
    outer loop
      vertex 6.69422 0.11762 2.98
      vertex 24.9385 20.609 2.98
      vertex 24.2288 20.9446 2.98
    endloop
  endfacet
  facet normal 0 0 1
    outer loop
      vertex 6.69422 0.11762 2.98
      vertex 24.2288 20.9446 2.98
      vertex 23.5554 21.3482 2.98
    endloop
  endfacet
  facet normal 0 0 1
    outer loop
      vertex 6.69422 0.11762 2.98
      vertex 23.5554 21.3482 2.98
      vertex 22.9249 21.8159 2.98
    endloop
  endfacet
  facet normal 0 0 1
    outer loop
      vertex 6.69422 0.11762 2.98
      vertex 22.9249 21.8159 2.98
      vertex 22.3431 22.3431 2.98
    endloop
  endfacet
  facet normal 0 0 1
    outer loop
      vertex 21.3482 23.5554 2.98
      vertex 6.65176 23.5554 2.98
      vertex 21.8159 22.9249 2.98
    endloop
  endfacet
  facet normal 0 0 1
    outer loop
      vertex 6.65176 23.5554 2.98
      vertex 21.3482 23.5554 2.98
      vertex 7.05537 24.2288 2.98
    endloop
  endfacet
  facet normal -0 0 1
    outer loop
      vertex 7.05537 24.2288 2.98
      vertex 21.3482 23.5554 2.98
      vertex 20.9446 24.2288 2.98
    endloop
  endfacet
  facet normal 0 0 1
    outer loop
      vertex 7.05537 24.2288 2.98
      vertex 20.9446 24.2288 2.98
      vertex 20.609 24.9385 2.98
    endloop
  endfacet
  facet normal 0 0 1
    outer loop
      vertex 7.39104 24.9385 2.98
      vertex 20.609 24.9385 2.98
      vertex 20.3445 25.6777 2.98
    endloop
  endfacet
  facet normal 0 0 1
    outer loop
      vertex 7.65552 25.6777 2.98
      vertex 20.3445 25.6777 2.98
      vertex 20.1537 26.4393 2.98
    endloop
  endfacet
  facet normal 0 0 1
    outer loop
      vertex 7.84628 26.4393 2.98
      vertex 20.1537 26.4393 2.98
      vertex 20.0385 27.2159 2.98
    endloop
  endfacet
  facet normal -0 0 1
    outer loop
      vertex 8 28 2.98
      vertex 20.0385 27.2159 2.98
      vertex 20 28 2.98
    endloop
  endfacet
  facet normal 0 0 1
    outer loop
      vertex 7.96148 27.2159 2.98
      vertex 20.0385 27.2159 2.98
      vertex 8 28 2.98
    endloop
  endfacet
  facet normal 0 0 1
    outer loop
      vertex 7.84628 26.4393 2.98
      vertex 20.0385 27.2159 2.98
      vertex 7.96148 27.2159 2.98
    endloop
  endfacet
  facet normal 0 0 1
    outer loop
      vertex 20.1537 26.4393 2.98
      vertex 7.84628 26.4393 2.98
      vertex 7.65552 25.6777 2.98
    endloop
  endfacet
  facet normal 0 0 1
    outer loop
      vertex 20.3445 25.6777 2.98
      vertex 7.65552 25.6777 2.98
      vertex 7.39104 24.9385 2.98
    endloop
  endfacet
  facet normal 0 0 1
    outer loop
      vertex 20.609 24.9385 2.98
      vertex 7.39104 24.9385 2.98
      vertex 7.05537 24.2288 2.98
    endloop
  endfacet
  facet normal 0 0 1
    outer loop
      vertex 6.18408 22.9249 2.98
      vertex 21.8159 22.9249 2.98
      vertex 6.65176 23.5554 2.98
    endloop
  endfacet
  facet normal 0 0 1
    outer loop
      vertex 28 20 2.98
      vertex 6.7 0 2.98
      vertex 6.69422 -0.11762 2.98
    endloop
  endfacet
  facet normal 0 0 1
    outer loop
      vertex 28.7841 20.0385 2.98
      vertex 6.69422 -0.11762 2.98
      vertex 6.67694 -0.234108 2.98
    endloop
  endfacet
  facet normal 0 0 1
    outer loop
      vertex 28.7841 20.0385 2.98
      vertex 6.67694 -0.234108 2.98
      vertex 6.64833 -0.348341 2.98
    endloop
  endfacet
  facet normal 0 0 1
    outer loop
      vertex 28.7841 20.0385 2.98
      vertex 6.64833 -0.348341 2.98
      vertex 28.5 -41.02 2.98
    endloop
  endfacet
  facet normal -0 0 1
    outer loop
      vertex 6.60865 -0.45922 2.98
      vertex 28.5 -41.02 2.98
      vertex 6.64833 -0.348341 2.98
    endloop
  endfacet
  facet normal -0 0 1
    outer loop
      vertex 6.5583 -0.565676 2.98
      vertex 28.5 -41.02 2.98
      vertex 6.60865 -0.45922 2.98
    endloop
  endfacet
  facet normal -0 0 1
    outer loop
      vertex 6.49776 -0.666684 2.98
      vertex 28.5 -41.02 2.98
      vertex 6.5583 -0.565676 2.98
    endloop
  endfacet
  facet normal -0 0 1
    outer loop
      vertex 6.42761 -0.761271 2.98
      vertex 28.5 -41.02 2.98
      vertex 6.49776 -0.666684 2.98
    endloop
  endfacet
  facet normal -0 0 1
    outer loop
      vertex 6.34853 -0.848528 2.98
      vertex 28.5 -41.02 2.98
      vertex 6.42761 -0.761271 2.98
    endloop
  endfacet
  facet normal -0 0 1
    outer loop
      vertex 6.26127 -0.927612 2.98
      vertex 28.5 -41.02 2.98
      vertex 6.34853 -0.848528 2.98
    endloop
  endfacet
  facet normal -0 0 1
    outer loop
      vertex 6.16668 -0.997763 2.98
      vertex 28.5 -41.02 2.98
      vertex 6.26127 -0.927612 2.98
    endloop
  endfacet
  facet normal -0 0 1
    outer loop
      vertex 6.06568 -1.0583 2.98
      vertex 28.5 -41.02 2.98
      vertex 6.16668 -0.997763 2.98
    endloop
  endfacet
  facet normal -0 0 1
    outer loop
      vertex 5.95922 -1.10865 2.98
      vertex 28.5 -41.02 2.98
      vertex 6.06568 -1.0583 2.98
    endloop
  endfacet
  facet normal 0 0 1
    outer loop
      vertex 2.01394 -3.01408 2.98
      vertex 5.95922 -1.10865 2.98
      vertex 5.84834 -1.14833 2.98
    endloop
  endfacet
  facet normal 0 0 1
    outer loop
      vertex 2.29967 -2.80216 2.98
      vertex 5.84834 -1.14833 2.98
      vertex 5.73411 -1.17694 2.98
    endloop
  endfacet
  facet normal 0 0 1
    outer loop
      vertex 2.29967 -2.80216 2.98
      vertex 5.73411 -1.17694 2.98
      vertex 5.61762 -1.19422 2.98
    endloop
  endfacet
  facet normal 0 0 1
    outer loop
      vertex 2.56326 -2.56326 2.98
      vertex 5.61762 -1.19422 2.98
      vertex 5.5 -1.2 2.98
    endloop
  endfacet
  facet normal 0 0 1
    outer loop
      vertex 2.80216 -2.29967 2.98
      vertex 5.5 -1.2 2.98
      vertex 5.38238 -1.19422 2.98
    endloop
  endfacet
  facet normal 0 0 1
    outer loop
      vertex 2.80216 -2.29967 2.98
      vertex 5.38238 -1.19422 2.98
      vertex 5.26589 -1.17694 2.98
    endloop
  endfacet
  facet normal 0 0 1
    outer loop
      vertex 3.01408 -2.01394 2.98
      vertex 5.26589 -1.17694 2.98
      vertex 5.15166 -1.14833 2.98
    endloop
  endfacet
  facet normal 0 0 1
    outer loop
      vertex 3.19696 -1.70881 2.98
      vertex 5.15166 -1.14833 2.98
      vertex 5.04078 -1.10865 2.98
    endloop
  endfacet
  facet normal 0 0 1
    outer loop
      vertex 3.19696 -1.70881 2.98
      vertex 5.04078 -1.10865 2.98
      vertex 4.93432 -1.0583 2.98
    endloop
  endfacet
  facet normal 0 0 1
    outer loop
      vertex 3.34906 -1.38723 2.98
      vertex 4.93432 -1.0583 2.98
      vertex 4.83331 -0.997763 2.98
    endloop
  endfacet
  facet normal 0 0 1
    outer loop
      vertex 3.34906 -1.38723 2.98
      vertex 4.83331 -0.997763 2.98
      vertex 4.73873 -0.927612 2.98
    endloop
  endfacet
  facet normal 0 0 1
    outer loop
      vertex 3.34906 -1.38723 2.98
      vertex 4.73873 -0.927612 2.98
      vertex 4.65147 -0.848528 2.98
    endloop
  endfacet
  facet normal 0 0 1
    outer loop
      vertex 3.46891 -1.05228 2.98
      vertex 4.65147 -0.848528 2.98
      vertex 4.57239 -0.761271 2.98
    endloop
  endfacet
  facet normal 0 0 1
    outer loop
      vertex 3.46891 -1.05228 2.98
      vertex 4.57239 -0.761271 2.98
      vertex 4.50224 -0.666684 2.98
    endloop
  endfacet
  facet normal 0 0 1
    outer loop
      vertex 3.55535 -0.707202 2.98
      vertex 4.50224 -0.666684 2.98
      vertex 4.44169 -0.565676 2.98
    endloop
  endfacet
  facet normal 0 0 1
    outer loop
      vertex 4.30578 0.11762 2.98
      vertex 3.625 0 2.98
      vertex 4.3 0 2.98
    endloop
  endfacet
  facet normal -0 0 1
    outer loop
      vertex 3.625 0 2.98
      vertex 4.30578 -0.11762 2.98
      vertex 4.3 0 2.98
    endloop
  endfacet
  facet normal 0 0 1
    outer loop
      vertex 3.60754 -0.355311 2.98
      vertex 4.30578 -0.11762 2.98
      vertex 3.625 0 2.98
    endloop
  endfacet
  facet normal 0 0 1
    outer loop
      vertex 4.30578 -0.11762 2.98
      vertex 3.60754 -0.355311 2.98
      vertex 4.32306 -0.234108 2.98
    endloop
  endfacet
  facet normal 0 0 1
    outer loop
      vertex 4.32306 -0.234108 2.98
      vertex 3.60754 -0.355311 2.98
      vertex 4.35167 -0.348341 2.98
    endloop
  endfacet
  facet normal 0 0 1
    outer loop
      vertex 4.35167 -0.348341 2.98
      vertex 3.60754 -0.355311 2.98
      vertex 4.39134 -0.45922 2.98
    endloop
  endfacet
  facet normal 0 0 1
    outer loop
      vertex 3.55535 -0.707202 2.98
      vertex 4.39134 -0.45922 2.98
      vertex 3.60754 -0.355311 2.98
    endloop
  endfacet
  facet normal 0 0 1
    outer loop
      vertex 4.39134 -0.45922 2.98
      vertex 3.55535 -0.707202 2.98
      vertex 4.44169 -0.565676 2.98
    endloop
  endfacet
  facet normal 0 0 1
    outer loop
      vertex 4.50224 -0.666684 2.98
      vertex 3.55535 -0.707202 2.98
      vertex 3.46891 -1.05228 2.98
    endloop
  endfacet
  facet normal 0 0 1
    outer loop
      vertex 4.65147 -0.848528 2.98
      vertex 3.46891 -1.05228 2.98
      vertex 3.34906 -1.38723 2.98
    endloop
  endfacet
  facet normal 0 0 1
    outer loop
      vertex 4.93432 -1.0583 2.98
      vertex 3.34906 -1.38723 2.98
      vertex 3.19696 -1.70881 2.98
    endloop
  endfacet
  facet normal 0 0 1
    outer loop
      vertex 5.15166 -1.14833 2.98
      vertex 3.19696 -1.70881 2.98
      vertex 3.01408 -2.01394 2.98
    endloop
  endfacet
  facet normal 0 0 1
    outer loop
      vertex 5.26589 -1.17694 2.98
      vertex 3.01408 -2.01394 2.98
      vertex 2.80216 -2.29967 2.98
    endloop
  endfacet
  facet normal 0 0 1
    outer loop
      vertex 5.5 -1.2 2.98
      vertex 2.80216 -2.29967 2.98
      vertex 2.56326 -2.56326 2.98
    endloop
  endfacet
  facet normal 0 0 1
    outer loop
      vertex 5.61762 -1.19422 2.98
      vertex 2.56326 -2.56326 2.98
      vertex 2.29967 -2.80216 2.98
    endloop
  endfacet
  facet normal 0 0 1
    outer loop
      vertex 5.84834 -1.14833 2.98
      vertex 2.29967 -2.80216 2.98
      vertex 2.01394 -3.01408 2.98
    endloop
  endfacet
  facet normal 0 0 1
    outer loop
      vertex 5.95922 -1.10865 2.98
      vertex 2.01394 -3.01408 2.98
      vertex 28.5 -41.02 2.98
    endloop
  endfacet
  facet normal -0 0 1
    outer loop
      vertex 1.70881 -3.19696 2.98
      vertex 28.5 -41.02 2.98
      vertex 2.01394 -3.01408 2.98
    endloop
  endfacet
  facet normal -0 0 1
    outer loop
      vertex 1.38723 -3.34906 2.98
      vertex 28.5 -41.02 2.98
      vertex 1.70881 -3.19696 2.98
    endloop
  endfacet
  facet normal -0 0 1
    outer loop
      vertex 1.05228 -3.46891 2.98
      vertex 28.5 -41.02 2.98
      vertex 1.38723 -3.34906 2.98
    endloop
  endfacet
  facet normal -0 0 1
    outer loop
      vertex 0.707202 -3.55535 2.98
      vertex 28.5 -41.02 2.98
      vertex 1.05228 -3.46891 2.98
    endloop
  endfacet
  facet normal -0 0 1
    outer loop
      vertex 0.355311 -3.60754 2.98
      vertex 28.5 -41.02 2.98
      vertex 0.707202 -3.55535 2.98
    endloop
  endfacet
  facet normal -0 0 1
    outer loop
      vertex 0 -3.625 2.98
      vertex 28.5 -41.02 2.98
      vertex 0.355311 -3.60754 2.98
    endloop
  endfacet
  facet normal 0 0 1
    outer loop
      vertex -28.5 -41.02 2.98
      vertex 0 -3.625 2.98
      vertex -0.355311 -3.60754 2.98
    endloop
  endfacet
  facet normal 0 0 1
    outer loop
      vertex -28.5 -41.02 2.98
      vertex -0.355311 -3.60754 2.98
      vertex -0.707202 -3.55535 2.98
    endloop
  endfacet
  facet normal 0 0 1
    outer loop
      vertex -28.5 -41.02 2.98
      vertex -0.707202 -3.55535 2.98
      vertex -1.05228 -3.46891 2.98
    endloop
  endfacet
  facet normal 0 0 1
    outer loop
      vertex -28.5 -41.02 2.98
      vertex -1.05228 -3.46891 2.98
      vertex -1.38723 -3.34906 2.98
    endloop
  endfacet
  facet normal 0 0 1
    outer loop
      vertex -28.5 -41.02 2.98
      vertex -1.38723 -3.34906 2.98
      vertex -1.70881 -3.19696 2.98
    endloop
  endfacet
  facet normal 0 0 1
    outer loop
      vertex -28.5 -41.02 2.98
      vertex -1.70881 -3.19696 2.98
      vertex -2.01394 -3.01408 2.98
    endloop
  endfacet
  facet normal 0 0 1
    outer loop
      vertex -28.5 -41.02 2.98
      vertex -2.01394 -3.01408 2.98
      vertex -2.29967 -2.80216 2.98
    endloop
  endfacet
  facet normal 0 0 1
    outer loop
      vertex -28.5 -41.02 2.98
      vertex -2.29967 -2.80216 2.98
      vertex -2.56326 -2.56326 2.98
    endloop
  endfacet
  facet normal 0 0 1
    outer loop
      vertex -28.5 -41.02 2.98
      vertex -2.56326 -2.56326 2.98
      vertex -2.80216 -2.29967 2.98
    endloop
  endfacet
  facet normal 0 0 1
    outer loop
      vertex -3.19696 1.70881 2.98
      vertex -24.2288 20.9446 2.98
      vertex -3.34906 1.38723 2.98
    endloop
  endfacet
  facet normal -0 0 1
    outer loop
      vertex -24.9385 20.609 2.98
      vertex -3.34906 1.38723 2.98
      vertex -24.2288 20.9446 2.98
    endloop
  endfacet
  facet normal 0 0 1
    outer loop
      vertex -3.34906 1.38723 2.98
      vertex -24.9385 20.609 2.98
      vertex -3.46891 1.05228 2.98
    endloop
  endfacet
  facet normal 0 0 1
    outer loop
      vertex -22.9249 21.8159 2.98
      vertex -5.07515 21.8159 2.98
      vertex -5.65685 22.3431 2.98
    endloop
  endfacet
  facet normal 0 0 1
    outer loop
      vertex -22.3431 22.3431 2.98
      vertex -5.65685 22.3431 2.98
      vertex -6.18408 22.9249 2.98
    endloop
  endfacet
  facet normal 0 0 1
    outer loop
      vertex -21.8159 22.9249 2.98
      vertex -6.18408 22.9249 2.98
      vertex -6.65176 23.5554 2.98
    endloop
  endfacet
  facet normal 0 0 1
    outer loop
      vertex -21.3482 23.5554 2.98
      vertex -6.65176 23.5554 2.98
      vertex -7.05537 24.2288 2.98
    endloop
  endfacet
  facet normal 0 0 1
    outer loop
      vertex -20.9446 24.2288 2.98
      vertex -7.05537 24.2288 2.98
      vertex -7.39104 24.9385 2.98
    endloop
  endfacet
  facet normal 0 0 1
    outer loop
      vertex -5.65685 22.3431 2.98
      vertex -22.3431 22.3431 2.98
      vertex -22.9249 21.8159 2.98
    endloop
  endfacet
  facet normal 0 0 1
    outer loop
      vertex -20.609 24.9385 2.98
      vertex -7.39104 24.9385 2.98
      vertex -7.65552 25.6777 2.98
    endloop
  endfacet
  facet normal 0 0 1
    outer loop
      vertex -20.3445 25.6777 2.98
      vertex -7.65552 25.6777 2.98
      vertex -7.84628 26.4393 2.98
    endloop
  endfacet
  facet normal -0 0 1
    outer loop
      vertex -20 28 2.98
      vertex -7.96148 27.2159 2.98
      vertex -8 28 2.98
    endloop
  endfacet
  facet normal 0 0 1
    outer loop
      vertex -20.0385 27.2159 2.98
      vertex -7.96148 27.2159 2.98
      vertex -20 28 2.98
    endloop
  endfacet
  facet normal 0 0 1
    outer loop
      vertex -7.96148 27.2159 2.98
      vertex -20.0385 27.2159 2.98
      vertex -7.84628 26.4393 2.98
    endloop
  endfacet
  facet normal 0 0 1
    outer loop
      vertex -20.1537 26.4393 2.98
      vertex -7.84628 26.4393 2.98
      vertex -20.0385 27.2159 2.98
    endloop
  endfacet
  facet normal 0 0 1
    outer loop
      vertex -20.3445 25.6777 2.98
      vertex -7.84628 26.4393 2.98
      vertex -20.1537 26.4393 2.98
    endloop
  endfacet
  facet normal 0 0 1
    outer loop
      vertex -7.65552 25.6777 2.98
      vertex -20.3445 25.6777 2.98
      vertex -20.609 24.9385 2.98
    endloop
  endfacet
  facet normal 0 0 1
    outer loop
      vertex -7.39104 24.9385 2.98
      vertex -20.609 24.9385 2.98
      vertex -20.9446 24.2288 2.98
    endloop
  endfacet
  facet normal 0 0 1
    outer loop
      vertex -7.05537 24.2288 2.98
      vertex -20.9446 24.2288 2.98
      vertex -21.3482 23.5554 2.98
    endloop
  endfacet
  facet normal 0 0 1
    outer loop
      vertex -6.65176 23.5554 2.98
      vertex -21.3482 23.5554 2.98
      vertex -21.8159 22.9249 2.98
    endloop
  endfacet
  facet normal 0 0 1
    outer loop
      vertex -6.18408 22.9249 2.98
      vertex -21.8159 22.9249 2.98
      vertex -22.3431 22.3431 2.98
    endloop
  endfacet
  facet normal 0 0 1
    outer loop
      vertex -3.46891 1.05228 2.98
      vertex -24.9385 20.609 2.98
      vertex -3.55535 0.707202 2.98
    endloop
  endfacet
  facet normal -0 0 1
    outer loop
      vertex -25.6777 20.3445 2.98
      vertex -3.55535 0.707202 2.98
      vertex -24.9385 20.609 2.98
    endloop
  endfacet
  facet normal 0 0 1
    outer loop
      vertex -3.55535 0.707202 2.98
      vertex -25.6777 20.3445 2.98
      vertex -3.60754 0.355311 2.98
    endloop
  endfacet
  facet normal -0 0 1
    outer loop
      vertex -26.4393 20.1537 2.98
      vertex -3.60754 0.355311 2.98
      vertex -25.6777 20.3445 2.98
    endloop
  endfacet
  facet normal 0 0 1
    outer loop
      vertex -3.60754 0.355311 2.98
      vertex -26.4393 20.1537 2.98
      vertex -3.625 0 2.98
    endloop
  endfacet
  facet normal -0 0 1
    outer loop
      vertex -27.2159 20.0385 2.98
      vertex -3.625 0 2.98
      vertex -26.4393 20.1537 2.98
    endloop
  endfacet
  facet normal 0 0 1
    outer loop
      vertex -3.625 0 2.98
      vertex -27.2159 20.0385 2.98
      vertex -3.60754 -0.355311 2.98
    endloop
  endfacet
  facet normal -0 0 1
    outer loop
      vertex -28 20 2.98
      vertex -3.60754 -0.355311 2.98
      vertex -27.2159 20.0385 2.98
    endloop
  endfacet
  facet normal 0 0 1
    outer loop
      vertex -3.60754 -0.355311 2.98
      vertex -28 20 2.98
      vertex -3.55535 -0.707202 2.98
    endloop
  endfacet
  facet normal 0 0 1
    outer loop
      vertex -28.7841 20.0385 2.98
      vertex -3.55535 -0.707202 2.98
      vertex -28 20 2.98
    endloop
  endfacet
  facet normal 0 0 1
    outer loop
      vertex -3.55535 -0.707202 2.98
      vertex -28.7841 20.0385 2.98
      vertex -3.46891 -1.05228 2.98
    endloop
  endfacet
  facet normal 0 -0 1
    outer loop
      vertex -28.5 -41.02 2.98
      vertex -3.46891 -1.05228 2.98
      vertex -28.7841 20.0385 2.98
    endloop
  endfacet
  facet normal 0 0 1
    outer loop
      vertex -3.46891 -1.05228 2.98
      vertex -28.5 -41.02 2.98
      vertex -3.34906 -1.38723 2.98
    endloop
  endfacet
  facet normal 0 0 1
    outer loop
      vertex -3.34906 -1.38723 2.98
      vertex -28.5 -41.02 2.98
      vertex -3.19696 -1.70881 2.98
    endloop
  endfacet
  facet normal 0 0 1
    outer loop
      vertex -3.19696 -1.70881 2.98
      vertex -28.5 -41.02 2.98
      vertex -3.01408 -2.01394 2.98
    endloop
  endfacet
  facet normal 0 0 1
    outer loop
      vertex 0 -3.625 2.98
      vertex -28.5 -41.02 2.98
      vertex 28.5 -41.02 2.98
    endloop
  endfacet
  facet normal 0 0 1
    outer loop
      vertex -29.5607 20.1537 2.98
      vertex -28.5 -41.02 2.98
      vertex -28.7841 20.0385 2.98
    endloop
  endfacet
  facet normal 0 0 1
    outer loop
      vertex -3.01408 -2.01394 2.98
      vertex -28.5 -41.02 2.98
      vertex -2.80216 -2.29967 2.98
    endloop
  endfacet
  facet normal 0 0 1
    outer loop
      vertex 56.6268 43.5065 2.98
      vertex 62 51 2.98
      vertex 56.6673 43.6683 2.98
    endloop
  endfacet
  facet normal 0 0 1
    outer loop
      vertex 62 -51 2.98
      vertex 56.6918 -43.8334 2.98
      vertex 56.7 -44 2.98
    endloop
  endfacet
  facet normal 0 0 1
    outer loop
      vertex 56.5706 43.3494 2.98
      vertex 62 51 2.98
      vertex 56.6268 43.5065 2.98
    endloop
  endfacet
  facet normal 0 0 1
    outer loop
      vertex 62 -51 2.98
      vertex 56.6673 -43.6683 2.98
      vertex 56.6918 -43.8334 2.98
    endloop
  endfacet
  facet normal 0 0 1
    outer loop
      vertex 56.4993 43.1986 2.98
      vertex 62 51 2.98
      vertex 56.5706 43.3494 2.98
    endloop
  endfacet
  facet normal 0 0 1
    outer loop
      vertex 62 -51 2.98
      vertex 56.6268 -43.5065 2.98
      vertex 56.6673 -43.6683 2.98
    endloop
  endfacet
  facet normal 0 0 1
    outer loop
      vertex 56.4135 43.0555 2.98
      vertex 62 51 2.98
      vertex 56.4993 43.1986 2.98
    endloop
  endfacet
  facet normal 0 0 1
    outer loop
      vertex 62 -51 2.98
      vertex 56.5706 -43.3494 2.98
      vertex 56.6268 -43.5065 2.98
    endloop
  endfacet
  facet normal 0 0 1
    outer loop
      vertex 62 51 2.98
      vertex 56.4135 43.0555 2.98
      vertex 62 -51 2.98
    endloop
  endfacet
  facet normal 0 0 1
    outer loop
      vertex 62 -51 2.98
      vertex 56.4993 -43.1986 2.98
      vertex 56.5706 -43.3494 2.98
    endloop
  endfacet
  facet normal -0 0 1
    outer loop
      vertex 56.4135 -43.0555 2.98
      vertex 62 -51 2.98
      vertex 56.4135 43.0555 2.98
    endloop
  endfacet
  facet normal 0 0 1
    outer loop
      vertex 62 -51 2.98
      vertex 56.4135 -43.0555 2.98
      vertex 56.4993 -43.1986 2.98
    endloop
  endfacet
  facet normal -0 0 1
    outer loop
      vertex 56.3141 42.9215 2.98
      vertex 56.4135 -43.0555 2.98
      vertex 56.4135 43.0555 2.98
    endloop
  endfacet
  facet normal 0 0 1
    outer loop
      vertex 56.3141 42.9215 2.98
      vertex 56.3141 -42.9215 2.98
      vertex 56.4135 -43.0555 2.98
    endloop
  endfacet
  facet normal -0 0 1
    outer loop
      vertex 56.2021 42.7979 2.98
      vertex 56.3141 -42.9215 2.98
      vertex 56.3141 42.9215 2.98
    endloop
  endfacet
  facet normal 0 0 1
    outer loop
      vertex 56.2021 42.7979 2.98
      vertex 56.2021 -42.7979 2.98
      vertex 56.3141 -42.9215 2.98
    endloop
  endfacet
  facet normal -0 0 1
    outer loop
      vertex 56.0785 42.6859 2.98
      vertex 56.2021 -42.7979 2.98
      vertex 56.2021 42.7979 2.98
    endloop
  endfacet
  facet normal 0 0 1
    outer loop
      vertex 56.0785 42.6859 2.98
      vertex 56.0785 -42.6859 2.98
      vertex 56.2021 -42.7979 2.98
    endloop
  endfacet
  facet normal -0 0 1
    outer loop
      vertex 55.9445 42.5865 2.98
      vertex 56.0785 -42.6859 2.98
      vertex 56.0785 42.6859 2.98
    endloop
  endfacet
  facet normal 0 0 1
    outer loop
      vertex 55.9445 42.5865 2.98
      vertex 55.9445 -42.5865 2.98
      vertex 56.0785 -42.6859 2.98
    endloop
  endfacet
  facet normal -0 0 1
    outer loop
      vertex 55.8014 42.5007 2.98
      vertex 55.9445 -42.5865 2.98
      vertex 55.9445 42.5865 2.98
    endloop
  endfacet
  facet normal 0 0 1
    outer loop
      vertex 55.8014 42.5007 2.98
      vertex 55.8014 -42.5007 2.98
      vertex 55.9445 -42.5865 2.98
    endloop
  endfacet
  facet normal -0 0 1
    outer loop
      vertex 55.6506 42.4294 2.98
      vertex 55.8014 -42.5007 2.98
      vertex 55.8014 42.5007 2.98
    endloop
  endfacet
  facet normal 0 0 1
    outer loop
      vertex 55.6506 42.4294 2.98
      vertex 55.6506 -42.4294 2.98
      vertex 55.8014 -42.5007 2.98
    endloop
  endfacet
  facet normal 0 0 1
    outer loop
      vertex 35.0554 24.2288 2.98
      vertex 55.6506 42.4294 2.98
      vertex 55.4935 42.3732 2.98
    endloop
  endfacet
  facet normal 0 0 1
    outer loop
      vertex 55.6506 42.4294 2.98
      vertex 35.0554 24.2288 2.98
      vertex 55.6506 -42.4294 2.98
    endloop
  endfacet
  facet normal 0 0 1
    outer loop
      vertex 35.391 24.9385 2.98
      vertex 55.4935 42.3732 2.98
      vertex 55.3317 42.3327 2.98
    endloop
  endfacet
  facet normal -0 0 1
    outer loop
      vertex 34.6518 23.5554 2.98
      vertex 55.6506 -42.4294 2.98
      vertex 35.0554 24.2288 2.98
    endloop
  endfacet
  facet normal 0 0 1
    outer loop
      vertex 35.6555 25.6777 2.98
      vertex 55.3317 42.3327 2.98
      vertex 55.1666 42.3082 2.98
    endloop
  endfacet
  facet normal 0 0 1
    outer loop
      vertex 55.6506 -42.4294 2.98
      vertex 34.6518 23.5554 2.98
      vertex 55.4935 -42.3732 2.98
    endloop
  endfacet
  facet normal 0 0 1
    outer loop
      vertex 35.8463 26.4393 2.98
      vertex 55.1666 42.3082 2.98
      vertex 55 42.3 2.98
    endloop
  endfacet
  facet normal -0 0 1
    outer loop
      vertex 34.1841 22.9249 2.98
      vertex 55.4935 -42.3732 2.98
      vertex 34.6518 23.5554 2.98
    endloop
  endfacet
  facet normal 0 0 1
    outer loop
      vertex 35.8463 26.4393 2.98
      vertex 55 42.3 2.98
      vertex 54.8334 42.3082 2.98
    endloop
  endfacet
  facet normal 0 0 1
    outer loop
      vertex 55.4935 -42.3732 2.98
      vertex 34.1841 22.9249 2.98
      vertex 55.3317 -42.3327 2.98
    endloop
  endfacet
  facet normal 0 0 1
    outer loop
      vertex 35.9615 27.2159 2.98
      vertex 54.8334 42.3082 2.98
      vertex 54.6683 42.3327 2.98
    endloop
  endfacet
  facet normal -0 0 1
    outer loop
      vertex 33.6569 22.3431 2.98
      vertex 55.3317 -42.3327 2.98
      vertex 34.1841 22.9249 2.98
    endloop
  endfacet
  facet normal 0 0 1
    outer loop
      vertex 36 28 2.98
      vertex 54.6683 42.3327 2.98
      vertex 54.5065 42.3732 2.98
    endloop
  endfacet
  facet normal 0 0 1
    outer loop
      vertex 55.3317 -42.3327 2.98
      vertex 33.6569 22.3431 2.98
      vertex 55.1666 -42.3082 2.98
    endloop
  endfacet
  facet normal 0 0 1
    outer loop
      vertex 35.9615 28.7841 2.98
      vertex 54.5065 42.3732 2.98
      vertex 54.3494 42.4294 2.98
    endloop
  endfacet
  facet normal -0 0 1
    outer loop
      vertex 33.0751 21.8159 2.98
      vertex 55.1666 -42.3082 2.98
      vertex 33.6569 22.3431 2.98
    endloop
  endfacet
  facet normal 0 0 1
    outer loop
      vertex 35.9615 28.7841 2.98
      vertex 54.3494 42.4294 2.98
      vertex 54.1986 42.5007 2.98
    endloop
  endfacet
  facet normal 0 0 1
    outer loop
      vertex 55.1666 -42.3082 2.98
      vertex 33.0751 21.8159 2.98
      vertex 55 -42.3 2.98
    endloop
  endfacet
  facet normal 0 0 1
    outer loop
      vertex 35.8463 29.5607 2.98
      vertex 54.1986 42.5007 2.98
      vertex 54.0555 42.5865 2.98
    endloop
  endfacet
  facet normal -0 0 1
    outer loop
      vertex 32.4446 21.3482 2.98
      vertex 55 -42.3 2.98
      vertex 33.0751 21.8159 2.98
    endloop
  endfacet
  facet normal 0 0 1
    outer loop
      vertex 35.6555 30.3223 2.98
      vertex 54.0555 42.5865 2.98
      vertex 53.9215 42.6859 2.98
    endloop
  endfacet
  facet normal 0 0 1
    outer loop
      vertex 55 -42.3 2.98
      vertex 32.4446 21.3482 2.98
      vertex 54.8334 -42.3082 2.98
    endloop
  endfacet
  facet normal 0 0 1
    outer loop
      vertex 35.6555 30.3223 2.98
      vertex 53.9215 42.6859 2.98
      vertex 53.7979 42.7979 2.98
    endloop
  endfacet
  facet normal 0 0 1
    outer loop
      vertex 54.8334 -42.3082 2.98
      vertex 32.4446 21.3482 2.98
      vertex 54.6683 -42.3327 2.98
    endloop
  endfacet
  facet normal 0 0 1
    outer loop
      vertex 35.391 31.0615 2.98
      vertex 53.7979 42.7979 2.98
      vertex 53.6859 42.9215 2.98
    endloop
  endfacet
  facet normal -0 0 1
    outer loop
      vertex 31.7712 20.9446 2.98
      vertex 54.6683 -42.3327 2.98
      vertex 32.4446 21.3482 2.98
    endloop
  endfacet
  facet normal 0 0 1
    outer loop
      vertex 35.0554 31.7712 2.98
      vertex 53.6859 42.9215 2.98
      vertex 53.5865 43.0555 2.98
    endloop
  endfacet
  facet normal 0 0 1
    outer loop
      vertex 54.6683 -42.3327 2.98
      vertex 31.7712 20.9446 2.98
      vertex 54.5065 -42.3732 2.98
    endloop
  endfacet
  facet normal 0 0 1
    outer loop
      vertex 35.0554 31.7712 2.98
      vertex 53.5865 43.0555 2.98
      vertex 53.5007 43.1986 2.98
    endloop
  endfacet
  facet normal -0 0 1
    outer loop
      vertex 31.0615 20.609 2.98
      vertex 54.5065 -42.3732 2.98
      vertex 31.7712 20.9446 2.98
    endloop
  endfacet
  facet normal 0 0 1
    outer loop
      vertex 34.6518 32.4446 2.98
      vertex 53.5007 43.1986 2.98
      vertex 53.4294 43.3494 2.98
    endloop
  endfacet
  facet normal 0 0 1
    outer loop
      vertex 54.5065 -42.3732 2.98
      vertex 31.0615 20.609 2.98
      vertex 54.3494 -42.4294 2.98
    endloop
  endfacet
  facet normal 0 0 1
    outer loop
      vertex 34.1841 33.0751 2.98
      vertex 53.4294 43.3494 2.98
      vertex 53.3732 43.5065 2.98
    endloop
  endfacet
  facet normal -0 0 1
    outer loop
      vertex 28.5 -41.02 2.98
      vertex 54.3494 -42.4294 2.98
      vertex 31.0615 20.609 2.98
    endloop
  endfacet
  facet normal 0 0 1
    outer loop
      vertex 34.1841 33.0751 2.98
      vertex 53.3732 43.5065 2.98
      vertex 53.3327 43.6683 2.98
    endloop
  endfacet
  facet normal 0 0 1
    outer loop
      vertex 54.3494 -42.4294 2.98
      vertex 28.5 -41.02 2.98
      vertex 54.1986 -42.5007 2.98
    endloop
  endfacet
  facet normal 0 0 1
    outer loop
      vertex 33.6569 33.6569 2.98
      vertex 53.3327 43.6683 2.98
      vertex 53.3082 43.8334 2.98
    endloop
  endfacet
  facet normal 0 0 1
    outer loop
      vertex 54.1986 -42.5007 2.98
      vertex 28.5 -41.02 2.98
      vertex 54.0555 -42.5865 2.98
    endloop
  endfacet
  facet normal 0 0 1
    outer loop
      vertex 33.0751 34.1841 2.98
      vertex 53.3082 43.8334 2.98
      vertex 53.3 44 2.98
    endloop
  endfacet
  facet normal 0 0 1
    outer loop
      vertex 54.0555 -42.5865 2.98
      vertex 28.5 -41.02 2.98
      vertex 53.9215 -42.6859 2.98
    endloop
  endfacet
  facet normal 0 0 1
    outer loop
      vertex 56.6918 43.8334 2.98
      vertex 62 51 2.98
      vertex 56.7 44 2.98
    endloop
  endfacet
  facet normal 0 0 1
    outer loop
      vertex 62 51 2.98
      vertex 56.6918 44.1666 2.98
      vertex 56.7 44 2.98
    endloop
  endfacet
  facet normal 0 0 1
    outer loop
      vertex 62 51 2.98
      vertex 56.6673 44.3317 2.98
      vertex 56.6918 44.1666 2.98
    endloop
  endfacet
  facet normal 0 0 1
    outer loop
      vertex 62 51 2.98
      vertex 56.6268 44.4935 2.98
      vertex 56.6673 44.3317 2.98
    endloop
  endfacet
  facet normal 0 0 1
    outer loop
      vertex 62 51 2.98
      vertex 56.5706 44.6506 2.98
      vertex 56.6268 44.4935 2.98
    endloop
  endfacet
  facet normal 0 0 1
    outer loop
      vertex 62 51 2.98
      vertex 56.4993 44.8014 2.98
      vertex 56.5706 44.6506 2.98
    endloop
  endfacet
  facet normal 0 0 1
    outer loop
      vertex 62 51 2.98
      vertex 56.4135 44.9445 2.98
      vertex 56.4993 44.8014 2.98
    endloop
  endfacet
  facet normal 0 0 1
    outer loop
      vertex 62 51 2.98
      vertex 56.3141 45.0785 2.98
      vertex 56.4135 44.9445 2.98
    endloop
  endfacet
  facet normal 0 0 1
    outer loop
      vertex 62 51 2.98
      vertex 56.2021 45.2021 2.98
      vertex 56.3141 45.0785 2.98
    endloop
  endfacet
  facet normal 0 0 1
    outer loop
      vertex 62 51 2.98
      vertex 56.0785 45.3141 2.98
      vertex 56.2021 45.2021 2.98
    endloop
  endfacet
  facet normal 0 0 1
    outer loop
      vertex 62 51 2.98
      vertex 55.9445 45.4135 2.98
      vertex 56.0785 45.3141 2.98
    endloop
  endfacet
  facet normal 0 0 1
    outer loop
      vertex 62 51 2.98
      vertex 55.8014 45.4993 2.98
      vertex 55.9445 45.4135 2.98
    endloop
  endfacet
  facet normal 0 0 1
    outer loop
      vertex 62 51 2.98
      vertex 55.6506 45.5706 2.98
      vertex 55.8014 45.4993 2.98
    endloop
  endfacet
  facet normal 0 0 1
    outer loop
      vertex 62 51 2.98
      vertex 55.4935 45.6268 2.98
      vertex 55.6506 45.5706 2.98
    endloop
  endfacet
  facet normal 0 0 1
    outer loop
      vertex 62 51 2.98
      vertex 55.3317 45.6673 2.98
      vertex 55.4935 45.6268 2.98
    endloop
  endfacet
  facet normal 0 0 1
    outer loop
      vertex 62 51 2.98
      vertex 55.1666 45.6918 2.98
      vertex 55.3317 45.6673 2.98
    endloop
  endfacet
  facet normal 0 0 1
    outer loop
      vertex 62 51 2.98
      vertex 55 45.7 2.98
      vertex 55.1666 45.6918 2.98
    endloop
  endfacet
  facet normal 0 0 1
    outer loop
      vertex 62 51 2.98
      vertex 54.8334 45.6918 2.98
      vertex 55 45.7 2.98
    endloop
  endfacet
  facet normal 0 0 1
    outer loop
      vertex 62 51 2.98
      vertex 54.6683 45.6673 2.98
      vertex 54.8334 45.6918 2.98
    endloop
  endfacet
  facet normal 0 0 1
    outer loop
      vertex 62 51 2.98
      vertex 54.5065 45.6268 2.98
      vertex 54.6683 45.6673 2.98
    endloop
  endfacet
  facet normal 0 0 1
    outer loop
      vertex 62 51 2.98
      vertex 54.3494 45.5706 2.98
      vertex 54.5065 45.6268 2.98
    endloop
  endfacet
  facet normal 0 0 1
    outer loop
      vertex 62 51 2.98
      vertex 54.1986 45.4993 2.98
      vertex 54.3494 45.5706 2.98
    endloop
  endfacet
  facet normal 0 0 1
    outer loop
      vertex 62 51 2.98
      vertex 54.0555 45.4135 2.98
      vertex 54.1986 45.4993 2.98
    endloop
  endfacet
  facet normal 0 0 1
    outer loop
      vertex 54.6683 42.3327 2.98
      vertex 36 28 2.98
      vertex 35.9615 27.2159 2.98
    endloop
  endfacet
  facet normal 0 0 1
    outer loop
      vertex 33.0751 34.1841 2.98
      vertex 53.3 44 2.98
      vertex 53.3082 44.1666 2.98
    endloop
  endfacet
  facet normal 0 0 1
    outer loop
      vertex 32.4446 34.6518 2.98
      vertex 53.3082 44.1666 2.98
      vertex 53.3327 44.3317 2.98
    endloop
  endfacet
  facet normal 0 0 1
    outer loop
      vertex 31.7712 35.0554 2.98
      vertex 53.3327 44.3317 2.98
      vertex 53.3732 44.4935 2.98
    endloop
  endfacet
  facet normal 0 0 1
    outer loop
      vertex 31.0615 35.391 2.98
      vertex 53.3732 44.4935 2.98
      vertex 53.4294 44.6506 2.98
    endloop
  endfacet
  facet normal 0 0 1
    outer loop
      vertex 31.0615 35.391 2.98
      vertex 53.4294 44.6506 2.98
      vertex 53.5007 44.8014 2.98
    endloop
  endfacet
  facet normal 0 0 1
    outer loop
      vertex 30.3223 35.6555 2.98
      vertex 53.5007 44.8014 2.98
      vertex 53.5865 44.9445 2.98
    endloop
  endfacet
  facet normal 0 0 1
    outer loop
      vertex 29.5607 35.8463 2.98
      vertex 53.5865 44.9445 2.98
      vertex 53.6859 45.0785 2.98
    endloop
  endfacet
  facet normal 0 0 1
    outer loop
      vertex 28.7841 35.9615 2.98
      vertex 53.6859 45.0785 2.98
      vertex 53.7979 45.2021 2.98
    endloop
  endfacet
  facet normal 0 0 1
    outer loop
      vertex 54.5065 42.3732 2.98
      vertex 35.9615 28.7841 2.98
      vertex 36 28 2.98
    endloop
  endfacet
  facet normal 0 0 1
    outer loop
      vertex 54.1986 42.5007 2.98
      vertex 35.8463 29.5607 2.98
      vertex 35.9615 28.7841 2.98
    endloop
  endfacet
  facet normal 0 0 1
    outer loop
      vertex 28 36 2.98
      vertex 53.7979 45.2021 2.98
      vertex 53.9215 45.3141 2.98
    endloop
  endfacet
  facet normal 0 0 1
    outer loop
      vertex 54.0555 42.5865 2.98
      vertex 35.6555 30.3223 2.98
      vertex 35.8463 29.5607 2.98
    endloop
  endfacet
  facet normal 0 0 1
    outer loop
      vertex 53.7979 42.7979 2.98
      vertex 35.391 31.0615 2.98
      vertex 35.6555 30.3223 2.98
    endloop
  endfacet
  facet normal 0 0 1
    outer loop
      vertex 53.6859 42.9215 2.98
      vertex 35.0554 31.7712 2.98
      vertex 35.391 31.0615 2.98
    endloop
  endfacet
  facet normal 0 0 1
    outer loop
      vertex 28 36 2.98
      vertex 53.9215 45.3141 2.98
      vertex 54.0555 45.4135 2.98
    endloop
  endfacet
  facet normal 0 0 1
    outer loop
      vertex 53.5007 43.1986 2.98
      vertex 34.6518 32.4446 2.98
      vertex 35.0554 31.7712 2.98
    endloop
  endfacet
  facet normal 0 0 1
    outer loop
      vertex 27.2159 35.9615 2.98
      vertex 54.0555 45.4135 2.98
      vertex 62 51 2.98
    endloop
  endfacet
  facet normal 0 0 1
    outer loop
      vertex 53.4294 43.3494 2.98
      vertex 34.1841 33.0751 2.98
      vertex 34.6518 32.4446 2.98
    endloop
  endfacet
  facet normal 0 0 1
    outer loop
      vertex 53.3327 43.6683 2.98
      vertex 33.6569 33.6569 2.98
      vertex 34.1841 33.0751 2.98
    endloop
  endfacet
  facet normal 0 0 1
    outer loop
      vertex 53.3082 43.8334 2.98
      vertex 33.0751 34.1841 2.98
      vertex 33.6569 33.6569 2.98
    endloop
  endfacet
  facet normal 0 0 1
    outer loop
      vertex 53.3082 44.1666 2.98
      vertex 32.4446 34.6518 2.98
      vertex 33.0751 34.1841 2.98
    endloop
  endfacet
  facet normal 0 0 1
    outer loop
      vertex 53.3327 44.3317 2.98
      vertex 31.7712 35.0554 2.98
      vertex 32.4446 34.6518 2.98
    endloop
  endfacet
  facet normal 0 0 1
    outer loop
      vertex 53.3732 44.4935 2.98
      vertex 31.0615 35.391 2.98
      vertex 31.7712 35.0554 2.98
    endloop
  endfacet
  facet normal 0 0 1
    outer loop
      vertex 53.5007 44.8014 2.98
      vertex 30.3223 35.6555 2.98
      vertex 31.0615 35.391 2.98
    endloop
  endfacet
  facet normal 0 0 1
    outer loop
      vertex 53.5865 44.9445 2.98
      vertex 29.5607 35.8463 2.98
      vertex 30.3223 35.6555 2.98
    endloop
  endfacet
  facet normal 0 0 1
    outer loop
      vertex 53.6859 45.0785 2.98
      vertex 28.7841 35.9615 2.98
      vertex 29.5607 35.8463 2.98
    endloop
  endfacet
  facet normal 0 0 1
    outer loop
      vertex 53.7979 45.2021 2.98
      vertex 28 36 2.98
      vertex 28.7841 35.9615 2.98
    endloop
  endfacet
  facet normal 0 0 1
    outer loop
      vertex 54.0555 45.4135 2.98
      vertex 27.2159 35.9615 2.98
      vertex 28 36 2.98
    endloop
  endfacet
  facet normal 0 0 1
    outer loop
      vertex 62 51 2.98
      vertex 26.4393 35.8463 2.98
      vertex 27.2159 35.9615 2.98
    endloop
  endfacet
  facet normal 0 0 1
    outer loop
      vertex 1.56072 35.8463 2.98
      vertex 26.4393 35.8463 2.98
      vertex 62 51 2.98
    endloop
  endfacet
  facet normal 0 0 1
    outer loop
      vertex 26.4393 35.8463 2.98
      vertex 1.56072 35.8463 2.98
      vertex 25.6777 35.6555 2.98
    endloop
  endfacet
  facet normal 0 0 1
    outer loop
      vertex 20.0385 28.7841 2.98
      vertex 8 28 2.98
      vertex 20 28 2.98
    endloop
  endfacet
  facet normal 0 0 1
    outer loop
      vertex 7.96148 28.7841 2.98
      vertex 20.0385 28.7841 2.98
      vertex 20.1537 29.5607 2.98
    endloop
  endfacet
  facet normal 0 0 1
    outer loop
      vertex 7.84628 29.5607 2.98
      vertex 20.1537 29.5607 2.98
      vertex 20.3445 30.3223 2.98
    endloop
  endfacet
  facet normal 0 0 1
    outer loop
      vertex 7.65552 30.3223 2.98
      vertex 20.3445 30.3223 2.98
      vertex 20.609 31.0615 2.98
    endloop
  endfacet
  facet normal 0 0 1
    outer loop
      vertex 7.39104 31.0615 2.98
      vertex 20.609 31.0615 2.98
      vertex 20.9446 31.7712 2.98
    endloop
  endfacet
  facet normal 0 0 1
    outer loop
      vertex 7.05537 31.7712 2.98
      vertex 20.9446 31.7712 2.98
      vertex 21.3482 32.4446 2.98
    endloop
  endfacet
  facet normal 0 0 1
    outer loop
      vertex 6.65176 32.4446 2.98
      vertex 21.3482 32.4446 2.98
      vertex 21.8159 33.0751 2.98
    endloop
  endfacet
  facet normal 0 0 1
    outer loop
      vertex 6.18408 33.0751 2.98
      vertex 21.8159 33.0751 2.98
      vertex 22.3431 33.6569 2.98
    endloop
  endfacet
  facet normal 0 0 1
    outer loop
      vertex 5.65685 33.6569 2.98
      vertex 22.3431 33.6569 2.98
      vertex 22.9249 34.1841 2.98
    endloop
  endfacet
  facet normal 0 0 1
    outer loop
      vertex 5.07515 34.1841 2.98
      vertex 22.9249 34.1841 2.98
      vertex 23.5554 34.6518 2.98
    endloop
  endfacet
  facet normal 0 0 1
    outer loop
      vertex 4.44456 34.6518 2.98
      vertex 23.5554 34.6518 2.98
      vertex 24.2288 35.0554 2.98
    endloop
  endfacet
  facet normal 0 0 1
    outer loop
      vertex 3.77117 35.0554 2.98
      vertex 24.2288 35.0554 2.98
      vertex 24.9385 35.391 2.98
    endloop
  endfacet
  facet normal 0 0 1
    outer loop
      vertex 20.0385 28.7841 2.98
      vertex 7.96148 28.7841 2.98
      vertex 8 28 2.98
    endloop
  endfacet
  facet normal 0 -0 1
    outer loop
      vertex 2.32228 35.6555 2.98
      vertex 25.6777 35.6555 2.98
      vertex 1.56072 35.8463 2.98
    endloop
  endfacet
  facet normal 0 0 1
    outer loop
      vertex 20.1537 29.5607 2.98
      vertex 7.84628 29.5607 2.98
      vertex 7.96148 28.7841 2.98
    endloop
  endfacet
  facet normal 0 0 1
    outer loop
      vertex 20.3445 30.3223 2.98
      vertex 7.65552 30.3223 2.98
      vertex 7.84628 29.5607 2.98
    endloop
  endfacet
  facet normal 0 0 1
    outer loop
      vertex 20.609 31.0615 2.98
      vertex 7.39104 31.0615 2.98
      vertex 7.65552 30.3223 2.98
    endloop
  endfacet
  facet normal 0 0 1
    outer loop
      vertex 20.9446 31.7712 2.98
      vertex 7.05537 31.7712 2.98
      vertex 7.39104 31.0615 2.98
    endloop
  endfacet
  facet normal 0 0 1
    outer loop
      vertex 21.3482 32.4446 2.98
      vertex 6.65176 32.4446 2.98
      vertex 7.05537 31.7712 2.98
    endloop
  endfacet
  facet normal 0 0 1
    outer loop
      vertex 21.8159 33.0751 2.98
      vertex 6.18408 33.0751 2.98
      vertex 6.65176 32.4446 2.98
    endloop
  endfacet
  facet normal 0 0 1
    outer loop
      vertex 22.3431 33.6569 2.98
      vertex 5.65685 33.6569 2.98
      vertex 6.18408 33.0751 2.98
    endloop
  endfacet
  facet normal 0 0 1
    outer loop
      vertex 22.9249 34.1841 2.98
      vertex 5.07515 34.1841 2.98
      vertex 5.65685 33.6569 2.98
    endloop
  endfacet
  facet normal 0 0 1
    outer loop
      vertex 23.5554 34.6518 2.98
      vertex 4.44456 34.6518 2.98
      vertex 5.07515 34.1841 2.98
    endloop
  endfacet
  facet normal 0 0 1
    outer loop
      vertex 24.2288 35.0554 2.98
      vertex 3.77117 35.0554 2.98
      vertex 4.44456 34.6518 2.98
    endloop
  endfacet
  facet normal 0 0 1
    outer loop
      vertex 24.9385 35.391 2.98
      vertex 3.06147 35.391 2.98
      vertex 3.77117 35.0554 2.98
    endloop
  endfacet
  facet normal 0 0 1
    outer loop
      vertex 24.9385 35.391 2.98
      vertex 2.32228 35.6555 2.98
      vertex 3.06147 35.391 2.98
    endloop
  endfacet
  facet normal 0 0 1
    outer loop
      vertex 25.6777 35.6555 2.98
      vertex 2.32228 35.6555 2.98
      vertex 24.9385 35.391 2.98
    endloop
  endfacet
  facet normal 0 0 1
    outer loop
      vertex 62 51 2.98
      vertex 0.784137 35.9615 2.98
      vertex 1.56072 35.8463 2.98
    endloop
  endfacet
  facet normal 0 0 1
    outer loop
      vertex 62 51 2.98
      vertex 0 36 2.98
      vertex 0.784137 35.9615 2.98
    endloop
  endfacet
  facet normal -0 0 1
    outer loop
      vertex -62 51 2.98
      vertex 0 36 2.98
      vertex 62 51 2.98
    endloop
  endfacet
  facet normal 0 0 1
    outer loop
      vertex 0 36 2.98
      vertex -62 51 2.98
      vertex -0.784137 35.9615 2.98
    endloop
  endfacet
  facet normal 0 0 1
    outer loop
      vertex -7.96148 28.7841 2.98
      vertex -20 28 2.98
      vertex -8 28 2.98
    endloop
  endfacet
  facet normal 0 0 1
    outer loop
      vertex -20.0385 28.7841 2.98
      vertex -7.96148 28.7841 2.98
      vertex -7.84628 29.5607 2.98
    endloop
  endfacet
  facet normal 0 0 1
    outer loop
      vertex -20.1537 29.5607 2.98
      vertex -7.84628 29.5607 2.98
      vertex -7.65552 30.3223 2.98
    endloop
  endfacet
  facet normal 0 0 1
    outer loop
      vertex -20.3445 30.3223 2.98
      vertex -7.65552 30.3223 2.98
      vertex -7.39104 31.0615 2.98
    endloop
  endfacet
  facet normal 0 0 1
    outer loop
      vertex -20.609 31.0615 2.98
      vertex -7.39104 31.0615 2.98
      vertex -7.05537 31.7712 2.98
    endloop
  endfacet
  facet normal 0 0 1
    outer loop
      vertex -20.9446 31.7712 2.98
      vertex -7.05537 31.7712 2.98
      vertex -6.65176 32.4446 2.98
    endloop
  endfacet
  facet normal 0 0 1
    outer loop
      vertex -21.3482 32.4446 2.98
      vertex -6.65176 32.4446 2.98
      vertex -6.18408 33.0751 2.98
    endloop
  endfacet
  facet normal 0 0 1
    outer loop
      vertex -21.8159 33.0751 2.98
      vertex -6.18408 33.0751 2.98
      vertex -5.65685 33.6569 2.98
    endloop
  endfacet
  facet normal 0 0 1
    outer loop
      vertex -22.3431 33.6569 2.98
      vertex -5.65685 33.6569 2.98
      vertex -5.07515 34.1841 2.98
    endloop
  endfacet
  facet normal 0 0 1
    outer loop
      vertex -22.9249 34.1841 2.98
      vertex -5.07515 34.1841 2.98
      vertex -4.44456 34.6518 2.98
    endloop
  endfacet
  facet normal 0 0 1
    outer loop
      vertex -23.5554 34.6518 2.98
      vertex -4.44456 34.6518 2.98
      vertex -3.77117 35.0554 2.98
    endloop
  endfacet
  facet normal 0 0 1
    outer loop
      vertex -24.2288 35.0554 2.98
      vertex -3.77117 35.0554 2.98
      vertex -3.06147 35.391 2.98
    endloop
  endfacet
  facet normal 0 0 1
    outer loop
      vertex -7.96148 28.7841 2.98
      vertex -20.0385 28.7841 2.98
      vertex -20 28 2.98
    endloop
  endfacet
  facet normal 0 0 1
    outer loop
      vertex -7.84628 29.5607 2.98
      vertex -20.1537 29.5607 2.98
      vertex -20.0385 28.7841 2.98
    endloop
  endfacet
  facet normal 0 0 1
    outer loop
      vertex -24.9385 35.391 2.98
      vertex -3.06147 35.391 2.98
      vertex -2.32228 35.6555 2.98
    endloop
  endfacet
  facet normal 0 0 1
    outer loop
      vertex -7.65552 30.3223 2.98
      vertex -20.3445 30.3223 2.98
      vertex -20.1537 29.5607 2.98
    endloop
  endfacet
  facet normal 0 0 1
    outer loop
      vertex -7.39104 31.0615 2.98
      vertex -20.609 31.0615 2.98
      vertex -20.3445 30.3223 2.98
    endloop
  endfacet
  facet normal 0 0 1
    outer loop
      vertex -7.05537 31.7712 2.98
      vertex -20.9446 31.7712 2.98
      vertex -20.609 31.0615 2.98
    endloop
  endfacet
  facet normal 0 0 1
    outer loop
      vertex -25.6777 35.6555 2.98
      vertex -2.32228 35.6555 2.98
      vertex -1.56072 35.8463 2.98
    endloop
  endfacet
  facet normal 0 0 1
    outer loop
      vertex -0.784137 35.9615 2.98
      vertex -62 51 2.98
      vertex -1.56072 35.8463 2.98
    endloop
  endfacet
  facet normal 0 0 1
    outer loop
      vertex -6.65176 32.4446 2.98
      vertex -21.3482 32.4446 2.98
      vertex -20.9446 31.7712 2.98
    endloop
  endfacet
  facet normal 0 0 1
    outer loop
      vertex -6.18408 33.0751 2.98
      vertex -21.8159 33.0751 2.98
      vertex -21.3482 32.4446 2.98
    endloop
  endfacet
  facet normal 0 0 1
    outer loop
      vertex -5.65685 33.6569 2.98
      vertex -22.3431 33.6569 2.98
      vertex -21.8159 33.0751 2.98
    endloop
  endfacet
  facet normal 0 0 1
    outer loop
      vertex -5.07515 34.1841 2.98
      vertex -22.9249 34.1841 2.98
      vertex -22.3431 33.6569 2.98
    endloop
  endfacet
  facet normal 0 0 1
    outer loop
      vertex -4.44456 34.6518 2.98
      vertex -23.5554 34.6518 2.98
      vertex -22.9249 34.1841 2.98
    endloop
  endfacet
  facet normal 0 0 1
    outer loop
      vertex -3.77117 35.0554 2.98
      vertex -24.2288 35.0554 2.98
      vertex -23.5554 34.6518 2.98
    endloop
  endfacet
  facet normal 0 0 1
    outer loop
      vertex -3.06147 35.391 2.98
      vertex -24.9385 35.391 2.98
      vertex -24.2288 35.0554 2.98
    endloop
  endfacet
  facet normal 0 0 1
    outer loop
      vertex -2.32228 35.6555 2.98
      vertex -25.6777 35.6555 2.98
      vertex -24.9385 35.391 2.98
    endloop
  endfacet
  facet normal 0 0 1
    outer loop
      vertex -1.56072 35.8463 2.98
      vertex -26.4393 35.8463 2.98
      vertex -25.6777 35.6555 2.98
    endloop
  endfacet
  facet normal 0 0 1
    outer loop
      vertex -1.56072 35.8463 2.98
      vertex -62 51 2.98
      vertex -26.4393 35.8463 2.98
    endloop
  endfacet
  facet normal 0 0 1
    outer loop
      vertex -26.4393 35.8463 2.98
      vertex -62 51 2.98
      vertex -27.2159 35.9615 2.98
    endloop
  endfacet
  facet normal -0 -0 1
    outer loop
      vertex -54.0555 45.4135 2.98
      vertex -27.2159 35.9615 2.98
      vertex -62 51 2.98
    endloop
  endfacet
  facet normal 0 0 1
    outer loop
      vertex -27.2159 35.9615 2.98
      vertex -54.0555 45.4135 2.98
      vertex -28 36 2.98
    endloop
  endfacet
  facet normal 0 0 1
    outer loop
      vertex -34.6518 32.4446 2.98
      vertex -53.5007 43.1986 2.98
      vertex -35.0554 31.7712 2.98
    endloop
  endfacet
  facet normal -0 0 1
    outer loop
      vertex -53.5007 43.1986 2.98
      vertex -34.6518 32.4446 2.98
      vertex -53.4294 43.3494 2.98
    endloop
  endfacet
  facet normal 0 0 1
    outer loop
      vertex -34.1841 33.0751 2.98
      vertex -53.4294 43.3494 2.98
      vertex -34.6518 32.4446 2.98
    endloop
  endfacet
  facet normal -0 0 1
    outer loop
      vertex -53.4294 43.3494 2.98
      vertex -34.1841 33.0751 2.98
      vertex -53.3732 43.5065 2.98
    endloop
  endfacet
  facet normal -0 0 1
    outer loop
      vertex -53.3732 43.5065 2.98
      vertex -34.1841 33.0751 2.98
      vertex -53.3327 43.6683 2.98
    endloop
  endfacet
  facet normal 0 0 1
    outer loop
      vertex -33.6569 33.6569 2.98
      vertex -53.3327 43.6683 2.98
      vertex -34.1841 33.0751 2.98
    endloop
  endfacet
  facet normal -0 0 1
    outer loop
      vertex -53.3327 43.6683 2.98
      vertex -33.6569 33.6569 2.98
      vertex -53.3082 43.8334 2.98
    endloop
  endfacet
  facet normal 0 0 1
    outer loop
      vertex -33.0751 34.1841 2.98
      vertex -53.3082 43.8334 2.98
      vertex -33.6569 33.6569 2.98
    endloop
  endfacet
  facet normal -0 0 1
    outer loop
      vertex -53.3082 43.8334 2.98
      vertex -33.0751 34.1841 2.98
      vertex -53.3 44 2.98
    endloop
  endfacet
  facet normal 0 0 1
    outer loop
      vertex -32.4446 34.6518 2.98
      vertex -53.3 44 2.98
      vertex -33.0751 34.1841 2.98
    endloop
  endfacet
  facet normal 0 0 1
    outer loop
      vertex -53.3327 44.3317 2.98
      vertex -32.4446 34.6518 2.98
      vertex -31.7712 35.0554 2.98
    endloop
  endfacet
  facet normal 0 0 1
    outer loop
      vertex -53.3732 44.4935 2.98
      vertex -31.7712 35.0554 2.98
      vertex -31.0615 35.391 2.98
    endloop
  endfacet
  facet normal 0 0 1
    outer loop
      vertex -53.5007 44.8014 2.98
      vertex -31.0615 35.391 2.98
      vertex -30.3223 35.6555 2.98
    endloop
  endfacet
  facet normal 0 0 1
    outer loop
      vertex -53.5865 44.9445 2.98
      vertex -30.3223 35.6555 2.98
      vertex -29.5607 35.8463 2.98
    endloop
  endfacet
  facet normal -0 -0 1
    outer loop
      vertex -53.9215 45.3141 2.98
      vertex -28 36 2.98
      vertex -54.0555 45.4135 2.98
    endloop
  endfacet
  facet normal 0 0 1
    outer loop
      vertex -32.4446 34.6518 2.98
      vertex -53.3082 44.1666 2.98
      vertex -53.3 44 2.98
    endloop
  endfacet
  facet normal 0 0 1
    outer loop
      vertex -32.4446 34.6518 2.98
      vertex -53.3327 44.3317 2.98
      vertex -53.3082 44.1666 2.98
    endloop
  endfacet
  facet normal 0 0 1
    outer loop
      vertex -31.7712 35.0554 2.98
      vertex -53.3732 44.4935 2.98
      vertex -53.3327 44.3317 2.98
    endloop
  endfacet
  facet normal 0 0 1
    outer loop
      vertex -31.0615 35.391 2.98
      vertex -53.4294 44.6506 2.98
      vertex -53.3732 44.4935 2.98
    endloop
  endfacet
  facet normal 0 0 1
    outer loop
      vertex -31.0615 35.391 2.98
      vertex -53.5007 44.8014 2.98
      vertex -53.4294 44.6506 2.98
    endloop
  endfacet
  facet normal 0 0 1
    outer loop
      vertex -30.3223 35.6555 2.98
      vertex -53.5865 44.9445 2.98
      vertex -53.5007 44.8014 2.98
    endloop
  endfacet
  facet normal 0 0 1
    outer loop
      vertex -29.5607 35.8463 2.98
      vertex -53.6859 45.0785 2.98
      vertex -53.5865 44.9445 2.98
    endloop
  endfacet
  facet normal 0 0 1
    outer loop
      vertex -28.7841 35.9615 2.98
      vertex -53.6859 45.0785 2.98
      vertex -29.5607 35.8463 2.98
    endloop
  endfacet
  facet normal -0 -0 1
    outer loop
      vertex -53.6859 45.0785 2.98
      vertex -28.7841 35.9615 2.98
      vertex -53.7979 45.2021 2.98
    endloop
  endfacet
  facet normal 0 0 1
    outer loop
      vertex -28 36 2.98
      vertex -53.7979 45.2021 2.98
      vertex -28.7841 35.9615 2.98
    endloop
  endfacet
  facet normal -0 -0 1
    outer loop
      vertex -53.7979 45.2021 2.98
      vertex -28 36 2.98
      vertex -53.9215 45.3141 2.98
    endloop
  endfacet
  facet normal 0 0 1
    outer loop
      vertex -54.0555 45.4135 2.98
      vertex -62 51 2.98
      vertex -54.1986 45.4993 2.98
    endloop
  endfacet
  facet normal 0 0 1
    outer loop
      vertex -54.1986 45.4993 2.98
      vertex -62 51 2.98
      vertex -54.3494 45.5706 2.98
    endloop
  endfacet
  facet normal 0 0 1
    outer loop
      vertex -54.3494 45.5706 2.98
      vertex -62 51 2.98
      vertex -54.5065 45.6268 2.98
    endloop
  endfacet
  facet normal 0 0 1
    outer loop
      vertex -54.5065 45.6268 2.98
      vertex -62 51 2.98
      vertex -54.6683 45.6673 2.98
    endloop
  endfacet
  facet normal 0 0 1
    outer loop
      vertex -54.6683 45.6673 2.98
      vertex -62 51 2.98
      vertex -54.8334 45.6918 2.98
    endloop
  endfacet
  facet normal 0 0 1
    outer loop
      vertex -56.6673 -43.6683 2.98
      vertex -62 -51 2.98
      vertex -56.6918 -43.8334 2.98
    endloop
  endfacet
  facet normal 0 0 1
    outer loop
      vertex -56.6918 44.1666 2.98
      vertex -62 51 2.98
      vertex -56.7 44 2.98
    endloop
  endfacet
  facet normal 0 0 1
    outer loop
      vertex -56.6673 44.3317 2.98
      vertex -62 51 2.98
      vertex -56.6918 44.1666 2.98
    endloop
  endfacet
  facet normal 0 0 1
    outer loop
      vertex -56.6268 44.4935 2.98
      vertex -62 51 2.98
      vertex -56.6673 44.3317 2.98
    endloop
  endfacet
  facet normal 0 0 1
    outer loop
      vertex -56.5706 44.6506 2.98
      vertex -62 51 2.98
      vertex -56.6268 44.4935 2.98
    endloop
  endfacet
  facet normal 0 0 1
    outer loop
      vertex -56.4993 44.8014 2.98
      vertex -62 51 2.98
      vertex -56.5706 44.6506 2.98
    endloop
  endfacet
  facet normal 0 0 1
    outer loop
      vertex -56.4135 44.9445 2.98
      vertex -62 51 2.98
      vertex -56.4993 44.8014 2.98
    endloop
  endfacet
  facet normal 0 0 1
    outer loop
      vertex -56.3141 45.0785 2.98
      vertex -62 51 2.98
      vertex -56.4135 44.9445 2.98
    endloop
  endfacet
  facet normal 0 0 1
    outer loop
      vertex -56.2021 45.2021 2.98
      vertex -62 51 2.98
      vertex -56.3141 45.0785 2.98
    endloop
  endfacet
  facet normal 0 0 1
    outer loop
      vertex -56.0785 45.3141 2.98
      vertex -62 51 2.98
      vertex -56.2021 45.2021 2.98
    endloop
  endfacet
  facet normal 0 0 1
    outer loop
      vertex -55.9445 45.4135 2.98
      vertex -62 51 2.98
      vertex -56.0785 45.3141 2.98
    endloop
  endfacet
  facet normal 0 0 1
    outer loop
      vertex -55.8014 45.4993 2.98
      vertex -62 51 2.98
      vertex -55.9445 45.4135 2.98
    endloop
  endfacet
  facet normal 0 0 1
    outer loop
      vertex -55.6506 45.5706 2.98
      vertex -62 51 2.98
      vertex -55.8014 45.4993 2.98
    endloop
  endfacet
  facet normal 0 0 1
    outer loop
      vertex -55.4935 45.6268 2.98
      vertex -62 51 2.98
      vertex -55.6506 45.5706 2.98
    endloop
  endfacet
  facet normal 0 0 1
    outer loop
      vertex -55.3317 45.6673 2.98
      vertex -62 51 2.98
      vertex -55.4935 45.6268 2.98
    endloop
  endfacet
  facet normal 0 0 1
    outer loop
      vertex -55.1666 45.6918 2.98
      vertex -62 51 2.98
      vertex -55.3317 45.6673 2.98
    endloop
  endfacet
  facet normal 0 0 1
    outer loop
      vertex -55 45.7 2.98
      vertex -62 51 2.98
      vertex -55.1666 45.6918 2.98
    endloop
  endfacet
  facet normal 0 0 1
    outer loop
      vertex -54.8334 45.6918 2.98
      vertex -62 51 2.98
      vertex -55 45.7 2.98
    endloop
  endfacet
  facet normal 0 0 1
    outer loop
      vertex 56.6673 43.6683 2.98
      vertex 62 51 2.98
      vertex 56.6918 43.8334 2.98
    endloop
  endfacet
  facet normal -0 0 1
    outer loop
      vertex 56.6918 -44.1666 2.98
      vertex 62 -51 2.98
      vertex 56.7 -44 2.98
    endloop
  endfacet
  facet normal -0 0 1
    outer loop
      vertex 56.6673 -44.3317 2.98
      vertex 62 -51 2.98
      vertex 56.6918 -44.1666 2.98
    endloop
  endfacet
  facet normal -0 0 1
    outer loop
      vertex 56.6268 -44.4935 2.98
      vertex 62 -51 2.98
      vertex 56.6673 -44.3317 2.98
    endloop
  endfacet
  facet normal -0 0 1
    outer loop
      vertex 56.5706 -44.6506 2.98
      vertex 62 -51 2.98
      vertex 56.6268 -44.4935 2.98
    endloop
  endfacet
  facet normal -0 0 1
    outer loop
      vertex 56.4993 -44.8014 2.98
      vertex 62 -51 2.98
      vertex 56.5706 -44.6506 2.98
    endloop
  endfacet
  facet normal -0 0 1
    outer loop
      vertex 56.4135 -44.9445 2.98
      vertex 62 -51 2.98
      vertex 56.4993 -44.8014 2.98
    endloop
  endfacet
  facet normal -0 0 1
    outer loop
      vertex 56.3141 -45.0785 2.98
      vertex 62 -51 2.98
      vertex 56.4135 -44.9445 2.98
    endloop
  endfacet
  facet normal -0 0 1
    outer loop
      vertex 56.2021 -45.2021 2.98
      vertex 62 -51 2.98
      vertex 56.3141 -45.0785 2.98
    endloop
  endfacet
  facet normal -0 0 1
    outer loop
      vertex 56.0785 -45.3141 2.98
      vertex 62 -51 2.98
      vertex 56.2021 -45.2021 2.98
    endloop
  endfacet
  facet normal -0 0 1
    outer loop
      vertex 55.9445 -45.4135 2.98
      vertex 62 -51 2.98
      vertex 56.0785 -45.3141 2.98
    endloop
  endfacet
  facet normal -0 0 1
    outer loop
      vertex 55.8014 -45.4993 2.98
      vertex 62 -51 2.98
      vertex 55.9445 -45.4135 2.98
    endloop
  endfacet
  facet normal -0 0 1
    outer loop
      vertex 55.6506 -45.5706 2.98
      vertex 62 -51 2.98
      vertex 55.8014 -45.4993 2.98
    endloop
  endfacet
  facet normal -0 0 1
    outer loop
      vertex 55.4935 -45.6268 2.98
      vertex 62 -51 2.98
      vertex 55.6506 -45.5706 2.98
    endloop
  endfacet
  facet normal -0 0 1
    outer loop
      vertex 55.3317 -45.6673 2.98
      vertex 62 -51 2.98
      vertex 55.4935 -45.6268 2.98
    endloop
  endfacet
  facet normal -0 0 1
    outer loop
      vertex 55.1666 -45.6918 2.98
      vertex 62 -51 2.98
      vertex 55.3317 -45.6673 2.98
    endloop
  endfacet
  facet normal -0 0 1
    outer loop
      vertex 55 -45.7 2.98
      vertex 62 -51 2.98
      vertex 55.1666 -45.6918 2.98
    endloop
  endfacet
  facet normal 0 0 1
    outer loop
      vertex 54.8334 -45.6918 2.98
      vertex 62 -51 2.98
      vertex 55 -45.7 2.98
    endloop
  endfacet
  facet normal 0 0 1
    outer loop
      vertex 54.6683 -45.6673 2.98
      vertex 62 -51 2.98
      vertex 54.8334 -45.6918 2.98
    endloop
  endfacet
  facet normal 0 0 1
    outer loop
      vertex 54.5065 -45.6268 2.98
      vertex 62 -51 2.98
      vertex 54.6683 -45.6673 2.98
    endloop
  endfacet
  facet normal 0 0 1
    outer loop
      vertex 54.3494 -45.5706 2.98
      vertex 62 -51 2.98
      vertex 54.5065 -45.6268 2.98
    endloop
  endfacet
  facet normal 0 0 1
    outer loop
      vertex 54.1986 -45.4993 2.98
      vertex 62 -51 2.98
      vertex 54.3494 -45.5706 2.98
    endloop
  endfacet
  facet normal 0 0 1
    outer loop
      vertex 28.5 -42.98 2.98
      vertex 54.1986 -45.4993 2.98
      vertex 54.0555 -45.4135 2.98
    endloop
  endfacet
  facet normal 0 0 1
    outer loop
      vertex 54.8334 42.3082 2.98
      vertex 35.9615 27.2159 2.98
      vertex 35.8463 26.4393 2.98
    endloop
  endfacet
  facet normal 0 0 1
    outer loop
      vertex 55.1666 42.3082 2.98
      vertex 35.8463 26.4393 2.98
      vertex 35.6555 25.6777 2.98
    endloop
  endfacet
  facet normal 0 0 1
    outer loop
      vertex 55.3317 42.3327 2.98
      vertex 35.6555 25.6777 2.98
      vertex 35.391 24.9385 2.98
    endloop
  endfacet
  facet normal 0 0 1
    outer loop
      vertex 55.4935 42.3732 2.98
      vertex 35.391 24.9385 2.98
      vertex 35.0554 24.2288 2.98
    endloop
  endfacet
  facet normal 0 0 1
    outer loop
      vertex 53.9215 -42.6859 2.98
      vertex 28.5 -41.02 2.98
      vertex 53.7979 -42.7979 2.98
    endloop
  endfacet
  facet normal 0 0 1
    outer loop
      vertex 53.7979 -42.7979 2.98
      vertex 28.5 -41.02 2.98
      vertex 53.6859 -42.9215 2.98
    endloop
  endfacet
  facet normal 0 0 1
    outer loop
      vertex 53.6859 -42.9215 2.98
      vertex 28.5 -41.02 2.98
      vertex 53.5865 -43.0555 2.98
    endloop
  endfacet
  facet normal 0 0 1
    outer loop
      vertex 53.5865 -43.0555 2.98
      vertex 28.5 -41.02 2.98
      vertex 53.5007 -43.1986 2.98
    endloop
  endfacet
  facet normal 0 0 1
    outer loop
      vertex 53.5007 -43.1986 2.98
      vertex 28.5 -41.02 2.98
      vertex 53.4294 -43.3494 2.98
    endloop
  endfacet
  facet normal 0 0 1
    outer loop
      vertex 53.4294 -43.3494 2.98
      vertex 28.5 -41.02 2.98
      vertex 53.3732 -43.5065 2.98
    endloop
  endfacet
  facet normal 0 0 1
    outer loop
      vertex 53.3732 -43.5065 2.98
      vertex 28.5 -41.02 2.98
      vertex 53.3327 -43.6683 2.98
    endloop
  endfacet
  facet normal 0 0 1
    outer loop
      vertex 53.3327 -43.6683 2.98
      vertex 28.5 -41.02 2.98
      vertex 53.3082 -43.8334 2.98
    endloop
  endfacet
  facet normal -0 0 1
    outer loop
      vertex 28.5 -42.98 2.98
      vertex 53.3082 -43.8334 2.98
      vertex 28.5 -41.02 2.98
    endloop
  endfacet
  facet normal 0 0 1
    outer loop
      vertex 53.3082 -43.8334 2.98
      vertex 28.5 -42.98 2.98
      vertex 53.3 -44 2.98
    endloop
  endfacet
  facet normal 0 0 1
    outer loop
      vertex 53.3 -44 2.98
      vertex 28.5 -42.98 2.98
      vertex 53.3082 -44.1666 2.98
    endloop
  endfacet
  facet normal 0 0 1
    outer loop
      vertex 28.5 -41.02 2.98
      vertex 31.0615 20.609 2.98
      vertex 30.3223 20.3445 2.98
    endloop
  endfacet
  facet normal 0 0 1
    outer loop
      vertex 28.5 -41.02 2.98
      vertex 30.3223 20.3445 2.98
      vertex 29.5607 20.1537 2.98
    endloop
  endfacet
  facet normal 0 0 1
    outer loop
      vertex 53.3082 -44.1666 2.98
      vertex 28.5 -42.98 2.98
      vertex 53.3327 -44.3317 2.98
    endloop
  endfacet
  facet normal 0 0 1
    outer loop
      vertex 28.5 -41.02 2.98
      vertex 29.5607 20.1537 2.98
      vertex 28.7841 20.0385 2.98
    endloop
  endfacet
  facet normal 0 0 1
    outer loop
      vertex 53.3327 -44.3317 2.98
      vertex 28.5 -42.98 2.98
      vertex 53.3732 -44.4935 2.98
    endloop
  endfacet
  facet normal 0 0 1
    outer loop
      vertex 53.3732 -44.4935 2.98
      vertex 28.5 -42.98 2.98
      vertex 53.4294 -44.6506 2.98
    endloop
  endfacet
  facet normal 0 0 1
    outer loop
      vertex 53.4294 -44.6506 2.98
      vertex 28.5 -42.98 2.98
      vertex 53.5007 -44.8014 2.98
    endloop
  endfacet
  facet normal 0 0 1
    outer loop
      vertex 53.5007 -44.8014 2.98
      vertex 28.5 -42.98 2.98
      vertex 53.5865 -44.9445 2.98
    endloop
  endfacet
  facet normal 0 0 1
    outer loop
      vertex 53.5865 -44.9445 2.98
      vertex 28.5 -42.98 2.98
      vertex 53.6859 -45.0785 2.98
    endloop
  endfacet
  facet normal 0 0 1
    outer loop
      vertex 53.6859 -45.0785 2.98
      vertex 28.5 -42.98 2.98
      vertex 53.7979 -45.2021 2.98
    endloop
  endfacet
  facet normal 0 0 1
    outer loop
      vertex 53.7979 -45.2021 2.98
      vertex 28.5 -42.98 2.98
      vertex 53.9215 -45.3141 2.98
    endloop
  endfacet
  facet normal 0 0 1
    outer loop
      vertex 53.9215 -45.3141 2.98
      vertex 28.5 -42.98 2.98
      vertex 54.0555 -45.4135 2.98
    endloop
  endfacet
  facet normal 0 0 1
    outer loop
      vertex 54.1986 -45.4993 2.98
      vertex 28.5 -42.98 2.98
      vertex 62 -51 2.98
    endloop
  endfacet
  facet normal -0 0 1
    outer loop
      vertex -28.5 -42.98 2.98
      vertex 62 -51 2.98
      vertex 28.5 -42.98 2.98
    endloop
  endfacet
  facet normal 0 0 1
    outer loop
      vertex -30.3223 20.3445 2.98
      vertex -28.5 -41.02 2.98
      vertex -29.5607 20.1537 2.98
    endloop
  endfacet
  facet normal 0 0 1
    outer loop
      vertex -31.0615 20.609 2.98
      vertex -28.5 -41.02 2.98
      vertex -30.3223 20.3445 2.98
    endloop
  endfacet
  facet normal 0 0 1
    outer loop
      vertex -53.3 -44 2.98
      vertex -28.5 -41.02 2.98
      vertex -31.0615 20.609 2.98
    endloop
  endfacet
  facet normal 0 0 1
    outer loop
      vertex -53.3 -44 2.98
      vertex -31.0615 20.609 2.98
      vertex -31.7712 20.9446 2.98
    endloop
  endfacet
  facet normal 0 0 1
    outer loop
      vertex -53.3 -44 2.98
      vertex -31.7712 20.9446 2.98
      vertex -32.4446 21.3482 2.98
    endloop
  endfacet
  facet normal 0 0 1
    outer loop
      vertex -53.3 -44 2.98
      vertex -32.4446 21.3482 2.98
      vertex -33.0751 21.8159 2.98
    endloop
  endfacet
  facet normal 0 0 1
    outer loop
      vertex -53.3 -44 2.98
      vertex -33.0751 21.8159 2.98
      vertex -33.6569 22.3431 2.98
    endloop
  endfacet
  facet normal 0 0 1
    outer loop
      vertex -53.3 -44 2.98
      vertex -33.6569 22.3431 2.98
      vertex -34.1841 22.9249 2.98
    endloop
  endfacet
  facet normal 0 0 1
    outer loop
      vertex -53.3 -44 2.98
      vertex -34.1841 22.9249 2.98
      vertex -34.6518 23.5554 2.98
    endloop
  endfacet
  facet normal 0 0 1
    outer loop
      vertex -53.3 -44 2.98
      vertex -34.6518 23.5554 2.98
      vertex -35.0554 24.2288 2.98
    endloop
  endfacet
  facet normal 0 0 1
    outer loop
      vertex -35.391 31.0615 2.98
      vertex -53.7979 42.7979 2.98
      vertex -35.6555 30.3223 2.98
    endloop
  endfacet
  facet normal -0 0 1
    outer loop
      vertex -53.7979 42.7979 2.98
      vertex -35.391 31.0615 2.98
      vertex -53.6859 42.9215 2.98
    endloop
  endfacet
  facet normal 0 0 1
    outer loop
      vertex -35.0554 31.7712 2.98
      vertex -53.6859 42.9215 2.98
      vertex -35.391 31.0615 2.98
    endloop
  endfacet
  facet normal -0 0 1
    outer loop
      vertex -53.6859 42.9215 2.98
      vertex -35.0554 31.7712 2.98
      vertex -53.5865 43.0555 2.98
    endloop
  endfacet
  facet normal -0 0 1
    outer loop
      vertex -53.5865 43.0555 2.98
      vertex -35.0554 31.7712 2.98
      vertex -53.5007 43.1986 2.98
    endloop
  endfacet
  facet normal -0 0 1
    outer loop
      vertex -53.9215 42.6859 2.98
      vertex -35.6555 30.3223 2.98
      vertex -53.7979 42.7979 2.98
    endloop
  endfacet
  facet normal 0 0 1
    outer loop
      vertex -28.5 -41.02 2.98
      vertex -53.3 -44 2.98
      vertex -28.5 -42.98 2.98
    endloop
  endfacet
  facet normal 0 0 1
    outer loop
      vertex -53.3082 -44.1666 2.98
      vertex -28.5 -42.98 2.98
      vertex -53.3 -44 2.98
    endloop
  endfacet
  facet normal 0 0 1
    outer loop
      vertex -53.3327 -44.3317 2.98
      vertex -28.5 -42.98 2.98
      vertex -53.3082 -44.1666 2.98
    endloop
  endfacet
  facet normal 0 0 1
    outer loop
      vertex -53.3732 -44.4935 2.98
      vertex -28.5 -42.98 2.98
      vertex -53.3327 -44.3317 2.98
    endloop
  endfacet
  facet normal 0 0 1
    outer loop
      vertex -53.4294 -44.6506 2.98
      vertex -28.5 -42.98 2.98
      vertex -53.3732 -44.4935 2.98
    endloop
  endfacet
  facet normal 0 0 1
    outer loop
      vertex -53.5007 -44.8014 2.98
      vertex -28.5 -42.98 2.98
      vertex -53.4294 -44.6506 2.98
    endloop
  endfacet
  facet normal 0 0 1
    outer loop
      vertex -53.5865 -44.9445 2.98
      vertex -28.5 -42.98 2.98
      vertex -53.5007 -44.8014 2.98
    endloop
  endfacet
  facet normal 0 0 1
    outer loop
      vertex -53.6859 -45.0785 2.98
      vertex -28.5 -42.98 2.98
      vertex -53.5865 -44.9445 2.98
    endloop
  endfacet
  facet normal 0 0 1
    outer loop
      vertex -53.7979 -45.2021 2.98
      vertex -28.5 -42.98 2.98
      vertex -53.6859 -45.0785 2.98
    endloop
  endfacet
  facet normal 0 0 1
    outer loop
      vertex -53.9215 -45.3141 2.98
      vertex -28.5 -42.98 2.98
      vertex -53.7979 -45.2021 2.98
    endloop
  endfacet
  facet normal 0 0 1
    outer loop
      vertex -54.0555 -45.4135 2.98
      vertex -28.5 -42.98 2.98
      vertex -53.9215 -45.3141 2.98
    endloop
  endfacet
  facet normal 0 0 1
    outer loop
      vertex -54.1986 -45.4993 2.98
      vertex -28.5 -42.98 2.98
      vertex -54.0555 -45.4135 2.98
    endloop
  endfacet
  facet normal 0 0 1
    outer loop
      vertex -28.5 -42.98 2.98
      vertex -54.1986 -45.4993 2.98
      vertex -62 -51 2.98
    endloop
  endfacet
  facet normal 0 0 1
    outer loop
      vertex -62 -51 2.98
      vertex -54.1986 -45.4993 2.98
      vertex -54.3494 -45.5706 2.98
    endloop
  endfacet
  facet normal 0 0 1
    outer loop
      vertex -62 -51 2.98
      vertex -54.3494 -45.5706 2.98
      vertex -54.5065 -45.6268 2.98
    endloop
  endfacet
  facet normal 0 0 1
    outer loop
      vertex -62 -51 2.98
      vertex -54.5065 -45.6268 2.98
      vertex -54.6683 -45.6673 2.98
    endloop
  endfacet
  facet normal 0 0 1
    outer loop
      vertex -62 -51 2.98
      vertex -54.6683 -45.6673 2.98
      vertex -54.8334 -45.6918 2.98
    endloop
  endfacet
  facet normal 0 0 1
    outer loop
      vertex -62 -51 2.98
      vertex -54.8334 -45.6918 2.98
      vertex -55 -45.7 2.98
    endloop
  endfacet
  facet normal 0 0 1
    outer loop
      vertex -56.6918 -43.8334 2.98
      vertex -62 -51 2.98
      vertex -56.7 -44 2.98
    endloop
  endfacet
  facet normal 0 0 1
    outer loop
      vertex -28.5 -42.98 2.98
      vertex -62 -51 2.98
      vertex 62 -51 2.98
    endloop
  endfacet
  facet normal 0 0 1
    outer loop
      vertex -55.1666 -45.6918 2.98
      vertex -62 -51 2.98
      vertex -55 -45.7 2.98
    endloop
  endfacet
  facet normal 0 0 1
    outer loop
      vertex -55.3317 -45.6673 2.98
      vertex -62 -51 2.98
      vertex -55.1666 -45.6918 2.98
    endloop
  endfacet
  facet normal 0 0 1
    outer loop
      vertex -55.4935 -45.6268 2.98
      vertex -62 -51 2.98
      vertex -55.3317 -45.6673 2.98
    endloop
  endfacet
  facet normal 0 0 1
    outer loop
      vertex -55.6506 -45.5706 2.98
      vertex -62 -51 2.98
      vertex -55.4935 -45.6268 2.98
    endloop
  endfacet
  facet normal 0 0 1
    outer loop
      vertex -55.8014 -45.4993 2.98
      vertex -62 -51 2.98
      vertex -55.6506 -45.5706 2.98
    endloop
  endfacet
  facet normal 0 0 1
    outer loop
      vertex -55.9445 -45.4135 2.98
      vertex -62 -51 2.98
      vertex -55.8014 -45.4993 2.98
    endloop
  endfacet
  facet normal 0 0 1
    outer loop
      vertex -56.0785 -45.3141 2.98
      vertex -62 -51 2.98
      vertex -55.9445 -45.4135 2.98
    endloop
  endfacet
  facet normal 0 0 1
    outer loop
      vertex -56.2021 -45.2021 2.98
      vertex -62 -51 2.98
      vertex -56.0785 -45.3141 2.98
    endloop
  endfacet
  facet normal 0 0 1
    outer loop
      vertex -56.3141 -45.0785 2.98
      vertex -62 -51 2.98
      vertex -56.2021 -45.2021 2.98
    endloop
  endfacet
  facet normal 0 0 1
    outer loop
      vertex -56.4135 -44.9445 2.98
      vertex -62 -51 2.98
      vertex -56.3141 -45.0785 2.98
    endloop
  endfacet
  facet normal 0 0 1
    outer loop
      vertex -56.4993 -44.8014 2.98
      vertex -62 -51 2.98
      vertex -56.4135 -44.9445 2.98
    endloop
  endfacet
  facet normal 0 0 1
    outer loop
      vertex -56.5706 -44.6506 2.98
      vertex -62 -51 2.98
      vertex -56.4993 -44.8014 2.98
    endloop
  endfacet
  facet normal 0 0 1
    outer loop
      vertex -56.6268 -44.4935 2.98
      vertex -62 -51 2.98
      vertex -56.5706 -44.6506 2.98
    endloop
  endfacet
  facet normal 0 0 1
    outer loop
      vertex -56.6673 -44.3317 2.98
      vertex -62 -51 2.98
      vertex -56.6268 -44.4935 2.98
    endloop
  endfacet
  facet normal 0 0 1
    outer loop
      vertex -56.6918 -44.1666 2.98
      vertex -62 -51 2.98
      vertex -56.6673 -44.3317 2.98
    endloop
  endfacet
  facet normal 0 0 1
    outer loop
      vertex -56.7 -44 2.98
      vertex -62 -51 2.98
      vertex -56.6918 -44.1666 2.98
    endloop
  endfacet
  facet normal 0 1 -0
    outer loop
      vertex 62 51 -0.0199995
      vertex -62 51 2.98
      vertex 62 51 2.98
    endloop
  endfacet
  facet normal 0 1 0
    outer loop
      vertex -62 51 2.98
      vertex 62 51 -0.0199995
      vertex -62 51 -0.0199995
    endloop
  endfacet
  facet normal 1 -0 0
    outer loop
      vertex 62 -51 2.98
      vertex 62 51 -0.0199995
      vertex 62 51 2.98
    endloop
  endfacet
  facet normal 1 0 0
    outer loop
      vertex 62 51 -0.0199995
      vertex 62 -51 2.98
      vertex 62 -51 -0.0199995
    endloop
  endfacet
  facet normal 0 -1 0
    outer loop
      vertex -62 -51 -0.0199995
      vertex 62 -51 2.98
      vertex -62 -51 2.98
    endloop
  endfacet
  facet normal 0 -1 -0
    outer loop
      vertex 62 -51 2.98
      vertex -62 -51 -0.0199995
      vertex 62 -51 -0.0199995
    endloop
  endfacet
  facet normal 1 -0 0
    outer loop
      vertex -28.5 -42.98 2.98
      vertex -28.5 -41.02 -0.0199995
      vertex -28.5 -41.02 2.98
    endloop
  endfacet
  facet normal 1 0 0
    outer loop
      vertex -28.5 -41.02 -0.0199995
      vertex -28.5 -42.98 2.98
      vertex -28.5 -42.98 -0.0199995
    endloop
  endfacet
  facet normal 0 -1 0
    outer loop
      vertex -28.5 -41.02 -0.0199995
      vertex 28.5 -41.02 2.98
      vertex -28.5 -41.02 2.98
    endloop
  endfacet
  facet normal 0 -1 -0
    outer loop
      vertex 28.5 -41.02 2.98
      vertex -28.5 -41.02 -0.0199995
      vertex 28.5 -41.02 -0.0199995
    endloop
  endfacet
  facet normal -1 0 0
    outer loop
      vertex 28.5 -42.98 -0.0199995
      vertex 28.5 -41.02 2.98
      vertex 28.5 -41.02 -0.0199995
    endloop
  endfacet
  facet normal -1 -0 0
    outer loop
      vertex 28.5 -41.02 2.98
      vertex 28.5 -42.98 -0.0199995
      vertex 28.5 -42.98 2.98
    endloop
  endfacet
  facet normal 0 1 -0
    outer loop
      vertex 28.5 -42.98 -0.0199995
      vertex -28.5 -42.98 2.98
      vertex 28.5 -42.98 2.98
    endloop
  endfacet
  facet normal 0 1 0
    outer loop
      vertex -28.5 -42.98 2.98
      vertex 28.5 -42.98 -0.0199995
      vertex -28.5 -42.98 -0.0199995
    endloop
  endfacet
  facet normal 0 0 -1
    outer loop
      vertex -49.5 -47.5 -5
      vertex 49.5 -45.5 -5
      vertex 49.5 -47.5 -5
    endloop
  endfacet
  facet normal -0 0 -1
    outer loop
      vertex 49.5 -45.5 -5
      vertex -49.5 -47.5 -5
      vertex -49.5 -45.5 -5
    endloop
  endfacet
  facet normal -1 0 0
    outer loop
      vertex -49.5 -47.5 -5
      vertex -49.5 -45.5 -0.0199995
      vertex -49.5 -45.5 -5
    endloop
  endfacet
  facet normal -1 -0 0
    outer loop
      vertex -49.5 -45.5 -0.0199995
      vertex -49.5 -47.5 -5
      vertex -49.5 -47.5 -0.0199995
    endloop
  endfacet
  facet normal 0 1 -0
    outer loop
      vertex 49.5 -45.5 -5
      vertex -49.5 -45.5 -0.0199995
      vertex 49.5 -45.5 -0.0199995
    endloop
  endfacet
  facet normal 0 1 0
    outer loop
      vertex -49.5 -45.5 -0.0199995
      vertex 49.5 -45.5 -5
      vertex -49.5 -45.5 -5
    endloop
  endfacet
  facet normal 1 -0 0
    outer loop
      vertex 49.5 -47.5 -0.0199995
      vertex 49.5 -45.5 -5
      vertex 49.5 -45.5 -0.0199995
    endloop
  endfacet
  facet normal 1 0 0
    outer loop
      vertex 49.5 -45.5 -5
      vertex 49.5 -47.5 -0.0199995
      vertex 49.5 -47.5 -5
    endloop
  endfacet
  facet normal 0 -1 0
    outer loop
      vertex -49.5 -47.5 -5
      vertex 49.5 -47.5 -0.0199995
      vertex -49.5 -47.5 -0.0199995
    endloop
  endfacet
  facet normal 0 -1 -0
    outer loop
      vertex 49.5 -47.5 -0.0199995
      vertex -49.5 -47.5 -5
      vertex 49.5 -47.5 -5
    endloop
  endfacet
  facet normal 0 0 -1
    outer loop
      vertex -49.5 45.5 -5
      vertex 49.5 47.5 -5
      vertex 49.5 45.5 -5
    endloop
  endfacet
  facet normal -0 0 -1
    outer loop
      vertex 49.5 47.5 -5
      vertex -49.5 45.5 -5
      vertex -49.5 47.5 -5
    endloop
  endfacet
  facet normal -1 0 0
    outer loop
      vertex -49.5 45.5 -5
      vertex -49.5 47.5 -0.0199995
      vertex -49.5 47.5 -5
    endloop
  endfacet
  facet normal -1 -0 0
    outer loop
      vertex -49.5 47.5 -0.0199995
      vertex -49.5 45.5 -5
      vertex -49.5 45.5 -0.0199995
    endloop
  endfacet
  facet normal 0 1 -0
    outer loop
      vertex 49.5 47.5 -5
      vertex -49.5 47.5 -0.0199995
      vertex 49.5 47.5 -0.0199995
    endloop
  endfacet
  facet normal 0 1 0
    outer loop
      vertex -49.5 47.5 -0.0199995
      vertex 49.5 47.5 -5
      vertex -49.5 47.5 -5
    endloop
  endfacet
  facet normal 1 -0 0
    outer loop
      vertex 49.5 45.5 -0.0199995
      vertex 49.5 47.5 -5
      vertex 49.5 47.5 -0.0199995
    endloop
  endfacet
  facet normal 1 0 0
    outer loop
      vertex 49.5 47.5 -5
      vertex 49.5 45.5 -0.0199995
      vertex 49.5 45.5 -5
    endloop
  endfacet
  facet normal 0 -1 0
    outer loop
      vertex -49.5 45.5 -5
      vertex 49.5 45.5 -0.0199995
      vertex -49.5 45.5 -0.0199995
    endloop
  endfacet
  facet normal 0 -1 -0
    outer loop
      vertex 49.5 45.5 -0.0199995
      vertex -49.5 45.5 -5
      vertex 49.5 45.5 -5
    endloop
  endfacet
  facet normal 0 0 -1
    outer loop
      vertex -58.5 -38.5 -5
      vertex -56.5 38.5 -5
      vertex -56.5 -38.5 -5
    endloop
  endfacet
  facet normal -0 0 -1
    outer loop
      vertex -56.5 38.5 -5
      vertex -58.5 -38.5 -5
      vertex -58.5 38.5 -5
    endloop
  endfacet
  facet normal -1 0 0
    outer loop
      vertex -58.5 -38.5 -5
      vertex -58.5 38.5 -0.0199995
      vertex -58.5 38.5 -5
    endloop
  endfacet
  facet normal -1 -0 0
    outer loop
      vertex -58.5 38.5 -0.0199995
      vertex -58.5 -38.5 -5
      vertex -58.5 -38.5 -0.0199995
    endloop
  endfacet
  facet normal 0 1 -0
    outer loop
      vertex -56.5 38.5 -5
      vertex -58.5 38.5 -0.0199995
      vertex -56.5 38.5 -0.0199995
    endloop
  endfacet
  facet normal 0 1 0
    outer loop
      vertex -58.5 38.5 -0.0199995
      vertex -56.5 38.5 -5
      vertex -58.5 38.5 -5
    endloop
  endfacet
  facet normal 1 -0 0
    outer loop
      vertex -56.5 -38.5 -0.0199995
      vertex -56.5 38.5 -5
      vertex -56.5 38.5 -0.0199995
    endloop
  endfacet
  facet normal 1 0 0
    outer loop
      vertex -56.5 38.5 -5
      vertex -56.5 -38.5 -0.0199995
      vertex -56.5 -38.5 -5
    endloop
  endfacet
  facet normal 0 -1 0
    outer loop
      vertex -58.5 -38.5 -5
      vertex -56.5 -38.5 -0.0199995
      vertex -58.5 -38.5 -0.0199995
    endloop
  endfacet
  facet normal 0 -1 -0
    outer loop
      vertex -56.5 -38.5 -0.0199995
      vertex -58.5 -38.5 -5
      vertex -56.5 -38.5 -5
    endloop
  endfacet
  facet normal 0 0 -1
    outer loop
      vertex 56.5 -38.5 -5
      vertex 58.5 38.5 -5
      vertex 58.5 -38.5 -5
    endloop
  endfacet
  facet normal -0 0 -1
    outer loop
      vertex 58.5 38.5 -5
      vertex 56.5 -38.5 -5
      vertex 56.5 38.5 -5
    endloop
  endfacet
  facet normal -1 0 0
    outer loop
      vertex 56.5 -38.5 -5
      vertex 56.5 38.5 -0.0199995
      vertex 56.5 38.5 -5
    endloop
  endfacet
  facet normal -1 -0 0
    outer loop
      vertex 56.5 38.5 -0.0199995
      vertex 56.5 -38.5 -5
      vertex 56.5 -38.5 -0.0199995
    endloop
  endfacet
  facet normal 0 1 -0
    outer loop
      vertex 58.5 38.5 -5
      vertex 56.5 38.5 -0.0199995
      vertex 58.5 38.5 -0.0199995
    endloop
  endfacet
  facet normal 0 1 0
    outer loop
      vertex 56.5 38.5 -0.0199995
      vertex 58.5 38.5 -5
      vertex 56.5 38.5 -5
    endloop
  endfacet
  facet normal 1 -0 0
    outer loop
      vertex 58.5 -38.5 -0.0199995
      vertex 58.5 38.5 -5
      vertex 58.5 38.5 -0.0199995
    endloop
  endfacet
  facet normal 1 0 0
    outer loop
      vertex 58.5 38.5 -5
      vertex 58.5 -38.5 -0.0199995
      vertex 58.5 -38.5 -5
    endloop
  endfacet
  facet normal 0 -1 0
    outer loop
      vertex 56.5 -38.5 -5
      vertex 58.5 -38.5 -0.0199995
      vertex 56.5 -38.5 -0.0199995
    endloop
  endfacet
  facet normal 0 -1 -0
    outer loop
      vertex 58.5 -38.5 -0.0199995
      vertex 56.5 -38.5 -5
      vertex 58.5 -38.5 -5
    endloop
  endfacet
endsolid OpenSCAD_Model
