solid OpenSCAD_Model
  facet normal 0 0 -1
    outer loop
      vertex 20.6769 5.76589 -0.0199995
      vertex 31 23 -0.0199995
      vertex 31 -23 -0.0199995
    endloop
  endfacet
  facet normal 0 0 -1
    outer loop
      vertex 31 23 -0.0199995
      vertex 20.6942 5.88238 -0.0199995
      vertex 20.7 6 -0.0199995
    endloop
  endfacet
  facet normal 0 0 -1
    outer loop
      vertex 31 23 -0.0199995
      vertex 20.6769 5.76589 -0.0199995
      vertex 20.6942 5.88238 -0.0199995
    endloop
  endfacet
  facet normal 0 0 -1
    outer loop
      vertex 31 -23 -0.0199995
      vertex 20.6483 5.65166 -0.0199995
      vertex 20.6769 5.76589 -0.0199995
    endloop
  endfacet
  facet normal 0 0 -1
    outer loop
      vertex 31 -23 -0.0199995
      vertex 20.6087 5.54078 -0.0199995
      vertex 20.6483 5.65166 -0.0199995
    endloop
  endfacet
  facet normal 0 0 -1
    outer loop
      vertex 31 -23 -0.0199995
      vertex 20.5583 5.43432 -0.0199995
      vertex 20.6087 5.54078 -0.0199995
    endloop
  endfacet
  facet normal 0 0 -1
    outer loop
      vertex 31 -23 -0.0199995
      vertex 20.4978 5.33332 -0.0199995
      vertex 20.5583 5.43432 -0.0199995
    endloop
  endfacet
  facet normal 0 0 -1
    outer loop
      vertex 31 -23 -0.0199995
      vertex 20.4276 5.23873 -0.0199995
      vertex 20.4978 5.33332 -0.0199995
    endloop
  endfacet
  facet normal 0 0 -1
    outer loop
      vertex 31 -23 -0.0199995
      vertex 20.3485 5.15147 -0.0199995
      vertex 20.4276 5.23873 -0.0199995
    endloop
  endfacet
  facet normal 0 0 -1
    outer loop
      vertex 31 -23 -0.0199995
      vertex 20.2613 5.07239 -0.0199995
      vertex 20.3485 5.15147 -0.0199995
    endloop
  endfacet
  facet normal 0 0 -1
    outer loop
      vertex 31 -23 -0.0199995
      vertex 20.1667 5.00224 -0.0199995
      vertex 20.2613 5.07239 -0.0199995
    endloop
  endfacet
  facet normal 0 0 -1
    outer loop
      vertex 31 -23 -0.0199995
      vertex 20.0657 4.9417 -0.0199995
      vertex 20.1667 5.00224 -0.0199995
    endloop
  endfacet
  facet normal 0 0 -1
    outer loop
      vertex 31 -23 -0.0199995
      vertex 19.9592 4.89135 -0.0199995
      vertex 20.0657 4.9417 -0.0199995
    endloop
  endfacet
  facet normal 0 0 -1
    outer loop
      vertex 31 -23 -0.0199995
      vertex 19.8483 4.85167 -0.0199995
      vertex 19.9592 4.89135 -0.0199995
    endloop
  endfacet
  facet normal 0 0 -1
    outer loop
      vertex 16.0139 2.98592 -0.0199995
      vertex 19.8483 4.85167 -0.0199995
      vertex 31 -23 -0.0199995
    endloop
  endfacet
  facet normal 0 -0 -1
    outer loop
      vertex 16.2997 3.19784 -0.0199995
      vertex 19.8483 4.85167 -0.0199995
      vertex 16.0139 2.98592 -0.0199995
    endloop
  endfacet
  facet normal 0 0 -1
    outer loop
      vertex 19.8483 4.85167 -0.0199995
      vertex 16.2997 3.19784 -0.0199995
      vertex 19.7341 4.82306 -0.0199995
    endloop
  endfacet
  facet normal 0 0 -1
    outer loop
      vertex 19.7341 4.82306 -0.0199995
      vertex 16.2997 3.19784 -0.0199995
      vertex 19.6176 4.80578 -0.0199995
    endloop
  endfacet
  facet normal 0 -0 -1
    outer loop
      vertex 16.5633 3.43674 -0.0199995
      vertex 19.6176 4.80578 -0.0199995
      vertex 16.2997 3.19784 -0.0199995
    endloop
  endfacet
  facet normal 0 0 -1
    outer loop
      vertex 19.6176 4.80578 -0.0199995
      vertex 16.5633 3.43674 -0.0199995
      vertex 19.5 4.8 -0.0199995
    endloop
  endfacet
  facet normal -0 0 -1
    outer loop
      vertex 19.5 4.8 -0.0199995
      vertex 16.8022 3.70033 -0.0199995
      vertex 19.3824 4.80578 -0.0199995
    endloop
  endfacet
  facet normal -0 0 -1
    outer loop
      vertex 19.3824 4.80578 -0.0199995
      vertex 16.8022 3.70033 -0.0199995
      vertex 19.2659 4.82306 -0.0199995
    endloop
  endfacet
  facet normal 0 -0 -1
    outer loop
      vertex 17.0141 3.98606 -0.0199995
      vertex 19.2659 4.82306 -0.0199995
      vertex 16.8022 3.70033 -0.0199995
    endloop
  endfacet
  facet normal -0 0 -1
    outer loop
      vertex 19.2659 4.82306 -0.0199995
      vertex 17.0141 3.98606 -0.0199995
      vertex 19.1517 4.85167 -0.0199995
    endloop
  endfacet
  facet normal -0 0 -1
    outer loop
      vertex 19.1517 4.85167 -0.0199995
      vertex 17.197 4.29119 -0.0199995
      vertex 19.0408 4.89135 -0.0199995
    endloop
  endfacet
  facet normal -0 0 -1
    outer loop
      vertex 19.0408 4.89135 -0.0199995
      vertex 17.197 4.29119 -0.0199995
      vertex 18.9343 4.9417 -0.0199995
    endloop
  endfacet
  facet normal 0 -0 -1
    outer loop
      vertex 17.3491 4.61277 -0.0199995
      vertex 18.9343 4.9417 -0.0199995
      vertex 17.197 4.29119 -0.0199995
    endloop
  endfacet
  facet normal -0 0 -1
    outer loop
      vertex 18.8333 5.00224 -0.0199995
      vertex 17.3491 4.61277 -0.0199995
      vertex 18.7387 5.07239 -0.0199995
    endloop
  endfacet
  facet normal -0 0 -1
    outer loop
      vertex 18.7387 5.07239 -0.0199995
      vertex 17.3491 4.61277 -0.0199995
      vertex 18.6515 5.15147 -0.0199995
    endloop
  endfacet
  facet normal 0 0 -1
    outer loop
      vertex 18.3058 5.88238 -0.0199995
      vertex 17.625 6 -0.0199995
      vertex 18.3 6 -0.0199995
    endloop
  endfacet
  facet normal 0 0 -1
    outer loop
      vertex 17.6075 5.64469 -0.0199995
      vertex 18.3058 5.88238 -0.0199995
      vertex 18.3231 5.76589 -0.0199995
    endloop
  endfacet
  facet normal 0 0 -1
    outer loop
      vertex 17.6075 5.64469 -0.0199995
      vertex 18.3231 5.76589 -0.0199995
      vertex 18.3517 5.65166 -0.0199995
    endloop
  endfacet
  facet normal 0 0 -1
    outer loop
      vertex 17.6075 5.64469 -0.0199995
      vertex 18.3517 5.65166 -0.0199995
      vertex 18.3913 5.54078 -0.0199995
    endloop
  endfacet
  facet normal 0 -0 -1
    outer loop
      vertex 17.4689 4.94772 -0.0199995
      vertex 18.6515 5.15147 -0.0199995
      vertex 17.3491 4.61277 -0.0199995
    endloop
  endfacet
  facet normal -0 0 -1
    outer loop
      vertex 18.3058 5.88238 -0.0199995
      vertex 17.6075 5.64469 -0.0199995
      vertex 17.625 6 -0.0199995
    endloop
  endfacet
  facet normal -0 0 -1
    outer loop
      vertex 18.3913 5.54078 -0.0199995
      vertex 17.5553 5.2928 -0.0199995
      vertex 17.6075 5.64469 -0.0199995
    endloop
  endfacet
  facet normal -0 0 -1
    outer loop
      vertex 18.4417 5.43432 -0.0199995
      vertex 17.5553 5.2928 -0.0199995
      vertex 18.3913 5.54078 -0.0199995
    endloop
  endfacet
  facet normal -0 0 -1
    outer loop
      vertex 18.5022 5.33332 -0.0199995
      vertex 17.5553 5.2928 -0.0199995
      vertex 18.4417 5.43432 -0.0199995
    endloop
  endfacet
  facet normal 0 -0 -1
    outer loop
      vertex 17.5553 5.2928 -0.0199995
      vertex 18.5022 5.33332 -0.0199995
      vertex 17.4689 4.94772 -0.0199995
    endloop
  endfacet
  facet normal -0 0 -1
    outer loop
      vertex 18.5724 5.23873 -0.0199995
      vertex 17.4689 4.94772 -0.0199995
      vertex 18.5022 5.33332 -0.0199995
    endloop
  endfacet
  facet normal -0 0 -1
    outer loop
      vertex 18.6515 5.15147 -0.0199995
      vertex 17.4689 4.94772 -0.0199995
      vertex 18.5724 5.23873 -0.0199995
    endloop
  endfacet
  facet normal -0 0 -1
    outer loop
      vertex 18.9343 4.9417 -0.0199995
      vertex 17.3491 4.61277 -0.0199995
      vertex 18.8333 5.00224 -0.0199995
    endloop
  endfacet
  facet normal 0 -0 -1
    outer loop
      vertex 17.197 4.29119 -0.0199995
      vertex 19.1517 4.85167 -0.0199995
      vertex 17.0141 3.98606 -0.0199995
    endloop
  endfacet
  facet normal 0 -0 -1
    outer loop
      vertex 16.8022 3.70033 -0.0199995
      vertex 19.5 4.8 -0.0199995
      vertex 16.5633 3.43674 -0.0199995
    endloop
  endfacet
  facet normal 0 0 -1
    outer loop
      vertex 31 -23 -0.0199995
      vertex 15.7088 2.80304 -0.0199995
      vertex 16.0139 2.98592 -0.0199995
    endloop
  endfacet
  facet normal 0 0 -1
    outer loop
      vertex 31 -23 -0.0199995
      vertex 15.3872 2.65094 -0.0199995
      vertex 15.7088 2.80304 -0.0199995
    endloop
  endfacet
  facet normal 0 0 -1
    outer loop
      vertex 31 -23 -0.0199995
      vertex 15.0523 2.53109 -0.0199995
      vertex 15.3872 2.65094 -0.0199995
    endloop
  endfacet
  facet normal 0 0 -1
    outer loop
      vertex 3.5 -12 -0.0199995
      vertex 15.0523 2.53109 -0.0199995
      vertex 31 -23 -0.0199995
    endloop
  endfacet
  facet normal 0 0 -1
    outer loop
      vertex 15.0523 2.53109 -0.0199995
      vertex 3.5 -12 -0.0199995
      vertex 14.7072 2.44465 -0.0199995
    endloop
  endfacet
  facet normal 0 0 -1
    outer loop
      vertex 3.48315 -11.6569 -0.0199995
      vertex 14.7072 2.44465 -0.0199995
      vertex 3.5 -12 -0.0199995
    endloop
  endfacet
  facet normal 0 0 -1
    outer loop
      vertex 14.7072 2.44465 -0.0199995
      vertex 3.48315 -11.6569 -0.0199995
      vertex 14.3553 2.39246 -0.0199995
    endloop
  endfacet
  facet normal 0 0 -1
    outer loop
      vertex 3.43275 -11.3172 -0.0199995
      vertex 14.3553 2.39246 -0.0199995
      vertex 3.48315 -11.6569 -0.0199995
    endloop
  endfacet
  facet normal 0 0 -1
    outer loop
      vertex 14.3553 2.39246 -0.0199995
      vertex 3.43275 -11.3172 -0.0199995
      vertex 14 2.375 -0.0199995
    endloop
  endfacet
  facet normal 0 0 -1
    outer loop
      vertex 3.34929 -10.984 -0.0199995
      vertex 14 2.375 -0.0199995
      vertex 3.43275 -11.3172 -0.0199995
    endloop
  endfacet
  facet normal -0 0 -1
    outer loop
      vertex 14 2.375 -0.0199995
      vertex 3.34929 -10.984 -0.0199995
      vertex 13.6447 2.39246 -0.0199995
    endloop
  endfacet
  facet normal 0 0 -1
    outer loop
      vertex 3.23358 -10.6606 -0.0199995
      vertex 13.6447 2.39246 -0.0199995
      vertex 3.34929 -10.984 -0.0199995
    endloop
  endfacet
  facet normal -0 0 -1
    outer loop
      vertex 13.6447 2.39246 -0.0199995
      vertex 3.23358 -10.6606 -0.0199995
      vertex 13.2928 2.44465 -0.0199995
    endloop
  endfacet
  facet normal -0 0 -1
    outer loop
      vertex 13.2928 2.44465 -0.0199995
      vertex 3.08672 -10.3501 -0.0199995
      vertex 12.9477 2.53109 -0.0199995
    endloop
  endfacet
  facet normal 0 0 -1
    outer loop
      vertex 2.91014 -10.0555 -0.0199995
      vertex 12.9477 2.53109 -0.0199995
      vertex 3.08672 -10.3501 -0.0199995
    endloop
  endfacet
  facet normal -0 0 -1
    outer loop
      vertex 12.9477 2.53109 -0.0199995
      vertex 2.91014 -10.0555 -0.0199995
      vertex 12.6128 2.65094 -0.0199995
    endloop
  endfacet
  facet normal -0 0 -1
    outer loop
      vertex 11.9861 2.98592 -0.0199995
      vertex 2.22038 -9.29446 -0.0199995
      vertex 11.7003 3.19784 -0.0199995
    endloop
  endfacet
  facet normal 0 0 -1
    outer loop
      vertex 2.22038 -9.29446 -0.0199995
      vertex 11.9861 2.98592 -0.0199995
      vertex 2.47487 -9.52513 -0.0199995
    endloop
  endfacet
  facet normal -0 0 -1
    outer loop
      vertex 12.2912 2.80304 -0.0199995
      vertex 2.47487 -9.52513 -0.0199995
      vertex 11.9861 2.98592 -0.0199995
    endloop
  endfacet
  facet normal 0 0 -1
    outer loop
      vertex 2.47487 -9.52513 -0.0199995
      vertex 12.2912 2.80304 -0.0199995
      vertex 2.70554 -9.77962 -0.0199995
    endloop
  endfacet
  facet normal -0 0 -1
    outer loop
      vertex 12.6128 2.65094 -0.0199995
      vertex 2.70554 -9.77962 -0.0199995
      vertex 12.2912 2.80304 -0.0199995
    endloop
  endfacet
  facet normal 0 0 -1
    outer loop
      vertex 2.70554 -9.77962 -0.0199995
      vertex 12.6128 2.65094 -0.0199995
      vertex 2.91014 -10.0555 -0.0199995
    endloop
  endfacet
  facet normal 0 0 -1
    outer loop
      vertex 3.08672 -10.3501 -0.0199995
      vertex 13.2928 2.44465 -0.0199995
      vertex 3.23358 -10.6606 -0.0199995
    endloop
  endfacet
  facet normal 0 0 -1
    outer loop
      vertex 31 -23 -0.0199995
      vertex 3.48315 -12.3431 -0.0199995
      vertex 3.5 -12 -0.0199995
    endloop
  endfacet
  facet normal 0 0 -1
    outer loop
      vertex 31 -23 -0.0199995
      vertex 3.43275 -12.6828 -0.0199995
      vertex 3.48315 -12.3431 -0.0199995
    endloop
  endfacet
  facet normal 0 0 -1
    outer loop
      vertex 31 -23 -0.0199995
      vertex 3.34929 -13.016 -0.0199995
      vertex 3.43275 -12.6828 -0.0199995
    endloop
  endfacet
  facet normal 0 0 -1
    outer loop
      vertex 31 -23 -0.0199995
      vertex 3.23358 -13.3394 -0.0199995
      vertex 3.34929 -13.016 -0.0199995
    endloop
  endfacet
  facet normal 0 0 -1
    outer loop
      vertex 31 -23 -0.0199995
      vertex 3.08672 -13.6499 -0.0199995
      vertex 3.23358 -13.3394 -0.0199995
    endloop
  endfacet
  facet normal 0 0 -1
    outer loop
      vertex 31 -23 -0.0199995
      vertex 2.91014 -13.9445 -0.0199995
      vertex 3.08672 -13.6499 -0.0199995
    endloop
  endfacet
  facet normal 0 0 -1
    outer loop
      vertex 31 -23 -0.0199995
      vertex 2.70554 -14.2204 -0.0199995
      vertex 2.91014 -13.9445 -0.0199995
    endloop
  endfacet
  facet normal 0 0 -1
    outer loop
      vertex 31 -23 -0.0199995
      vertex 2.47487 -14.4749 -0.0199995
      vertex 2.70554 -14.2204 -0.0199995
    endloop
  endfacet
  facet normal 0 0 -1
    outer loop
      vertex 31 -23 -0.0199995
      vertex 2.22038 -14.7055 -0.0199995
      vertex 2.47487 -14.4749 -0.0199995
    endloop
  endfacet
  facet normal 0 0 -1
    outer loop
      vertex 31 -23 -0.0199995
      vertex 1.9445 -14.9101 -0.0199995
      vertex 2.22038 -14.7055 -0.0199995
    endloop
  endfacet
  facet normal 0 0 -1
    outer loop
      vertex 31 -23 -0.0199995
      vertex 1.64989 -15.0867 -0.0199995
      vertex 1.9445 -14.9101 -0.0199995
    endloop
  endfacet
  facet normal 0 0 -1
    outer loop
      vertex 31 -23 -0.0199995
      vertex 1.33939 -15.2336 -0.0199995
      vertex 1.64989 -15.0867 -0.0199995
    endloop
  endfacet
  facet normal 0 0 -1
    outer loop
      vertex 31 -23 -0.0199995
      vertex 1.016 -15.3493 -0.0199995
      vertex 1.33939 -15.2336 -0.0199995
    endloop
  endfacet
  facet normal 0 0 -1
    outer loop
      vertex 31 -23 -0.0199995
      vertex 0.682816 -15.4327 -0.0199995
      vertex 1.016 -15.3493 -0.0199995
    endloop
  endfacet
  facet normal 0 0 -1
    outer loop
      vertex 31 -23 -0.0199995
      vertex 0.34306 -15.4831 -0.0199995
      vertex 0.682816 -15.4327 -0.0199995
    endloop
  endfacet
  facet normal 0 0 -1
    outer loop
      vertex 31 -23 -0.0199995
      vertex 0 -15.5 -0.0199995
      vertex 0.34306 -15.4831 -0.0199995
    endloop
  endfacet
  facet normal 0 0 -1
    outer loop
      vertex -31 -23 -0.0199995
      vertex 0 -15.5 -0.0199995
      vertex 31 -23 -0.0199995
    endloop
  endfacet
  facet normal -0 0 -1
    outer loop
      vertex 0 -15.5 -0.0199995
      vertex -31 -23 -0.0199995
      vertex -0.34306 -15.4831 -0.0199995
    endloop
  endfacet
  facet normal 0 0 -1
    outer loop
      vertex -14 -2 -0.0199995
      vertex -3.5 -12 -0.0199995
      vertex -3.48315 -12.3431 -0.0199995
    endloop
  endfacet
  facet normal 0 0 -1
    outer loop
      vertex -3.5 -12 -0.0199995
      vertex -6.03852 5.21586 -0.0199995
      vertex -6 6 -0.0199995
    endloop
  endfacet
  facet normal 0 0 -1
    outer loop
      vertex -3.5 -12 -0.0199995
      vertex -6.15372 4.43928 -0.0199995
      vertex -6.03852 5.21586 -0.0199995
    endloop
  endfacet
  facet normal 0 0 -1
    outer loop
      vertex -14.7841 -1.96148 -0.0199995
      vertex -3.48315 -12.3431 -0.0199995
      vertex -3.43275 -12.6828 -0.0199995
    endloop
  endfacet
  facet normal 0 0 -1
    outer loop
      vertex -3.5 -12 -0.0199995
      vertex -6.34448 3.67772 -0.0199995
      vertex -6.15372 4.43928 -0.0199995
    endloop
  endfacet
  facet normal 0 0 -1
    outer loop
      vertex -3.5 -12 -0.0199995
      vertex -6.60896 2.93853 -0.0199995
      vertex -6.34448 3.67772 -0.0199995
    endloop
  endfacet
  facet normal 0 0 -1
    outer loop
      vertex -3.5 -12 -0.0199995
      vertex -6.94463 2.22883 -0.0199995
      vertex -6.60896 2.93853 -0.0199995
    endloop
  endfacet
  facet normal 0 0 -1
    outer loop
      vertex -3.5 -12 -0.0199995
      vertex -7.34824 1.55544 -0.0199995
      vertex -6.94463 2.22883 -0.0199995
    endloop
  endfacet
  facet normal 0 0 -1
    outer loop
      vertex -15.5607 -1.84628 -0.0199995
      vertex -3.43275 -12.6828 -0.0199995
      vertex -3.34929 -13.016 -0.0199995
    endloop
  endfacet
  facet normal 0 0 -1
    outer loop
      vertex -3.5 -12 -0.0199995
      vertex -7.81592 0.924853 -0.0199995
      vertex -7.34824 1.55544 -0.0199995
    endloop
  endfacet
  facet normal 0 0 -1
    outer loop
      vertex -3.5 -12 -0.0199995
      vertex -8.34315 0.343145 -0.0199995
      vertex -7.81592 0.924853 -0.0199995
    endloop
  endfacet
  facet normal 0 0 -1
    outer loop
      vertex -31 -23 -0.0199995
      vertex -3.34929 -13.016 -0.0199995
      vertex -3.23358 -13.3394 -0.0199995
    endloop
  endfacet
  facet normal 0 0 -1
    outer loop
      vertex -3.5 -12 -0.0199995
      vertex -8.92485 -0.184083 -0.0199995
      vertex -8.34315 0.343145 -0.0199995
    endloop
  endfacet
  facet normal 0 0 -1
    outer loop
      vertex -3.5 -12 -0.0199995
      vertex -9.55544 -0.651756 -0.0199995
      vertex -8.92485 -0.184083 -0.0199995
    endloop
  endfacet
  facet normal 0 0 -1
    outer loop
      vertex -31 -23 -0.0199995
      vertex -3.23358 -13.3394 -0.0199995
      vertex -3.08672 -13.6499 -0.0199995
    endloop
  endfacet
  facet normal 0 0 -1
    outer loop
      vertex -3.5 -12 -0.0199995
      vertex -10.2288 -1.05537 -0.0199995
      vertex -9.55544 -0.651756 -0.0199995
    endloop
  endfacet
  facet normal 0 0 -1
    outer loop
      vertex -3.5 -12 -0.0199995
      vertex -10.9385 -1.39104 -0.0199995
      vertex -10.2288 -1.05537 -0.0199995
    endloop
  endfacet
  facet normal 0 0 -1
    outer loop
      vertex -31 -23 -0.0199995
      vertex -3.08672 -13.6499 -0.0199995
      vertex -2.91014 -13.9445 -0.0199995
    endloop
  endfacet
  facet normal 0 0 -1
    outer loop
      vertex -3.5 -12 -0.0199995
      vertex -11.6777 -1.65552 -0.0199995
      vertex -10.9385 -1.39104 -0.0199995
    endloop
  endfacet
  facet normal 0 0 -1
    outer loop
      vertex -3.5 -12 -0.0199995
      vertex -12.4393 -1.84628 -0.0199995
      vertex -11.6777 -1.65552 -0.0199995
    endloop
  endfacet
  facet normal 0 0 -1
    outer loop
      vertex -31 -23 -0.0199995
      vertex -2.91014 -13.9445 -0.0199995
      vertex -2.70554 -14.2204 -0.0199995
    endloop
  endfacet
  facet normal 0 0 -1
    outer loop
      vertex -3.5 -12 -0.0199995
      vertex -13.2159 -1.96148 -0.0199995
      vertex -12.4393 -1.84628 -0.0199995
    endloop
  endfacet
  facet normal 0 0 -1
    outer loop
      vertex -3.5 -12 -0.0199995
      vertex -14 -2 -0.0199995
      vertex -13.2159 -1.96148 -0.0199995
    endloop
  endfacet
  facet normal 0 0 -1
    outer loop
      vertex -31 -23 -0.0199995
      vertex -2.70554 -14.2204 -0.0199995
      vertex -2.47487 -14.4749 -0.0199995
    endloop
  endfacet
  facet normal 0 0 -1
    outer loop
      vertex -3.48315 -12.3431 -0.0199995
      vertex -14.7841 -1.96148 -0.0199995
      vertex -14 -2 -0.0199995
    endloop
  endfacet
  facet normal 0 0 -1
    outer loop
      vertex -3.43275 -12.6828 -0.0199995
      vertex -15.5607 -1.84628 -0.0199995
      vertex -14.7841 -1.96148 -0.0199995
    endloop
  endfacet
  facet normal -0 0 -1
    outer loop
      vertex -3.34929 -13.016 -0.0199995
      vertex -31 -23 -0.0199995
      vertex -15.5607 -1.84628 -0.0199995
    endloop
  endfacet
  facet normal -0 0 -1
    outer loop
      vertex -15.5607 -1.84628 -0.0199995
      vertex -31 -23 -0.0199995
      vertex -16.3223 -1.65552 -0.0199995
    endloop
  endfacet
  facet normal 0 0 -1
    outer loop
      vertex -31 -23 -0.0199995
      vertex -2.47487 -14.4749 -0.0199995
      vertex -2.22038 -14.7055 -0.0199995
    endloop
  endfacet
  facet normal -0 0 -1
    outer loop
      vertex -16.3223 -1.65552 -0.0199995
      vertex -31 -23 -0.0199995
      vertex -17.0615 -1.39104 -0.0199995
    endloop
  endfacet
  facet normal -0 0 -1
    outer loop
      vertex -17.0615 -1.39104 -0.0199995
      vertex -31 -23 -0.0199995
      vertex -17.7712 -1.05537 -0.0199995
    endloop
  endfacet
  facet normal -0 0 -1
    outer loop
      vertex -17.7712 -1.05537 -0.0199995
      vertex -31 -23 -0.0199995
      vertex -18.4446 -0.651756 -0.0199995
    endloop
  endfacet
  facet normal 0 0 -1
    outer loop
      vertex -31 23 -0.0199995
      vertex -21.9615 5.21586 -0.0199995
      vertex -31 -23 -0.0199995
    endloop
  endfacet
  facet normal -0 0 -1
    outer loop
      vertex -21.8463 4.43928 -0.0199995
      vertex -31 -23 -0.0199995
      vertex -21.9615 5.21586 -0.0199995
    endloop
  endfacet
  facet normal -0 0 -1
    outer loop
      vertex -21.6555 3.67772 -0.0199995
      vertex -31 -23 -0.0199995
      vertex -21.8463 4.43928 -0.0199995
    endloop
  endfacet
  facet normal -0 0 -1
    outer loop
      vertex -21.391 2.93853 -0.0199995
      vertex -31 -23 -0.0199995
      vertex -21.6555 3.67772 -0.0199995
    endloop
  endfacet
  facet normal -0 0 -1
    outer loop
      vertex -21.0554 2.22883 -0.0199995
      vertex -31 -23 -0.0199995
      vertex -21.391 2.93853 -0.0199995
    endloop
  endfacet
  facet normal -0 0 -1
    outer loop
      vertex -20.6518 1.55544 -0.0199995
      vertex -31 -23 -0.0199995
      vertex -21.0554 2.22883 -0.0199995
    endloop
  endfacet
  facet normal -0 0 -1
    outer loop
      vertex -20.1841 0.924853 -0.0199995
      vertex -31 -23 -0.0199995
      vertex -20.6518 1.55544 -0.0199995
    endloop
  endfacet
  facet normal -0 0 -1
    outer loop
      vertex -19.6569 0.343145 -0.0199995
      vertex -31 -23 -0.0199995
      vertex -20.1841 0.924853 -0.0199995
    endloop
  endfacet
  facet normal -0 0 -1
    outer loop
      vertex -19.0751 -0.184083 -0.0199995
      vertex -31 -23 -0.0199995
      vertex -19.6569 0.343145 -0.0199995
    endloop
  endfacet
  facet normal -0 0 -1
    outer loop
      vertex -18.4446 -0.651756 -0.0199995
      vertex -31 -23 -0.0199995
      vertex -19.0751 -0.184083 -0.0199995
    endloop
  endfacet
  facet normal -0 0 -1
    outer loop
      vertex -1.9445 -14.9101 -0.0199995
      vertex -31 -23 -0.0199995
      vertex -2.22038 -14.7055 -0.0199995
    endloop
  endfacet
  facet normal -0 0 -1
    outer loop
      vertex -1.64989 -15.0867 -0.0199995
      vertex -31 -23 -0.0199995
      vertex -1.9445 -14.9101 -0.0199995
    endloop
  endfacet
  facet normal -0 0 -1
    outer loop
      vertex -1.33939 -15.2336 -0.0199995
      vertex -31 -23 -0.0199995
      vertex -1.64989 -15.0867 -0.0199995
    endloop
  endfacet
  facet normal -0 0 -1
    outer loop
      vertex -1.016 -15.3493 -0.0199995
      vertex -31 -23 -0.0199995
      vertex -1.33939 -15.2336 -0.0199995
    endloop
  endfacet
  facet normal -0 0 -1
    outer loop
      vertex -0.682816 -15.4327 -0.0199995
      vertex -31 -23 -0.0199995
      vertex -1.016 -15.3493 -0.0199995
    endloop
  endfacet
  facet normal -0 0 -1
    outer loop
      vertex -0.34306 -15.4831 -0.0199995
      vertex -31 -23 -0.0199995
      vertex -0.682816 -15.4327 -0.0199995
    endloop
  endfacet
  facet normal 0 0 -1
    outer loop
      vertex 20.6942 6.11762 -0.0199995
      vertex 31 23 -0.0199995
      vertex 20.7 6 -0.0199995
    endloop
  endfacet
  facet normal 0 0 -1
    outer loop
      vertex 20.6769 6.23411 -0.0199995
      vertex 31 23 -0.0199995
      vertex 20.6942 6.11762 -0.0199995
    endloop
  endfacet
  facet normal 0 0 -1
    outer loop
      vertex 20.6483 6.34834 -0.0199995
      vertex 31 23 -0.0199995
      vertex 20.6769 6.23411 -0.0199995
    endloop
  endfacet
  facet normal 0 0 -1
    outer loop
      vertex 20.6087 6.45922 -0.0199995
      vertex 31 23 -0.0199995
      vertex 20.6483 6.34834 -0.0199995
    endloop
  endfacet
  facet normal 0 0 -1
    outer loop
      vertex 20.5583 6.56568 -0.0199995
      vertex 31 23 -0.0199995
      vertex 20.6087 6.45922 -0.0199995
    endloop
  endfacet
  facet normal 0 0 -1
    outer loop
      vertex 20.4978 6.66668 -0.0199995
      vertex 31 23 -0.0199995
      vertex 20.5583 6.56568 -0.0199995
    endloop
  endfacet
  facet normal 0 0 -1
    outer loop
      vertex 20.4276 6.76127 -0.0199995
      vertex 31 23 -0.0199995
      vertex 20.4978 6.66668 -0.0199995
    endloop
  endfacet
  facet normal 0 0 -1
    outer loop
      vertex 20.3485 6.84853 -0.0199995
      vertex 31 23 -0.0199995
      vertex 20.4276 6.76127 -0.0199995
    endloop
  endfacet
  facet normal 0 0 -1
    outer loop
      vertex 20.2613 6.92761 -0.0199995
      vertex 31 23 -0.0199995
      vertex 20.3485 6.84853 -0.0199995
    endloop
  endfacet
  facet normal 0 0 -1
    outer loop
      vertex 20.1667 6.99776 -0.0199995
      vertex 31 23 -0.0199995
      vertex 20.2613 6.92761 -0.0199995
    endloop
  endfacet
  facet normal 0 0 -1
    outer loop
      vertex 20.0657 7.0583 -0.0199995
      vertex 31 23 -0.0199995
      vertex 20.1667 6.99776 -0.0199995
    endloop
  endfacet
  facet normal 0 0 -1
    outer loop
      vertex 19.9592 7.10865 -0.0199995
      vertex 31 23 -0.0199995
      vertex 20.0657 7.0583 -0.0199995
    endloop
  endfacet
  facet normal 0 0 -1
    outer loop
      vertex 19.8483 7.14833 -0.0199995
      vertex 31 23 -0.0199995
      vertex 19.9592 7.10865 -0.0199995
    endloop
  endfacet
  facet normal 0 0 -1
    outer loop
      vertex 19.7341 7.17694 -0.0199995
      vertex 31 23 -0.0199995
      vertex 19.8483 7.14833 -0.0199995
    endloop
  endfacet
  facet normal 0 0 -1
    outer loop
      vertex 16.2997 8.80216 -0.0199995
      vertex 19.7341 7.17694 -0.0199995
      vertex 19.6176 7.19422 -0.0199995
    endloop
  endfacet
  facet normal 0 0 -1
    outer loop
      vertex 16.5633 8.56326 -0.0199995
      vertex 19.6176 7.19422 -0.0199995
      vertex 19.5 7.2 -0.0199995
    endloop
  endfacet
  facet normal 0 0 -1
    outer loop
      vertex 16.8022 8.29967 -0.0199995
      vertex 19.5 7.2 -0.0199995
      vertex 19.3824 7.19422 -0.0199995
    endloop
  endfacet
  facet normal 0 0 -1
    outer loop
      vertex 16.8022 8.29967 -0.0199995
      vertex 19.3824 7.19422 -0.0199995
      vertex 19.2659 7.17694 -0.0199995
    endloop
  endfacet
  facet normal 0 0 -1
    outer loop
      vertex 17.0141 8.01394 -0.0199995
      vertex 19.2659 7.17694 -0.0199995
      vertex 19.1517 7.14833 -0.0199995
    endloop
  endfacet
  facet normal 0 0 -1
    outer loop
      vertex 17.197 7.70881 -0.0199995
      vertex 19.1517 7.14833 -0.0199995
      vertex 19.0408 7.10865 -0.0199995
    endloop
  endfacet
  facet normal 0 0 -1
    outer loop
      vertex 17.197 7.70881 -0.0199995
      vertex 19.0408 7.10865 -0.0199995
      vertex 18.9343 7.0583 -0.0199995
    endloop
  endfacet
  facet normal 0 0 -1
    outer loop
      vertex 17.3491 7.38723 -0.0199995
      vertex 18.9343 7.0583 -0.0199995
      vertex 18.8333 6.99776 -0.0199995
    endloop
  endfacet
  facet normal 0 0 -1
    outer loop
      vertex 17.3491 7.38723 -0.0199995
      vertex 18.8333 6.99776 -0.0199995
      vertex 18.7387 6.92761 -0.0199995
    endloop
  endfacet
  facet normal 0 0 -1
    outer loop
      vertex 17.3491 7.38723 -0.0199995
      vertex 18.7387 6.92761 -0.0199995
      vertex 18.6515 6.84853 -0.0199995
    endloop
  endfacet
  facet normal 0 0 -1
    outer loop
      vertex 17.4689 7.05228 -0.0199995
      vertex 18.6515 6.84853 -0.0199995
      vertex 18.5724 6.76127 -0.0199995
    endloop
  endfacet
  facet normal 0 0 -1
    outer loop
      vertex 17.625 6 -0.0199995
      vertex 18.3058 6.11762 -0.0199995
      vertex 18.3 6 -0.0199995
    endloop
  endfacet
  facet normal 0 0 -1
    outer loop
      vertex 17.6075 6.35531 -0.0199995
      vertex 18.3058 6.11762 -0.0199995
      vertex 17.625 6 -0.0199995
    endloop
  endfacet
  facet normal 0 0 -1
    outer loop
      vertex 18.3058 6.11762 -0.0199995
      vertex 17.6075 6.35531 -0.0199995
      vertex 18.3231 6.23411 -0.0199995
    endloop
  endfacet
  facet normal 0 0 -1
    outer loop
      vertex 18.3231 6.23411 -0.0199995
      vertex 17.6075 6.35531 -0.0199995
      vertex 18.3517 6.34834 -0.0199995
    endloop
  endfacet
  facet normal 0 0 -1
    outer loop
      vertex 18.3517 6.34834 -0.0199995
      vertex 17.6075 6.35531 -0.0199995
      vertex 18.3913 6.45922 -0.0199995
    endloop
  endfacet
  facet normal 0 0 -1
    outer loop
      vertex 17.5553 6.7072 -0.0199995
      vertex 18.3913 6.45922 -0.0199995
      vertex 17.6075 6.35531 -0.0199995
    endloop
  endfacet
  facet normal 0 0 -1
    outer loop
      vertex 18.3913 6.45922 -0.0199995
      vertex 17.5553 6.7072 -0.0199995
      vertex 18.4417 6.56568 -0.0199995
    endloop
  endfacet
  facet normal 0 0 -1
    outer loop
      vertex 18.4417 6.56568 -0.0199995
      vertex 17.5553 6.7072 -0.0199995
      vertex 18.5022 6.66668 -0.0199995
    endloop
  endfacet
  facet normal 0 0 -1
    outer loop
      vertex 17.4689 7.05228 -0.0199995
      vertex 18.5022 6.66668 -0.0199995
      vertex 17.5553 6.7072 -0.0199995
    endloop
  endfacet
  facet normal 0 0 -1
    outer loop
      vertex 18.5022 6.66668 -0.0199995
      vertex 17.4689 7.05228 -0.0199995
      vertex 18.5724 6.76127 -0.0199995
    endloop
  endfacet
  facet normal 0 0 -1
    outer loop
      vertex 18.6515 6.84853 -0.0199995
      vertex 17.4689 7.05228 -0.0199995
      vertex 17.3491 7.38723 -0.0199995
    endloop
  endfacet
  facet normal 0 0 -1
    outer loop
      vertex 18.9343 7.0583 -0.0199995
      vertex 17.3491 7.38723 -0.0199995
      vertex 17.197 7.70881 -0.0199995
    endloop
  endfacet
  facet normal 0 0 -1
    outer loop
      vertex 19.1517 7.14833 -0.0199995
      vertex 17.197 7.70881 -0.0199995
      vertex 17.0141 8.01394 -0.0199995
    endloop
  endfacet
  facet normal 0 0 -1
    outer loop
      vertex 19.2659 7.17694 -0.0199995
      vertex 17.0141 8.01394 -0.0199995
      vertex 16.8022 8.29967 -0.0199995
    endloop
  endfacet
  facet normal 0 0 -1
    outer loop
      vertex 19.5 7.2 -0.0199995
      vertex 16.8022 8.29967 -0.0199995
      vertex 16.5633 8.56326 -0.0199995
    endloop
  endfacet
  facet normal 0 0 -1
    outer loop
      vertex 19.6176 7.19422 -0.0199995
      vertex 16.5633 8.56326 -0.0199995
      vertex 16.2997 8.80216 -0.0199995
    endloop
  endfacet
  facet normal 0 0 -1
    outer loop
      vertex 19.7341 7.17694 -0.0199995
      vertex 16.2997 8.80216 -0.0199995
      vertex 31 23 -0.0199995
    endloop
  endfacet
  facet normal 0 0 -1
    outer loop
      vertex 16.0139 9.01408 -0.0199995
      vertex 31 23 -0.0199995
      vertex 16.2997 8.80216 -0.0199995
    endloop
  endfacet
  facet normal 0 0 -1
    outer loop
      vertex 15.7088 9.19696 -0.0199995
      vertex 31 23 -0.0199995
      vertex 16.0139 9.01408 -0.0199995
    endloop
  endfacet
  facet normal 0 0 -1
    outer loop
      vertex 15.3872 9.34906 -0.0199995
      vertex 31 23 -0.0199995
      vertex 15.7088 9.19696 -0.0199995
    endloop
  endfacet
  facet normal 0 0 -1
    outer loop
      vertex 15.0523 9.46891 -0.0199995
      vertex 31 23 -0.0199995
      vertex 15.3872 9.34906 -0.0199995
    endloop
  endfacet
  facet normal 0 0 -1
    outer loop
      vertex 14.7072 9.55535 -0.0199995
      vertex 31 23 -0.0199995
      vertex 15.0523 9.46891 -0.0199995
    endloop
  endfacet
  facet normal 0 0 -1
    outer loop
      vertex 14.3553 9.60754 -0.0199995
      vertex 31 23 -0.0199995
      vertex 14.7072 9.55535 -0.0199995
    endloop
  endfacet
  facet normal 0 0 -1
    outer loop
      vertex 14 9.625 -0.0199995
      vertex 31 23 -0.0199995
      vertex 14.3553 9.60754 -0.0199995
    endloop
  endfacet
  facet normal 0 0 -1
    outer loop
      vertex 13.6447 9.60754 -0.0199995
      vertex 31 23 -0.0199995
      vertex 14 9.625 -0.0199995
    endloop
  endfacet
  facet normal 0 0 -1
    outer loop
      vertex 13.2928 9.55535 -0.0199995
      vertex 31 23 -0.0199995
      vertex 13.6447 9.60754 -0.0199995
    endloop
  endfacet
  facet normal 0 0 -1
    outer loop
      vertex 12.9477 9.46891 -0.0199995
      vertex 31 23 -0.0199995
      vertex 13.2928 9.55535 -0.0199995
    endloop
  endfacet
  facet normal 0 0 -1
    outer loop
      vertex -9.55544 12.6518 -0.0199995
      vertex 12.9477 9.46891 -0.0199995
      vertex 12.6128 9.34906 -0.0199995
    endloop
  endfacet
  facet normal 0 0 -1
    outer loop
      vertex -8.92485 12.1841 -0.0199995
      vertex 12.6128 9.34906 -0.0199995
      vertex 12.2912 9.19696 -0.0199995
    endloop
  endfacet
  facet normal 0 0 -1
    outer loop
      vertex -8.34315 11.6569 -0.0199995
      vertex 12.2912 9.19696 -0.0199995
      vertex 11.9861 9.01408 -0.0199995
    endloop
  endfacet
  facet normal 0 0 -1
    outer loop
      vertex 1.9445 -9.08986 -0.0199995
      vertex 11.7003 3.19784 -0.0199995
      vertex 2.22038 -9.29446 -0.0199995
    endloop
  endfacet
  facet normal -0 0 -1
    outer loop
      vertex 11.7003 3.19784 -0.0199995
      vertex 1.9445 -9.08986 -0.0199995
      vertex 11.4367 3.43674 -0.0199995
    endloop
  endfacet
  facet normal 0 0 -1
    outer loop
      vertex 1.64989 -8.91328 -0.0199995
      vertex 11.4367 3.43674 -0.0199995
      vertex 1.9445 -9.08986 -0.0199995
    endloop
  endfacet
  facet normal -0 0 -1
    outer loop
      vertex 11.4367 3.43674 -0.0199995
      vertex 1.64989 -8.91328 -0.0199995
      vertex 11.1978 3.70033 -0.0199995
    endloop
  endfacet
  facet normal 0 0 -1
    outer loop
      vertex 1.33939 -8.76642 -0.0199995
      vertex 11.1978 3.70033 -0.0199995
      vertex 1.64989 -8.91328 -0.0199995
    endloop
  endfacet
  facet normal -0 0 -1
    outer loop
      vertex 11.1978 3.70033 -0.0199995
      vertex 1.33939 -8.76642 -0.0199995
      vertex 10.9859 3.98606 -0.0199995
    endloop
  endfacet
  facet normal 0 0 -1
    outer loop
      vertex 1.016 -8.65071 -0.0199995
      vertex 10.9859 3.98606 -0.0199995
      vertex 1.33939 -8.76642 -0.0199995
    endloop
  endfacet
  facet normal -0 0 -1
    outer loop
      vertex 10.9859 3.98606 -0.0199995
      vertex 1.016 -8.65071 -0.0199995
      vertex 10.803 4.29119 -0.0199995
    endloop
  endfacet
  facet normal 0 0 -1
    outer loop
      vertex 0.682816 -8.56725 -0.0199995
      vertex 10.803 4.29119 -0.0199995
      vertex 1.016 -8.65071 -0.0199995
    endloop
  endfacet
  facet normal -0 0 -1
    outer loop
      vertex 10.803 4.29119 -0.0199995
      vertex 0.682816 -8.56725 -0.0199995
      vertex 10.6509 4.61277 -0.0199995
    endloop
  endfacet
  facet normal 0 0 -1
    outer loop
      vertex -6 6 -0.0199995
      vertex 10.6509 4.61277 -0.0199995
      vertex 0.682816 -8.56725 -0.0199995
    endloop
  endfacet
  facet normal 0 0 -1
    outer loop
      vertex 10.6509 4.61277 -0.0199995
      vertex -6 6 -0.0199995
      vertex 10.5311 4.94772 -0.0199995
    endloop
  endfacet
  facet normal 0 0 -1
    outer loop
      vertex 10.5311 4.94772 -0.0199995
      vertex -6 6 -0.0199995
      vertex 10.4447 5.2928 -0.0199995
    endloop
  endfacet
  facet normal 0 0 -1
    outer loop
      vertex 10.4447 5.2928 -0.0199995
      vertex -6 6 -0.0199995
      vertex 10.3925 5.64469 -0.0199995
    endloop
  endfacet
  facet normal 0 0 -1
    outer loop
      vertex 10.3925 5.64469 -0.0199995
      vertex -6 6 -0.0199995
      vertex 10.375 6 -0.0199995
    endloop
  endfacet
  facet normal 0 0 -1
    outer loop
      vertex 10.375 6 -0.0199995
      vertex -6 6 -0.0199995
      vertex 10.3925 6.35531 -0.0199995
    endloop
  endfacet
  facet normal 0 0 -1
    outer loop
      vertex -6.03852 6.78414 -0.0199995
      vertex 10.3925 6.35531 -0.0199995
      vertex -6 6 -0.0199995
    endloop
  endfacet
  facet normal 0 0 -1
    outer loop
      vertex 10.3925 6.35531 -0.0199995
      vertex -6.03852 6.78414 -0.0199995
      vertex 10.4447 6.7072 -0.0199995
    endloop
  endfacet
  facet normal 0 0 -1
    outer loop
      vertex -6.15372 7.56072 -0.0199995
      vertex 10.4447 6.7072 -0.0199995
      vertex -6.03852 6.78414 -0.0199995
    endloop
  endfacet
  facet normal 0 0 -1
    outer loop
      vertex 10.4447 6.7072 -0.0199995
      vertex -6.15372 7.56072 -0.0199995
      vertex 10.5311 7.05228 -0.0199995
    endloop
  endfacet
  facet normal 0 0 -1
    outer loop
      vertex -6 6 -0.0199995
      vertex 0.682816 -8.56725 -0.0199995
      vertex 0.34306 -8.51685 -0.0199995
    endloop
  endfacet
  facet normal 0 0 -1
    outer loop
      vertex -6 6 -0.0199995
      vertex 0.34306 -8.51685 -0.0199995
      vertex 0 -8.5 -0.0199995
    endloop
  endfacet
  facet normal 0 0 -1
    outer loop
      vertex -6 6 -0.0199995
      vertex 0 -8.5 -0.0199995
      vertex -0.34306 -8.51685 -0.0199995
    endloop
  endfacet
  facet normal 0 0 -1
    outer loop
      vertex -6 6 -0.0199995
      vertex -0.34306 -8.51685 -0.0199995
      vertex -0.682816 -8.56725 -0.0199995
    endloop
  endfacet
  facet normal 0 0 -1
    outer loop
      vertex -6 6 -0.0199995
      vertex -0.682816 -8.56725 -0.0199995
      vertex -1.016 -8.65071 -0.0199995
    endloop
  endfacet
  facet normal 0 0 -1
    outer loop
      vertex -6 6 -0.0199995
      vertex -1.016 -8.65071 -0.0199995
      vertex -1.33939 -8.76642 -0.0199995
    endloop
  endfacet
  facet normal 0 0 -1
    outer loop
      vertex -6 6 -0.0199995
      vertex -1.33939 -8.76642 -0.0199995
      vertex -1.64989 -8.91328 -0.0199995
    endloop
  endfacet
  facet normal 0 0 -1
    outer loop
      vertex -6.34448 8.32228 -0.0199995
      vertex 10.5311 7.05228 -0.0199995
      vertex -6.15372 7.56072 -0.0199995
    endloop
  endfacet
  facet normal 0 0 -1
    outer loop
      vertex -6 6 -0.0199995
      vertex -1.64989 -8.91328 -0.0199995
      vertex -1.9445 -9.08986 -0.0199995
    endloop
  endfacet
  facet normal 0 0 -1
    outer loop
      vertex -6 6 -0.0199995
      vertex -1.9445 -9.08986 -0.0199995
      vertex -2.22038 -9.29446 -0.0199995
    endloop
  endfacet
  facet normal 0 0 -1
    outer loop
      vertex -6 6 -0.0199995
      vertex -2.22038 -9.29446 -0.0199995
      vertex -2.47487 -9.52513 -0.0199995
    endloop
  endfacet
  facet normal 0 0 -1
    outer loop
      vertex -6 6 -0.0199995
      vertex -2.47487 -9.52513 -0.0199995
      vertex -2.70554 -9.77962 -0.0199995
    endloop
  endfacet
  facet normal 0 0 -1
    outer loop
      vertex -6 6 -0.0199995
      vertex -3.48315 -11.6569 -0.0199995
      vertex -3.5 -12 -0.0199995
    endloop
  endfacet
  facet normal 0 0 -1
    outer loop
      vertex -6 6 -0.0199995
      vertex -3.43275 -11.3172 -0.0199995
      vertex -3.48315 -11.6569 -0.0199995
    endloop
  endfacet
  facet normal 0 0 -1
    outer loop
      vertex -6 6 -0.0199995
      vertex -3.34929 -10.984 -0.0199995
      vertex -3.43275 -11.3172 -0.0199995
    endloop
  endfacet
  facet normal 0 0 -1
    outer loop
      vertex -6 6 -0.0199995
      vertex -3.23358 -10.6606 -0.0199995
      vertex -3.34929 -10.984 -0.0199995
    endloop
  endfacet
  facet normal 0 0 -1
    outer loop
      vertex -6 6 -0.0199995
      vertex -3.08672 -10.3501 -0.0199995
      vertex -3.23358 -10.6606 -0.0199995
    endloop
  endfacet
  facet normal 0 0 -1
    outer loop
      vertex -6 6 -0.0199995
      vertex -2.91014 -10.0555 -0.0199995
      vertex -3.08672 -10.3501 -0.0199995
    endloop
  endfacet
  facet normal 0 0 -1
    outer loop
      vertex -6 6 -0.0199995
      vertex -2.70554 -9.77962 -0.0199995
      vertex -2.91014 -10.0555 -0.0199995
    endloop
  endfacet
  facet normal 0 0 -1
    outer loop
      vertex 10.5311 7.05228 -0.0199995
      vertex -6.34448 8.32228 -0.0199995
      vertex 10.6509 7.38723 -0.0199995
    endloop
  endfacet
  facet normal 0 0 -1
    outer loop
      vertex 10.6509 7.38723 -0.0199995
      vertex -6.34448 8.32228 -0.0199995
      vertex 10.803 7.70881 -0.0199995
    endloop
  endfacet
  facet normal 0 0 -1
    outer loop
      vertex -6.60896 9.06147 -0.0199995
      vertex 10.803 7.70881 -0.0199995
      vertex -6.34448 8.32228 -0.0199995
    endloop
  endfacet
  facet normal 0 0 -1
    outer loop
      vertex 10.803 7.70881 -0.0199995
      vertex -6.60896 9.06147 -0.0199995
      vertex 10.9859 8.01394 -0.0199995
    endloop
  endfacet
  facet normal 0 0 -1
    outer loop
      vertex -6.94463 9.77117 -0.0199995
      vertex 10.9859 8.01394 -0.0199995
      vertex -6.60896 9.06147 -0.0199995
    endloop
  endfacet
  facet normal 0 0 -1
    outer loop
      vertex 10.9859 8.01394 -0.0199995
      vertex -6.94463 9.77117 -0.0199995
      vertex 11.1978 8.29967 -0.0199995
    endloop
  endfacet
  facet normal 0 0 -1
    outer loop
      vertex -7.34824 10.4446 -0.0199995
      vertex 11.1978 8.29967 -0.0199995
      vertex -6.94463 9.77117 -0.0199995
    endloop
  endfacet
  facet normal 0 0 -1
    outer loop
      vertex 11.1978 8.29967 -0.0199995
      vertex -7.34824 10.4446 -0.0199995
      vertex 11.4367 8.56326 -0.0199995
    endloop
  endfacet
  facet normal 0 0 -1
    outer loop
      vertex 11.4367 8.56326 -0.0199995
      vertex -7.34824 10.4446 -0.0199995
      vertex 11.7003 8.80216 -0.0199995
    endloop
  endfacet
  facet normal 0 0 -1
    outer loop
      vertex -7.81592 11.0751 -0.0199995
      vertex 11.7003 8.80216 -0.0199995
      vertex -7.34824 10.4446 -0.0199995
    endloop
  endfacet
  facet normal 0 0 -1
    outer loop
      vertex 11.7003 8.80216 -0.0199995
      vertex -7.81592 11.0751 -0.0199995
      vertex 11.9861 9.01408 -0.0199995
    endloop
  endfacet
  facet normal 0 0 -1
    outer loop
      vertex -8.34315 11.6569 -0.0199995
      vertex 11.9861 9.01408 -0.0199995
      vertex -7.81592 11.0751 -0.0199995
    endloop
  endfacet
  facet normal 0 0 -1
    outer loop
      vertex 12.2912 9.19696 -0.0199995
      vertex -8.34315 11.6569 -0.0199995
      vertex -8.92485 12.1841 -0.0199995
    endloop
  endfacet
  facet normal 0 0 -1
    outer loop
      vertex 12.6128 9.34906 -0.0199995
      vertex -8.92485 12.1841 -0.0199995
      vertex -9.55544 12.6518 -0.0199995
    endloop
  endfacet
  facet normal 0 0 -1
    outer loop
      vertex 12.9477 9.46891 -0.0199995
      vertex -9.55544 12.6518 -0.0199995
      vertex 31 23 -0.0199995
    endloop
  endfacet
  facet normal 0 0 -1
    outer loop
      vertex -10.2288 13.0554 -0.0199995
      vertex 31 23 -0.0199995
      vertex -9.55544 12.6518 -0.0199995
    endloop
  endfacet
  facet normal 0 0 -1
    outer loop
      vertex -10.9385 13.391 -0.0199995
      vertex 31 23 -0.0199995
      vertex -10.2288 13.0554 -0.0199995
    endloop
  endfacet
  facet normal 0 0 -1
    outer loop
      vertex -11.6777 13.6555 -0.0199995
      vertex 31 23 -0.0199995
      vertex -10.9385 13.391 -0.0199995
    endloop
  endfacet
  facet normal 0 0 -1
    outer loop
      vertex -12.4393 13.8463 -0.0199995
      vertex 31 23 -0.0199995
      vertex -11.6777 13.6555 -0.0199995
    endloop
  endfacet
  facet normal 0 0 -1
    outer loop
      vertex -31 23 -0.0199995
      vertex -12.4393 13.8463 -0.0199995
      vertex -13.2159 13.9615 -0.0199995
    endloop
  endfacet
  facet normal 0 0 -1
    outer loop
      vertex -31 23 -0.0199995
      vertex -13.2159 13.9615 -0.0199995
      vertex -14 14 -0.0199995
    endloop
  endfacet
  facet normal 0 0 -1
    outer loop
      vertex -31 23 -0.0199995
      vertex -14 14 -0.0199995
      vertex -14.7841 13.9615 -0.0199995
    endloop
  endfacet
  facet normal 0 0 -1
    outer loop
      vertex -31 23 -0.0199995
      vertex -14.7841 13.9615 -0.0199995
      vertex -15.5607 13.8463 -0.0199995
    endloop
  endfacet
  facet normal 0 0 -1
    outer loop
      vertex -21.9615 5.21586 -0.0199995
      vertex -31 23 -0.0199995
      vertex -22 6 -0.0199995
    endloop
  endfacet
  facet normal 0 0 -1
    outer loop
      vertex -22 6 -0.0199995
      vertex -31 23 -0.0199995
      vertex -21.9615 6.78414 -0.0199995
    endloop
  endfacet
  facet normal 0 0 -1
    outer loop
      vertex -21.9615 6.78414 -0.0199995
      vertex -31 23 -0.0199995
      vertex -21.8463 7.56072 -0.0199995
    endloop
  endfacet
  facet normal 0 0 -1
    outer loop
      vertex -12.4393 13.8463 -0.0199995
      vertex -31 23 -0.0199995
      vertex 31 23 -0.0199995
    endloop
  endfacet
  facet normal 0 0 -1
    outer loop
      vertex -16.3223 13.6555 -0.0199995
      vertex -31 23 -0.0199995
      vertex -15.5607 13.8463 -0.0199995
    endloop
  endfacet
  facet normal 0 0 -1
    outer loop
      vertex -17.0615 13.391 -0.0199995
      vertex -31 23 -0.0199995
      vertex -16.3223 13.6555 -0.0199995
    endloop
  endfacet
  facet normal 0 0 -1
    outer loop
      vertex -17.7712 13.0554 -0.0199995
      vertex -31 23 -0.0199995
      vertex -17.0615 13.391 -0.0199995
    endloop
  endfacet
  facet normal 0 0 -1
    outer loop
      vertex -18.4446 12.6518 -0.0199995
      vertex -31 23 -0.0199995
      vertex -17.7712 13.0554 -0.0199995
    endloop
  endfacet
  facet normal 0 0 -1
    outer loop
      vertex -19.0751 12.1841 -0.0199995
      vertex -31 23 -0.0199995
      vertex -18.4446 12.6518 -0.0199995
    endloop
  endfacet
  facet normal 0 0 -1
    outer loop
      vertex -19.6569 11.6569 -0.0199995
      vertex -31 23 -0.0199995
      vertex -19.0751 12.1841 -0.0199995
    endloop
  endfacet
  facet normal 0 0 -1
    outer loop
      vertex -20.1841 11.0751 -0.0199995
      vertex -31 23 -0.0199995
      vertex -19.6569 11.6569 -0.0199995
    endloop
  endfacet
  facet normal 0 0 -1
    outer loop
      vertex -20.6518 10.4446 -0.0199995
      vertex -31 23 -0.0199995
      vertex -20.1841 11.0751 -0.0199995
    endloop
  endfacet
  facet normal 0 0 -1
    outer loop
      vertex -21.0554 9.77117 -0.0199995
      vertex -31 23 -0.0199995
      vertex -20.6518 10.4446 -0.0199995
    endloop
  endfacet
  facet normal 0 0 -1
    outer loop
      vertex -21.391 9.06147 -0.0199995
      vertex -31 23 -0.0199995
      vertex -21.0554 9.77117 -0.0199995
    endloop
  endfacet
  facet normal 0 0 -1
    outer loop
      vertex -21.6555 8.32228 -0.0199995
      vertex -31 23 -0.0199995
      vertex -21.391 9.06147 -0.0199995
    endloop
  endfacet
  facet normal 0 0 -1
    outer loop
      vertex -21.8463 7.56072 -0.0199995
      vertex -31 23 -0.0199995
      vertex -21.6555 8.32228 -0.0199995
    endloop
  endfacet
  facet normal 0 0 -1
    outer loop
      vertex 1.29374 -12.1274 -0.0199995
      vertex 1.29374 -11.8726 -0.0199995
      vertex 1.3 -12 -0.0199995
    endloop
  endfacet
  facet normal 0 0 -1
    outer loop
      vertex 1.27502 -12.2536 -0.0199995
      vertex 1.29374 -11.8726 -0.0199995
      vertex 1.29374 -12.1274 -0.0199995
    endloop
  endfacet
  facet normal 0 0 -1
    outer loop
      vertex 1.27502 -12.2536 -0.0199995
      vertex 1.27502 -11.7464 -0.0199995
      vertex 1.29374 -11.8726 -0.0199995
    endloop
  endfacet
  facet normal 0 0 -1
    outer loop
      vertex 1.24402 -12.3774 -0.0199995
      vertex 1.27502 -11.7464 -0.0199995
      vertex 1.27502 -12.2536 -0.0199995
    endloop
  endfacet
  facet normal 0 0 -1
    outer loop
      vertex 1.24402 -12.3774 -0.0199995
      vertex 1.24402 -11.6226 -0.0199995
      vertex 1.27502 -11.7464 -0.0199995
    endloop
  endfacet
  facet normal 0 0 -1
    outer loop
      vertex 1.20104 -12.4975 -0.0199995
      vertex 1.24402 -11.6226 -0.0199995
      vertex 1.24402 -12.3774 -0.0199995
    endloop
  endfacet
  facet normal 0 0 -1
    outer loop
      vertex 1.20104 -12.4975 -0.0199995
      vertex 1.20104 -11.5025 -0.0199995
      vertex 1.24402 -11.6226 -0.0199995
    endloop
  endfacet
  facet normal 0 0 -1
    outer loop
      vertex 1.1465 -12.6128 -0.0199995
      vertex 1.20104 -11.5025 -0.0199995
      vertex 1.20104 -12.4975 -0.0199995
    endloop
  endfacet
  facet normal 0 0 -1
    outer loop
      vertex 1.1465 -12.6128 -0.0199995
      vertex 1.1465 -11.3872 -0.0199995
      vertex 1.20104 -11.5025 -0.0199995
    endloop
  endfacet
  facet normal 0 0 -1
    outer loop
      vertex 1.08091 -12.7222 -0.0199995
      vertex 1.1465 -11.3872 -0.0199995
      vertex 1.1465 -12.6128 -0.0199995
    endloop
  endfacet
  facet normal 0 0 -1
    outer loop
      vertex 1.08091 -12.7222 -0.0199995
      vertex 1.08091 -11.2778 -0.0199995
      vertex 1.1465 -11.3872 -0.0199995
    endloop
  endfacet
  facet normal 0 0 -1
    outer loop
      vertex 1.00491 -12.8247 -0.0199995
      vertex 1.08091 -11.2778 -0.0199995
      vertex 1.08091 -12.7222 -0.0199995
    endloop
  endfacet
  facet normal 0 0 -1
    outer loop
      vertex 1.00491 -12.8247 -0.0199995
      vertex 1.00491 -11.1753 -0.0199995
      vertex 1.08091 -11.2778 -0.0199995
    endloop
  endfacet
  facet normal 0 0 -1
    outer loop
      vertex 0.919238 -12.9192 -0.0199995
      vertex 1.00491 -11.1753 -0.0199995
      vertex 1.00491 -12.8247 -0.0199995
    endloop
  endfacet
  facet normal 0 0 -1
    outer loop
      vertex 0.919238 -12.9192 -0.0199995
      vertex 0.919238 -11.0808 -0.0199995
      vertex 1.00491 -11.1753 -0.0199995
    endloop
  endfacet
  facet normal 0 0 -1
    outer loop
      vertex 0.824711 -13.0049 -0.0199995
      vertex 0.919238 -11.0808 -0.0199995
      vertex 0.919238 -12.9192 -0.0199995
    endloop
  endfacet
  facet normal 0 0 -1
    outer loop
      vertex 0.824711 -13.0049 -0.0199995
      vertex 0.824711 -10.9951 -0.0199995
      vertex 0.919238 -11.0808 -0.0199995
    endloop
  endfacet
  facet normal 0 0 -1
    outer loop
      vertex 0.72224 -13.0809 -0.0199995
      vertex 0.824711 -10.9951 -0.0199995
      vertex 0.824711 -13.0049 -0.0199995
    endloop
  endfacet
  facet normal 0 0 -1
    outer loop
      vertex 0.72224 -13.0809 -0.0199995
      vertex 0.72224 -10.9191 -0.0199995
      vertex 0.824711 -10.9951 -0.0199995
    endloop
  endfacet
  facet normal 0 0 -1
    outer loop
      vertex 0.612815 -13.1465 -0.0199995
      vertex 0.72224 -10.9191 -0.0199995
      vertex 0.72224 -13.0809 -0.0199995
    endloop
  endfacet
  facet normal 0 0 -1
    outer loop
      vertex 0.612815 -13.1465 -0.0199995
      vertex 0.612815 -10.8535 -0.0199995
      vertex 0.72224 -10.9191 -0.0199995
    endloop
  endfacet
  facet normal 0 0 -1
    outer loop
      vertex 0.497488 -13.201 -0.0199995
      vertex 0.612815 -10.8535 -0.0199995
      vertex 0.612815 -13.1465 -0.0199995
    endloop
  endfacet
  facet normal 0 0 -1
    outer loop
      vertex 0.497488 -13.201 -0.0199995
      vertex 0.497488 -10.799 -0.0199995
      vertex 0.612815 -10.8535 -0.0199995
    endloop
  endfacet
  facet normal 0 0 -1
    outer loop
      vertex 0.37737 -13.244 -0.0199995
      vertex 0.497488 -10.799 -0.0199995
      vertex 0.497488 -13.201 -0.0199995
    endloop
  endfacet
  facet normal 0 0 -1
    outer loop
      vertex 0.37737 -13.244 -0.0199995
      vertex 0.37737 -10.756 -0.0199995
      vertex 0.497488 -10.799 -0.0199995
    endloop
  endfacet
  facet normal 0 0 -1
    outer loop
      vertex 0.253617 -13.275 -0.0199995
      vertex 0.37737 -10.756 -0.0199995
      vertex 0.37737 -13.244 -0.0199995
    endloop
  endfacet
  facet normal 0 0 -1
    outer loop
      vertex 0.253617 -13.275 -0.0199995
      vertex 0.253617 -10.725 -0.0199995
      vertex 0.37737 -10.756 -0.0199995
    endloop
  endfacet
  facet normal 0 0 -1
    outer loop
      vertex 0.127421 -13.2937 -0.0199995
      vertex 0.253617 -10.725 -0.0199995
      vertex 0.253617 -13.275 -0.0199995
    endloop
  endfacet
  facet normal 0 0 -1
    outer loop
      vertex 0.127421 -13.2937 -0.0199995
      vertex 0.127421 -10.7063 -0.0199995
      vertex 0.253617 -10.725 -0.0199995
    endloop
  endfacet
  facet normal 0 0 -1
    outer loop
      vertex 0 -13.3 -0.0199995
      vertex 0.127421 -10.7063 -0.0199995
      vertex 0.127421 -13.2937 -0.0199995
    endloop
  endfacet
  facet normal 0 0 -1
    outer loop
      vertex 0 -13.3 -0.0199995
      vertex 0 -10.7 -0.0199995
      vertex 0.127421 -10.7063 -0.0199995
    endloop
  endfacet
  facet normal 0 0 -1
    outer loop
      vertex -0.127421 -13.2937 -0.0199995
      vertex 0 -10.7 -0.0199995
      vertex 0 -13.3 -0.0199995
    endloop
  endfacet
  facet normal 0 0 -1
    outer loop
      vertex -0.127421 -13.2937 -0.0199995
      vertex -0.127421 -10.7063 -0.0199995
      vertex 0 -10.7 -0.0199995
    endloop
  endfacet
  facet normal 0 0 -1
    outer loop
      vertex -0.253617 -13.275 -0.0199995
      vertex -0.127421 -10.7063 -0.0199995
      vertex -0.127421 -13.2937 -0.0199995
    endloop
  endfacet
  facet normal 0 0 -1
    outer loop
      vertex -0.253617 -13.275 -0.0199995
      vertex -0.253617 -10.725 -0.0199995
      vertex -0.127421 -10.7063 -0.0199995
    endloop
  endfacet
  facet normal 0 0 -1
    outer loop
      vertex -0.37737 -13.244 -0.0199995
      vertex -0.253617 -10.725 -0.0199995
      vertex -0.253617 -13.275 -0.0199995
    endloop
  endfacet
  facet normal 0 0 -1
    outer loop
      vertex -0.37737 -13.244 -0.0199995
      vertex -0.37737 -10.756 -0.0199995
      vertex -0.253617 -10.725 -0.0199995
    endloop
  endfacet
  facet normal 0 0 -1
    outer loop
      vertex -0.497488 -13.201 -0.0199995
      vertex -0.37737 -10.756 -0.0199995
      vertex -0.37737 -13.244 -0.0199995
    endloop
  endfacet
  facet normal 0 0 -1
    outer loop
      vertex -0.497488 -13.201 -0.0199995
      vertex -0.497488 -10.799 -0.0199995
      vertex -0.37737 -10.756 -0.0199995
    endloop
  endfacet
  facet normal 0 0 -1
    outer loop
      vertex -0.612815 -13.1465 -0.0199995
      vertex -0.497488 -10.799 -0.0199995
      vertex -0.497488 -13.201 -0.0199995
    endloop
  endfacet
  facet normal 0 0 -1
    outer loop
      vertex -0.612815 -13.1465 -0.0199995
      vertex -0.612815 -10.8535 -0.0199995
      vertex -0.497488 -10.799 -0.0199995
    endloop
  endfacet
  facet normal 0 0 -1
    outer loop
      vertex -0.72224 -13.0809 -0.0199995
      vertex -0.612815 -10.8535 -0.0199995
      vertex -0.612815 -13.1465 -0.0199995
    endloop
  endfacet
  facet normal 0 0 -1
    outer loop
      vertex -0.72224 -13.0809 -0.0199995
      vertex -0.72224 -10.9191 -0.0199995
      vertex -0.612815 -10.8535 -0.0199995
    endloop
  endfacet
  facet normal 0 0 -1
    outer loop
      vertex -0.824711 -13.0049 -0.0199995
      vertex -0.72224 -10.9191 -0.0199995
      vertex -0.72224 -13.0809 -0.0199995
    endloop
  endfacet
  facet normal 0 0 -1
    outer loop
      vertex -0.824711 -13.0049 -0.0199995
      vertex -0.824711 -10.9951 -0.0199995
      vertex -0.72224 -10.9191 -0.0199995
    endloop
  endfacet
  facet normal 0 0 -1
    outer loop
      vertex -0.919238 -12.9192 -0.0199995
      vertex -0.824711 -10.9951 -0.0199995
      vertex -0.824711 -13.0049 -0.0199995
    endloop
  endfacet
  facet normal 0 0 -1
    outer loop
      vertex -0.919238 -12.9192 -0.0199995
      vertex -0.919238 -11.0808 -0.0199995
      vertex -0.824711 -10.9951 -0.0199995
    endloop
  endfacet
  facet normal 0 0 -1
    outer loop
      vertex -1.00491 -12.8247 -0.0199995
      vertex -0.919238 -11.0808 -0.0199995
      vertex -0.919238 -12.9192 -0.0199995
    endloop
  endfacet
  facet normal 0 0 -1
    outer loop
      vertex -1.00491 -12.8247 -0.0199995
      vertex -1.00491 -11.1753 -0.0199995
      vertex -0.919238 -11.0808 -0.0199995
    endloop
  endfacet
  facet normal 0 0 -1
    outer loop
      vertex -1.08091 -12.7222 -0.0199995
      vertex -1.00491 -11.1753 -0.0199995
      vertex -1.00491 -12.8247 -0.0199995
    endloop
  endfacet
  facet normal 0 0 -1
    outer loop
      vertex -1.08091 -12.7222 -0.0199995
      vertex -1.08091 -11.2778 -0.0199995
      vertex -1.00491 -11.1753 -0.0199995
    endloop
  endfacet
  facet normal 0 0 -1
    outer loop
      vertex -1.1465 -12.6128 -0.0199995
      vertex -1.08091 -11.2778 -0.0199995
      vertex -1.08091 -12.7222 -0.0199995
    endloop
  endfacet
  facet normal 0 0 -1
    outer loop
      vertex -1.1465 -12.6128 -0.0199995
      vertex -1.1465 -11.3872 -0.0199995
      vertex -1.08091 -11.2778 -0.0199995
    endloop
  endfacet
  facet normal 0 0 -1
    outer loop
      vertex -1.20104 -12.4975 -0.0199995
      vertex -1.1465 -11.3872 -0.0199995
      vertex -1.1465 -12.6128 -0.0199995
    endloop
  endfacet
  facet normal 0 0 -1
    outer loop
      vertex -1.20104 -12.4975 -0.0199995
      vertex -1.20104 -11.5025 -0.0199995
      vertex -1.1465 -11.3872 -0.0199995
    endloop
  endfacet
  facet normal 0 0 -1
    outer loop
      vertex -1.24402 -12.3774 -0.0199995
      vertex -1.20104 -11.5025 -0.0199995
      vertex -1.20104 -12.4975 -0.0199995
    endloop
  endfacet
  facet normal 0 0 -1
    outer loop
      vertex -1.24402 -12.3774 -0.0199995
      vertex -1.24402 -11.6226 -0.0199995
      vertex -1.20104 -11.5025 -0.0199995
    endloop
  endfacet
  facet normal 0 0 -1
    outer loop
      vertex -1.27502 -12.2536 -0.0199995
      vertex -1.24402 -11.6226 -0.0199995
      vertex -1.24402 -12.3774 -0.0199995
    endloop
  endfacet
  facet normal 0 0 -1
    outer loop
      vertex -1.27502 -12.2536 -0.0199995
      vertex -1.27502 -11.7464 -0.0199995
      vertex -1.24402 -11.6226 -0.0199995
    endloop
  endfacet
  facet normal 0 0 -1
    outer loop
      vertex -1.29374 -12.1274 -0.0199995
      vertex -1.27502 -11.7464 -0.0199995
      vertex -1.27502 -12.2536 -0.0199995
    endloop
  endfacet
  facet normal 0 0 -1
    outer loop
      vertex -1.29374 -12.1274 -0.0199995
      vertex -1.29374 -11.8726 -0.0199995
      vertex -1.27502 -11.7464 -0.0199995
    endloop
  endfacet
  facet normal 0 -0 -1
    outer loop
      vertex -1.29374 -11.8726 -0.0199995
      vertex -1.29374 -12.1274 -0.0199995
      vertex -1.3 -12 -0.0199995
    endloop
  endfacet
  facet normal -1 0 0
    outer loop
      vertex -31 -23 -0.0199995
      vertex -31 23 2.98
      vertex -31 23 -0.0199995
    endloop
  endfacet
  facet normal -1 -0 0
    outer loop
      vertex -31 23 2.98
      vertex -31 -23 -0.0199995
      vertex -31 -23 2.98
    endloop
  endfacet
  facet normal 0 0 1
    outer loop
      vertex -10.9385 13.391 2.98
      vertex 0 20 2.98
      vertex 0 23 2.98
    endloop
  endfacet
  facet normal 0 0 1
    outer loop
      vertex 0 20 2.98
      vertex -6 6 2.98
      vertex 0 -8.5 2.98
    endloop
  endfacet
  facet normal -0 0 1
    outer loop
      vertex -6.03852 5.21586 2.98
      vertex 0 -8.5 2.98
      vertex -6 6 2.98
    endloop
  endfacet
  facet normal -0 0 1
    outer loop
      vertex -6.15372 4.43928 2.98
      vertex 0 -8.5 2.98
      vertex -6.03852 5.21586 2.98
    endloop
  endfacet
  facet normal -0 0 1
    outer loop
      vertex -6.34448 3.67772 2.98
      vertex 0 -8.5 2.98
      vertex -6.15372 4.43928 2.98
    endloop
  endfacet
  facet normal -0 0 1
    outer loop
      vertex -6.60896 2.93853 2.98
      vertex 0 -8.5 2.98
      vertex -6.34448 3.67772 2.98
    endloop
  endfacet
  facet normal -0 0 1
    outer loop
      vertex -6.94463 2.22883 2.98
      vertex 0 -8.5 2.98
      vertex -6.60896 2.93853 2.98
    endloop
  endfacet
  facet normal 0 0 1
    outer loop
      vertex 0 -8.5 2.98
      vertex -6.94463 2.22883 2.98
      vertex -0.34306 -8.51685 2.98
    endloop
  endfacet
  facet normal -0 0 1
    outer loop
      vertex -7.34824 1.55544 2.98
      vertex -0.34306 -8.51685 2.98
      vertex -6.94463 2.22883 2.98
    endloop
  endfacet
  facet normal 0 0 1
    outer loop
      vertex -0.34306 -8.51685 2.98
      vertex -7.34824 1.55544 2.98
      vertex -0.682816 -8.56725 2.98
    endloop
  endfacet
  facet normal 0 0 1
    outer loop
      vertex -0.682816 -8.56725 2.98
      vertex -7.34824 1.55544 2.98
      vertex -1.016 -8.65071 2.98
    endloop
  endfacet
  facet normal 0 0 1
    outer loop
      vertex -1.016 -8.65071 2.98
      vertex -7.81592 0.924853 2.98
      vertex -1.33939 -8.76642 2.98
    endloop
  endfacet
  facet normal -0 0 1
    outer loop
      vertex -8.34315 0.343145 2.98
      vertex -1.33939 -8.76642 2.98
      vertex -7.81592 0.924853 2.98
    endloop
  endfacet
  facet normal 0 0 1
    outer loop
      vertex -1.33939 -8.76642 2.98
      vertex -8.34315 0.343145 2.98
      vertex -1.64989 -8.91328 2.98
    endloop
  endfacet
  facet normal 0 0 1
    outer loop
      vertex -1.64989 -8.91328 2.98
      vertex -8.34315 0.343145 2.98
      vertex -1.9445 -9.08986 2.98
    endloop
  endfacet
  facet normal -0 0 1
    outer loop
      vertex -8.92485 -0.184083 2.98
      vertex -1.9445 -9.08986 2.98
      vertex -8.34315 0.343145 2.98
    endloop
  endfacet
  facet normal 0 0 1
    outer loop
      vertex -1.9445 -9.08986 2.98
      vertex -8.92485 -0.184083 2.98
      vertex -2.22038 -9.29446 2.98
    endloop
  endfacet
  facet normal -0 0 1
    outer loop
      vertex -7.81592 0.924853 2.98
      vertex -1.016 -8.65071 2.98
      vertex -7.34824 1.55544 2.98
    endloop
  endfacet
  facet normal 0 0 1
    outer loop
      vertex 0 20 2.98
      vertex -6.03852 6.78414 2.98
      vertex -6 6 2.98
    endloop
  endfacet
  facet normal 0 0 1
    outer loop
      vertex 0 20 2.98
      vertex -6.15372 7.56072 2.98
      vertex -6.03852 6.78414 2.98
    endloop
  endfacet
  facet normal 0 0 1
    outer loop
      vertex 0 20 2.98
      vertex -6.34448 8.32228 2.98
      vertex -6.15372 7.56072 2.98
    endloop
  endfacet
  facet normal 0 0 1
    outer loop
      vertex 0 20 2.98
      vertex -6.60896 9.06147 2.98
      vertex -6.34448 8.32228 2.98
    endloop
  endfacet
  facet normal 0 0 1
    outer loop
      vertex 0 20 2.98
      vertex -6.94463 9.77117 2.98
      vertex -6.60896 9.06147 2.98
    endloop
  endfacet
  facet normal 0 0 1
    outer loop
      vertex 0 20 2.98
      vertex -7.34824 10.4446 2.98
      vertex -6.94463 9.77117 2.98
    endloop
  endfacet
  facet normal 0 0 1
    outer loop
      vertex 0 20 2.98
      vertex -7.81592 11.0751 2.98
      vertex -7.34824 10.4446 2.98
    endloop
  endfacet
  facet normal 0 0 1
    outer loop
      vertex 0 20 2.98
      vertex -8.34315 11.6569 2.98
      vertex -7.81592 11.0751 2.98
    endloop
  endfacet
  facet normal 0 0 1
    outer loop
      vertex 0 20 2.98
      vertex -8.92485 12.1841 2.98
      vertex -8.34315 11.6569 2.98
    endloop
  endfacet
  facet normal 0 0 1
    outer loop
      vertex 0 20 2.98
      vertex -9.55544 12.6518 2.98
      vertex -8.92485 12.1841 2.98
    endloop
  endfacet
  facet normal 0 0 1
    outer loop
      vertex 0 20 2.98
      vertex -10.2288 13.0554 2.98
      vertex -9.55544 12.6518 2.98
    endloop
  endfacet
  facet normal 0 0 1
    outer loop
      vertex 0 20 2.98
      vertex -10.9385 13.391 2.98
      vertex -10.2288 13.0554 2.98
    endloop
  endfacet
  facet normal 0 0 1
    outer loop
      vertex 0 23 2.98
      vertex -11.6777 13.6555 2.98
      vertex -10.9385 13.391 2.98
    endloop
  endfacet
  facet normal 0 0 1
    outer loop
      vertex 0 23 2.98
      vertex -12.4393 13.8463 2.98
      vertex -11.6777 13.6555 2.98
    endloop
  endfacet
  facet normal 0 0 1
    outer loop
      vertex 0 23 2.98
      vertex -13.2159 13.9615 2.98
      vertex -12.4393 13.8463 2.98
    endloop
  endfacet
  facet normal 0 0 1
    outer loop
      vertex 0 23 2.98
      vertex -14 14 2.98
      vertex -13.2159 13.9615 2.98
    endloop
  endfacet
  facet normal 0 0 1
    outer loop
      vertex 0 23 2.98
      vertex -14.7841 13.9615 2.98
      vertex -14 14 2.98
    endloop
  endfacet
  facet normal -0 0 1
    outer loop
      vertex -31 23 2.98
      vertex -14.7841 13.9615 2.98
      vertex 0 23 2.98
    endloop
  endfacet
  facet normal 0 0 1
    outer loop
      vertex -14.7841 13.9615 2.98
      vertex -31 23 2.98
      vertex -15.5607 13.8463 2.98
    endloop
  endfacet
  facet normal 0 0 1
    outer loop
      vertex -15.5607 13.8463 2.98
      vertex -31 23 2.98
      vertex -16.3223 13.6555 2.98
    endloop
  endfacet
  facet normal 0 0 1
    outer loop
      vertex -16.3223 13.6555 2.98
      vertex -31 23 2.98
      vertex -17.0615 13.391 2.98
    endloop
  endfacet
  facet normal 0 0 1
    outer loop
      vertex -21.9615 6.78414 2.98
      vertex -31 23 2.98
      vertex -22 6 2.98
    endloop
  endfacet
  facet normal 0 0 1
    outer loop
      vertex -21.8463 7.56072 2.98
      vertex -31 23 2.98
      vertex -21.9615 6.78414 2.98
    endloop
  endfacet
  facet normal 0 0 1
    outer loop
      vertex -21.6555 8.32228 2.98
      vertex -31 23 2.98
      vertex -21.8463 7.56072 2.98
    endloop
  endfacet
  facet normal 0 0 1
    outer loop
      vertex -21.391 9.06147 2.98
      vertex -31 23 2.98
      vertex -21.6555 8.32228 2.98
    endloop
  endfacet
  facet normal 0 0 1
    outer loop
      vertex -21.0554 9.77117 2.98
      vertex -31 23 2.98
      vertex -21.391 9.06147 2.98
    endloop
  endfacet
  facet normal 0 0 1
    outer loop
      vertex -20.6518 10.4446 2.98
      vertex -31 23 2.98
      vertex -21.0554 9.77117 2.98
    endloop
  endfacet
  facet normal 0 0 1
    outer loop
      vertex -20.1841 11.0751 2.98
      vertex -31 23 2.98
      vertex -20.6518 10.4446 2.98
    endloop
  endfacet
  facet normal 0 0 1
    outer loop
      vertex -19.6569 11.6569 2.98
      vertex -31 23 2.98
      vertex -20.1841 11.0751 2.98
    endloop
  endfacet
  facet normal 0 0 1
    outer loop
      vertex -19.0751 12.1841 2.98
      vertex -31 23 2.98
      vertex -19.6569 11.6569 2.98
    endloop
  endfacet
  facet normal 0 0 1
    outer loop
      vertex -18.4446 12.6518 2.98
      vertex -31 23 2.98
      vertex -19.0751 12.1841 2.98
    endloop
  endfacet
  facet normal 0 0 1
    outer loop
      vertex -17.7712 13.0554 2.98
      vertex -31 23 2.98
      vertex -18.4446 12.6518 2.98
    endloop
  endfacet
  facet normal 0 0 1
    outer loop
      vertex -17.0615 13.391 2.98
      vertex -31 23 2.98
      vertex -17.7712 13.0554 2.98
    endloop
  endfacet
  facet normal 0 0 1
    outer loop
      vertex 20.6942 5.88238 2.98
      vertex 31 20 2.98
      vertex 20.7 6 2.98
    endloop
  endfacet
  facet normal 0 0 1
    outer loop
      vertex 31 20 2.98
      vertex 20.6942 6.11762 2.98
      vertex 20.7 6 2.98
    endloop
  endfacet
  facet normal 0 0 1
    outer loop
      vertex 31 20 2.98
      vertex 20.6769 6.23411 2.98
      vertex 20.6942 6.11762 2.98
    endloop
  endfacet
  facet normal 0 0 1
    outer loop
      vertex 31 20 2.98
      vertex 20.6483 6.34834 2.98
      vertex 20.6769 6.23411 2.98
    endloop
  endfacet
  facet normal 0 0 1
    outer loop
      vertex 31 20 2.98
      vertex 20.6087 6.45922 2.98
      vertex 20.6483 6.34834 2.98
    endloop
  endfacet
  facet normal 0 0 1
    outer loop
      vertex 31 20 2.98
      vertex 20.5583 6.56568 2.98
      vertex 20.6087 6.45922 2.98
    endloop
  endfacet
  facet normal 0 0 1
    outer loop
      vertex 31 20 2.98
      vertex 20.4978 6.66668 2.98
      vertex 20.5583 6.56568 2.98
    endloop
  endfacet
  facet normal 0 0 1
    outer loop
      vertex 31 20 2.98
      vertex 20.4276 6.76127 2.98
      vertex 20.4978 6.66668 2.98
    endloop
  endfacet
  facet normal 0 0 1
    outer loop
      vertex 31 20 2.98
      vertex 20.3485 6.84853 2.98
      vertex 20.4276 6.76127 2.98
    endloop
  endfacet
  facet normal 0 0 1
    outer loop
      vertex 31 20 2.98
      vertex 20.2613 6.92761 2.98
      vertex 20.3485 6.84853 2.98
    endloop
  endfacet
  facet normal 0 0 1
    outer loop
      vertex 31 20 2.98
      vertex 20.1667 6.99776 2.98
      vertex 20.2613 6.92761 2.98
    endloop
  endfacet
  facet normal 0 0 1
    outer loop
      vertex 31 20 2.98
      vertex 20.0657 7.0583 2.98
      vertex 20.1667 6.99776 2.98
    endloop
  endfacet
  facet normal 0 0 1
    outer loop
      vertex 31 20 2.98
      vertex 19.9592 7.10865 2.98
      vertex 20.0657 7.0583 2.98
    endloop
  endfacet
  facet normal 0 0 1
    outer loop
      vertex 31 20 2.98
      vertex 19.8483 7.14833 2.98
      vertex 19.9592 7.10865 2.98
    endloop
  endfacet
  facet normal 0 0 1
    outer loop
      vertex 31 20 2.98
      vertex 19.7341 7.17694 2.98
      vertex 19.8483 7.14833 2.98
    endloop
  endfacet
  facet normal -0 0 1
    outer loop
      vertex 16.2997 8.80216 2.98
      vertex 19.7341 7.17694 2.98
      vertex 31 20 2.98
    endloop
  endfacet
  facet normal 0 0 1
    outer loop
      vertex 19.7341 7.17694 2.98
      vertex 16.2997 8.80216 2.98
      vertex 19.6176 7.19422 2.98
    endloop
  endfacet
  facet normal -0 -0 1
    outer loop
      vertex 16.5633 8.56326 2.98
      vertex 19.6176 7.19422 2.98
      vertex 16.2997 8.80216 2.98
    endloop
  endfacet
  facet normal 0 0 1
    outer loop
      vertex 19.6176 7.19422 2.98
      vertex 16.5633 8.56326 2.98
      vertex 19.5 7.2 2.98
    endloop
  endfacet
  facet normal -0 -0 1
    outer loop
      vertex 16.8022 8.29967 2.98
      vertex 19.5 7.2 2.98
      vertex 16.5633 8.56326 2.98
    endloop
  endfacet
  facet normal 0 0 1
    outer loop
      vertex 19.5 7.2 2.98
      vertex 16.8022 8.29967 2.98
      vertex 19.3824 7.19422 2.98
    endloop
  endfacet
  facet normal 0 0 1
    outer loop
      vertex 19.3824 7.19422 2.98
      vertex 16.8022 8.29967 2.98
      vertex 19.2659 7.17694 2.98
    endloop
  endfacet
  facet normal 0 0 1
    outer loop
      vertex 19.2659 7.17694 2.98
      vertex 17.0141 8.01394 2.98
      vertex 19.1517 7.14833 2.98
    endloop
  endfacet
  facet normal -0 -0 1
    outer loop
      vertex 17.197 7.70881 2.98
      vertex 19.1517 7.14833 2.98
      vertex 17.0141 8.01394 2.98
    endloop
  endfacet
  facet normal 0 0 1
    outer loop
      vertex 19.1517 7.14833 2.98
      vertex 17.197 7.70881 2.98
      vertex 19.0408 7.10865 2.98
    endloop
  endfacet
  facet normal 0 0 1
    outer loop
      vertex 18.3058 6.11762 2.98
      vertex 17.625 6 2.98
      vertex 18.3 6 2.98
    endloop
  endfacet
  facet normal 0 0 1
    outer loop
      vertex 17.6075 6.35531 2.98
      vertex 18.3058 6.11762 2.98
      vertex 18.3231 6.23411 2.98
    endloop
  endfacet
  facet normal 0 0 1
    outer loop
      vertex 17.6075 6.35531 2.98
      vertex 18.3231 6.23411 2.98
      vertex 18.3517 6.34834 2.98
    endloop
  endfacet
  facet normal -0 0 1
    outer loop
      vertex 17.6075 6.35531 2.98
      vertex 18.3517 6.34834 2.98
      vertex 18.3913 6.45922 2.98
    endloop
  endfacet
  facet normal 0 0 1
    outer loop
      vertex 17.5553 6.7072 2.98
      vertex 18.3913 6.45922 2.98
      vertex 18.4417 6.56568 2.98
    endloop
  endfacet
  facet normal 0 0 1
    outer loop
      vertex 17.5553 6.7072 2.98
      vertex 18.4417 6.56568 2.98
      vertex 18.5022 6.66668 2.98
    endloop
  endfacet
  facet normal 0 0 1
    outer loop
      vertex 17.4689 7.05228 2.98
      vertex 18.5022 6.66668 2.98
      vertex 18.5724 6.76127 2.98
    endloop
  endfacet
  facet normal 0 0 1
    outer loop
      vertex 17.4689 7.05228 2.98
      vertex 18.5724 6.76127 2.98
      vertex 18.6515 6.84853 2.98
    endloop
  endfacet
  facet normal 0 0 1
    outer loop
      vertex 19.0408 7.10865 2.98
      vertex 17.197 7.70881 2.98
      vertex 18.9343 7.0583 2.98
    endloop
  endfacet
  facet normal 0 0 1
    outer loop
      vertex 18.3058 6.11762 2.98
      vertex 17.6075 6.35531 2.98
      vertex 17.625 6 2.98
    endloop
  endfacet
  facet normal 0 0 1
    outer loop
      vertex 18.3913 6.45922 2.98
      vertex 17.5553 6.7072 2.98
      vertex 17.6075 6.35531 2.98
    endloop
  endfacet
  facet normal 0 0 1
    outer loop
      vertex 18.5022 6.66668 2.98
      vertex 17.4689 7.05228 2.98
      vertex 17.5553 6.7072 2.98
    endloop
  endfacet
  facet normal 0 0 1
    outer loop
      vertex 18.6515 6.84853 2.98
      vertex 17.3491 7.38723 2.98
      vertex 17.4689 7.05228 2.98
    endloop
  endfacet
  facet normal 0 0 1
    outer loop
      vertex 18.7387 6.92761 2.98
      vertex 17.3491 7.38723 2.98
      vertex 18.6515 6.84853 2.98
    endloop
  endfacet
  facet normal 0 0 1
    outer loop
      vertex 18.8333 6.99776 2.98
      vertex 17.3491 7.38723 2.98
      vertex 18.7387 6.92761 2.98
    endloop
  endfacet
  facet normal 0 0 1
    outer loop
      vertex 18.9343 7.0583 2.98
      vertex 17.3491 7.38723 2.98
      vertex 18.8333 6.99776 2.98
    endloop
  endfacet
  facet normal -0 -0 1
    outer loop
      vertex 17.3491 7.38723 2.98
      vertex 18.9343 7.0583 2.98
      vertex 17.197 7.70881 2.98
    endloop
  endfacet
  facet normal -0 -0 1
    outer loop
      vertex 17.0141 8.01394 2.98
      vertex 19.2659 7.17694 2.98
      vertex 16.8022 8.29967 2.98
    endloop
  endfacet
  facet normal 0 0 1
    outer loop
      vertex 31 20 2.98
      vertex 16.0139 9.01408 2.98
      vertex 16.2997 8.80216 2.98
    endloop
  endfacet
  facet normal 0 0 1
    outer loop
      vertex 31 20 2.98
      vertex 15.7088 9.19696 2.98
      vertex 16.0139 9.01408 2.98
    endloop
  endfacet
  facet normal 0 0 1
    outer loop
      vertex 31 20 2.98
      vertex 15.3872 9.34906 2.98
      vertex 15.7088 9.19696 2.98
    endloop
  endfacet
  facet normal 0 0 1
    outer loop
      vertex 31 20 2.98
      vertex 15.0523 9.46891 2.98
      vertex 15.3872 9.34906 2.98
    endloop
  endfacet
  facet normal 0 0 1
    outer loop
      vertex 31 20 2.98
      vertex 14.7072 9.55535 2.98
      vertex 15.0523 9.46891 2.98
    endloop
  endfacet
  facet normal 0 0 1
    outer loop
      vertex 31 20 2.98
      vertex 14.3553 9.60754 2.98
      vertex 14.7072 9.55535 2.98
    endloop
  endfacet
  facet normal -0 0 1
    outer loop
      vertex 0 20 2.98
      vertex 14.3553 9.60754 2.98
      vertex 31 20 2.98
    endloop
  endfacet
  facet normal 0 0 1
    outer loop
      vertex 14.3553 9.60754 2.98
      vertex 0 20 2.98
      vertex 14 9.625 2.98
    endloop
  endfacet
  facet normal 0 0 1
    outer loop
      vertex 14 9.625 2.98
      vertex 0 20 2.98
      vertex 13.6447 9.60754 2.98
    endloop
  endfacet
  facet normal 0 0 1
    outer loop
      vertex 13.6447 9.60754 2.98
      vertex 0 20 2.98
      vertex 13.2928 9.55535 2.98
    endloop
  endfacet
  facet normal 0 0 1
    outer loop
      vertex 13.2928 9.55535 2.98
      vertex 0 20 2.98
      vertex 12.9477 9.46891 2.98
    endloop
  endfacet
  facet normal 0 0 1
    outer loop
      vertex 12.9477 9.46891 2.98
      vertex 0 20 2.98
      vertex 12.6128 9.34906 2.98
    endloop
  endfacet
  facet normal 0 0 1
    outer loop
      vertex 0 20 2.98
      vertex 10.375 6 2.98
      vertex 10.3925 6.35531 2.98
    endloop
  endfacet
  facet normal 0 0 1
    outer loop
      vertex 0 20 2.98
      vertex 10.3925 6.35531 2.98
      vertex 10.4447 6.7072 2.98
    endloop
  endfacet
  facet normal 0 0 1
    outer loop
      vertex 0 20 2.98
      vertex 10.4447 6.7072 2.98
      vertex 10.5311 7.05228 2.98
    endloop
  endfacet
  facet normal 0 0 1
    outer loop
      vertex 0 20 2.98
      vertex 10.5311 7.05228 2.98
      vertex 10.6509 7.38723 2.98
    endloop
  endfacet
  facet normal 0 0 1
    outer loop
      vertex 10.375 6 2.98
      vertex 3.48315 -11.6569 2.98
      vertex 3.5 -12 2.98
    endloop
  endfacet
  facet normal 0 0 1
    outer loop
      vertex 10.375 6 2.98
      vertex 3.43275 -11.3172 2.98
      vertex 3.48315 -11.6569 2.98
    endloop
  endfacet
  facet normal 0 0 1
    outer loop
      vertex 10.375 6 2.98
      vertex 3.34929 -10.984 2.98
      vertex 3.43275 -11.3172 2.98
    endloop
  endfacet
  facet normal 0 0 1
    outer loop
      vertex 10.375 6 2.98
      vertex 3.23358 -10.6606 2.98
      vertex 3.34929 -10.984 2.98
    endloop
  endfacet
  facet normal 0 0 1
    outer loop
      vertex 10.375 6 2.98
      vertex 3.08672 -10.3501 2.98
      vertex 3.23358 -10.6606 2.98
    endloop
  endfacet
  facet normal 0 0 1
    outer loop
      vertex 10.375 6 2.98
      vertex 2.91014 -10.0555 2.98
      vertex 3.08672 -10.3501 2.98
    endloop
  endfacet
  facet normal 0 0 1
    outer loop
      vertex 10.375 6 2.98
      vertex 2.70554 -9.77962 2.98
      vertex 2.91014 -10.0555 2.98
    endloop
  endfacet
  facet normal 0 0 1
    outer loop
      vertex 10.375 6 2.98
      vertex 2.47487 -9.52513 2.98
      vertex 2.70554 -9.77962 2.98
    endloop
  endfacet
  facet normal 0 0 1
    outer loop
      vertex 0 20 2.98
      vertex 10.6509 7.38723 2.98
      vertex 10.803 7.70881 2.98
    endloop
  endfacet
  facet normal 0 0 1
    outer loop
      vertex 10.375 6 2.98
      vertex 2.22038 -9.29446 2.98
      vertex 2.47487 -9.52513 2.98
    endloop
  endfacet
  facet normal 0 0 1
    outer loop
      vertex 10.375 6 2.98
      vertex 1.9445 -9.08986 2.98
      vertex 2.22038 -9.29446 2.98
    endloop
  endfacet
  facet normal 0 0 1
    outer loop
      vertex 10.375 6 2.98
      vertex 1.64989 -8.91328 2.98
      vertex 1.9445 -9.08986 2.98
    endloop
  endfacet
  facet normal 0 0 1
    outer loop
      vertex 10.375 6 2.98
      vertex 1.33939 -8.76642 2.98
      vertex 1.64989 -8.91328 2.98
    endloop
  endfacet
  facet normal 0 0 1
    outer loop
      vertex 10.375 6 2.98
      vertex 1.016 -8.65071 2.98
      vertex 1.33939 -8.76642 2.98
    endloop
  endfacet
  facet normal 0 0 1
    outer loop
      vertex 10.375 6 2.98
      vertex 0.682816 -8.56725 2.98
      vertex 1.016 -8.65071 2.98
    endloop
  endfacet
  facet normal 0 0 1
    outer loop
      vertex 0 20 2.98
      vertex 10.803 7.70881 2.98
      vertex 10.9859 8.01394 2.98
    endloop
  endfacet
  facet normal 0 0 1
    outer loop
      vertex 10.375 6 2.98
      vertex 0.34306 -8.51685 2.98
      vertex 0.682816 -8.56725 2.98
    endloop
  endfacet
  facet normal 0 0 1
    outer loop
      vertex 12.6128 9.34906 2.98
      vertex 0 20 2.98
      vertex 12.2912 9.19696 2.98
    endloop
  endfacet
  facet normal 0 0 1
    outer loop
      vertex 0 20 2.98
      vertex 11.9861 9.01408 2.98
      vertex 12.2912 9.19696 2.98
    endloop
  endfacet
  facet normal 0 0 1
    outer loop
      vertex 0 20 2.98
      vertex 11.7003 8.80216 2.98
      vertex 11.9861 9.01408 2.98
    endloop
  endfacet
  facet normal 0 0 1
    outer loop
      vertex 0 20 2.98
      vertex 11.4367 8.56326 2.98
      vertex 11.7003 8.80216 2.98
    endloop
  endfacet
  facet normal 0 0 1
    outer loop
      vertex 0 20 2.98
      vertex 11.1978 8.29967 2.98
      vertex 11.4367 8.56326 2.98
    endloop
  endfacet
  facet normal 0 0 1
    outer loop
      vertex 0 20 2.98
      vertex 10.9859 8.01394 2.98
      vertex 11.1978 8.29967 2.98
    endloop
  endfacet
  facet normal 0 0 1
    outer loop
      vertex 10.375 6 2.98
      vertex 0 20 2.98
      vertex 0 -8.5 2.98
    endloop
  endfacet
  facet normal 0 0 1
    outer loop
      vertex 10.375 6 2.98
      vertex 0 -8.5 2.98
      vertex 0.34306 -8.51685 2.98
    endloop
  endfacet
  facet normal 0 0 1
    outer loop
      vertex 20.6769 5.76589 2.98
      vertex 31 20 2.98
      vertex 20.6942 5.88238 2.98
    endloop
  endfacet
  facet normal 0 0 1
    outer loop
      vertex 20.6483 5.65166 2.98
      vertex 31 20 2.98
      vertex 20.6769 5.76589 2.98
    endloop
  endfacet
  facet normal 0 0 1
    outer loop
      vertex 31 20 2.98
      vertex 20.6483 5.65166 2.98
      vertex 31 -23 2.98
    endloop
  endfacet
  facet normal -0 0 1
    outer loop
      vertex 20.6087 5.54078 2.98
      vertex 31 -23 2.98
      vertex 20.6483 5.65166 2.98
    endloop
  endfacet
  facet normal -0 0 1
    outer loop
      vertex 20.5583 5.43432 2.98
      vertex 31 -23 2.98
      vertex 20.6087 5.54078 2.98
    endloop
  endfacet
  facet normal -0 0 1
    outer loop
      vertex 20.4978 5.33332 2.98
      vertex 31 -23 2.98
      vertex 20.5583 5.43432 2.98
    endloop
  endfacet
  facet normal -0 0 1
    outer loop
      vertex 20.4276 5.23873 2.98
      vertex 31 -23 2.98
      vertex 20.4978 5.33332 2.98
    endloop
  endfacet
  facet normal -0 0 1
    outer loop
      vertex 20.3485 5.15147 2.98
      vertex 31 -23 2.98
      vertex 20.4276 5.23873 2.98
    endloop
  endfacet
  facet normal -0 0 1
    outer loop
      vertex 20.2613 5.07239 2.98
      vertex 31 -23 2.98
      vertex 20.3485 5.15147 2.98
    endloop
  endfacet
  facet normal -0 0 1
    outer loop
      vertex 20.1667 5.00224 2.98
      vertex 31 -23 2.98
      vertex 20.2613 5.07239 2.98
    endloop
  endfacet
  facet normal -0 0 1
    outer loop
      vertex 20.0657 4.9417 2.98
      vertex 31 -23 2.98
      vertex 20.1667 5.00224 2.98
    endloop
  endfacet
  facet normal -0 0 1
    outer loop
      vertex 19.9592 4.89135 2.98
      vertex 31 -23 2.98
      vertex 20.0657 4.9417 2.98
    endloop
  endfacet
  facet normal -0 0 1
    outer loop
      vertex 19.8483 4.85167 2.98
      vertex 31 -23 2.98
      vertex 19.9592 4.89135 2.98
    endloop
  endfacet
  facet normal 0 0 1
    outer loop
      vertex 16.2997 3.19784 2.98
      vertex 19.8483 4.85167 2.98
      vertex 19.7341 4.82306 2.98
    endloop
  endfacet
  facet normal 0 0 1
    outer loop
      vertex 16.2997 3.19784 2.98
      vertex 19.7341 4.82306 2.98
      vertex 19.6176 4.80578 2.98
    endloop
  endfacet
  facet normal 0 0 1
    outer loop
      vertex 16.5633 3.43674 2.98
      vertex 19.6176 4.80578 2.98
      vertex 19.5 4.8 2.98
    endloop
  endfacet
  facet normal 0 0 1
    outer loop
      vertex 16.8022 3.70033 2.98
      vertex 19.5 4.8 2.98
      vertex 19.3824 4.80578 2.98
    endloop
  endfacet
  facet normal 0 0 1
    outer loop
      vertex 16.8022 3.70033 2.98
      vertex 19.3824 4.80578 2.98
      vertex 19.2659 4.82306 2.98
    endloop
  endfacet
  facet normal 0 0 1
    outer loop
      vertex 17.0141 3.98606 2.98
      vertex 19.2659 4.82306 2.98
      vertex 19.1517 4.85167 2.98
    endloop
  endfacet
  facet normal 0 0 1
    outer loop
      vertex 17.197 4.29119 2.98
      vertex 19.1517 4.85167 2.98
      vertex 19.0408 4.89135 2.98
    endloop
  endfacet
  facet normal 0 0 1
    outer loop
      vertex 17.197 4.29119 2.98
      vertex 19.0408 4.89135 2.98
      vertex 18.9343 4.9417 2.98
    endloop
  endfacet
  facet normal 0 0 1
    outer loop
      vertex 17.3491 4.61277 2.98
      vertex 18.9343 4.9417 2.98
      vertex 18.8333 5.00224 2.98
    endloop
  endfacet
  facet normal 0 0 1
    outer loop
      vertex 17.3491 4.61277 2.98
      vertex 18.8333 5.00224 2.98
      vertex 18.7387 5.07239 2.98
    endloop
  endfacet
  facet normal 0 0 1
    outer loop
      vertex 17.3491 4.61277 2.98
      vertex 18.7387 5.07239 2.98
      vertex 18.6515 5.15147 2.98
    endloop
  endfacet
  facet normal 0 0 1
    outer loop
      vertex 17.4689 4.94772 2.98
      vertex 18.6515 5.15147 2.98
      vertex 18.5724 5.23873 2.98
    endloop
  endfacet
  facet normal 0 0 1
    outer loop
      vertex 17.4689 4.94772 2.98
      vertex 18.5724 5.23873 2.98
      vertex 18.5022 5.33332 2.98
    endloop
  endfacet
  facet normal 0 0 1
    outer loop
      vertex 17.5553 5.2928 2.98
      vertex 18.5022 5.33332 2.98
      vertex 18.4417 5.43432 2.98
    endloop
  endfacet
  facet normal 0 0 1
    outer loop
      vertex 17.5553 5.2928 2.98
      vertex 18.4417 5.43432 2.98
      vertex 18.3913 5.54078 2.98
    endloop
  endfacet
  facet normal -0 0 1
    outer loop
      vertex 17.625 6 2.98
      vertex 18.3058 5.88238 2.98
      vertex 18.3 6 2.98
    endloop
  endfacet
  facet normal 0 0 1
    outer loop
      vertex 17.6075 5.64469 2.98
      vertex 18.3058 5.88238 2.98
      vertex 17.625 6 2.98
    endloop
  endfacet
  facet normal 0 0 1
    outer loop
      vertex 18.3058 5.88238 2.98
      vertex 17.6075 5.64469 2.98
      vertex 18.3231 5.76589 2.98
    endloop
  endfacet
  facet normal 0 0 1
    outer loop
      vertex 18.3231 5.76589 2.98
      vertex 17.6075 5.64469 2.98
      vertex 18.3517 5.65166 2.98
    endloop
  endfacet
  facet normal 0 0 1
    outer loop
      vertex 18.3517 5.65166 2.98
      vertex 17.6075 5.64469 2.98
      vertex 18.3913 5.54078 2.98
    endloop
  endfacet
  facet normal 0 0 1
    outer loop
      vertex 17.5553 5.2928 2.98
      vertex 18.3913 5.54078 2.98
      vertex 17.6075 5.64469 2.98
    endloop
  endfacet
  facet normal 0 0 1
    outer loop
      vertex 18.5022 5.33332 2.98
      vertex 17.5553 5.2928 2.98
      vertex 17.4689 4.94772 2.98
    endloop
  endfacet
  facet normal 0 0 1
    outer loop
      vertex 18.6515 5.15147 2.98
      vertex 17.4689 4.94772 2.98
      vertex 17.3491 4.61277 2.98
    endloop
  endfacet
  facet normal 0 0 1
    outer loop
      vertex 18.9343 4.9417 2.98
      vertex 17.3491 4.61277 2.98
      vertex 17.197 4.29119 2.98
    endloop
  endfacet
  facet normal 0 0 1
    outer loop
      vertex 19.1517 4.85167 2.98
      vertex 17.197 4.29119 2.98
      vertex 17.0141 3.98606 2.98
    endloop
  endfacet
  facet normal 0 0 1
    outer loop
      vertex 19.2659 4.82306 2.98
      vertex 17.0141 3.98606 2.98
      vertex 16.8022 3.70033 2.98
    endloop
  endfacet
  facet normal 0 0 1
    outer loop
      vertex 19.5 4.8 2.98
      vertex 16.8022 3.70033 2.98
      vertex 16.5633 3.43674 2.98
    endloop
  endfacet
  facet normal 0 0 1
    outer loop
      vertex 19.6176 4.80578 2.98
      vertex 16.5633 3.43674 2.98
      vertex 16.2997 3.19784 2.98
    endloop
  endfacet
  facet normal 0 0 1
    outer loop
      vertex 19.8483 4.85167 2.98
      vertex 16.2997 3.19784 2.98
      vertex 16.0139 2.98592 2.98
    endloop
  endfacet
  facet normal 0 0 1
    outer loop
      vertex 19.8483 4.85167 2.98
      vertex 16.0139 2.98592 2.98
      vertex 31 -23 2.98
    endloop
  endfacet
  facet normal -0 0 1
    outer loop
      vertex 15.7088 2.80304 2.98
      vertex 31 -23 2.98
      vertex 16.0139 2.98592 2.98
    endloop
  endfacet
  facet normal -0 0 1
    outer loop
      vertex 15.3872 2.65094 2.98
      vertex 31 -23 2.98
      vertex 15.7088 2.80304 2.98
    endloop
  endfacet
  facet normal -0 0 1
    outer loop
      vertex 15.0523 2.53109 2.98
      vertex 31 -23 2.98
      vertex 15.3872 2.65094 2.98
    endloop
  endfacet
  facet normal 0 0 1
    outer loop
      vertex 3.5 -12 2.98
      vertex 15.0523 2.53109 2.98
      vertex 14.7072 2.44465 2.98
    endloop
  endfacet
  facet normal 0 0 1
    outer loop
      vertex 3.5 -12 2.98
      vertex 14.7072 2.44465 2.98
      vertex 14.3553 2.39246 2.98
    endloop
  endfacet
  facet normal 0 0 1
    outer loop
      vertex 3.5 -12 2.98
      vertex 14.3553 2.39246 2.98
      vertex 14 2.375 2.98
    endloop
  endfacet
  facet normal 0 0 1
    outer loop
      vertex 3.5 -12 2.98
      vertex 14 2.375 2.98
      vertex 13.6447 2.39246 2.98
    endloop
  endfacet
  facet normal 0 0 1
    outer loop
      vertex 3.5 -12 2.98
      vertex 13.6447 2.39246 2.98
      vertex 13.2928 2.44465 2.98
    endloop
  endfacet
  facet normal 0 0 1
    outer loop
      vertex 3.5 -12 2.98
      vertex 13.2928 2.44465 2.98
      vertex 12.9477 2.53109 2.98
    endloop
  endfacet
  facet normal 0 0 1
    outer loop
      vertex 3.5 -12 2.98
      vertex 12.9477 2.53109 2.98
      vertex 12.6128 2.65094 2.98
    endloop
  endfacet
  facet normal 0 0 1
    outer loop
      vertex 3.5 -12 2.98
      vertex 12.6128 2.65094 2.98
      vertex 12.2912 2.80304 2.98
    endloop
  endfacet
  facet normal 0 0 1
    outer loop
      vertex 3.5 -12 2.98
      vertex 12.2912 2.80304 2.98
      vertex 11.9861 2.98592 2.98
    endloop
  endfacet
  facet normal 0 0 1
    outer loop
      vertex 3.5 -12 2.98
      vertex 11.9861 2.98592 2.98
      vertex 11.7003 3.19784 2.98
    endloop
  endfacet
  facet normal 0 0 1
    outer loop
      vertex 3.5 -12 2.98
      vertex 11.7003 3.19784 2.98
      vertex 11.4367 3.43674 2.98
    endloop
  endfacet
  facet normal 0 0 1
    outer loop
      vertex 3.5 -12 2.98
      vertex 11.4367 3.43674 2.98
      vertex 11.1978 3.70033 2.98
    endloop
  endfacet
  facet normal 0 0 1
    outer loop
      vertex 3.5 -12 2.98
      vertex 11.1978 3.70033 2.98
      vertex 10.9859 3.98606 2.98
    endloop
  endfacet
  facet normal 0 0 1
    outer loop
      vertex 3.5 -12 2.98
      vertex 10.3925 5.64469 2.98
      vertex 10.375 6 2.98
    endloop
  endfacet
  facet normal 0 0 1
    outer loop
      vertex 3.5 -12 2.98
      vertex 10.4447 5.2928 2.98
      vertex 10.3925 5.64469 2.98
    endloop
  endfacet
  facet normal 0 0 1
    outer loop
      vertex 3.5 -12 2.98
      vertex 10.5311 4.94772 2.98
      vertex 10.4447 5.2928 2.98
    endloop
  endfacet
  facet normal 0 0 1
    outer loop
      vertex 3.5 -12 2.98
      vertex 10.6509 4.61277 2.98
      vertex 10.5311 4.94772 2.98
    endloop
  endfacet
  facet normal 0 0 1
    outer loop
      vertex 3.5 -12 2.98
      vertex 10.803 4.29119 2.98
      vertex 10.6509 4.61277 2.98
    endloop
  endfacet
  facet normal 0 0 1
    outer loop
      vertex 3.5 -12 2.98
      vertex 10.9859 3.98606 2.98
      vertex 10.803 4.29119 2.98
    endloop
  endfacet
  facet normal 0 0 1
    outer loop
      vertex 15.0523 2.53109 2.98
      vertex 3.5 -12 2.98
      vertex 31 -23 2.98
    endloop
  endfacet
  facet normal -0 0 1
    outer loop
      vertex 3.48315 -12.3431 2.98
      vertex 31 -23 2.98
      vertex 3.5 -12 2.98
    endloop
  endfacet
  facet normal -0 0 1
    outer loop
      vertex 3.43275 -12.6828 2.98
      vertex 31 -23 2.98
      vertex 3.48315 -12.3431 2.98
    endloop
  endfacet
  facet normal -0 0 1
    outer loop
      vertex 3.34929 -13.016 2.98
      vertex 31 -23 2.98
      vertex 3.43275 -12.6828 2.98
    endloop
  endfacet
  facet normal -0 0 1
    outer loop
      vertex 3.23358 -13.3394 2.98
      vertex 31 -23 2.98
      vertex 3.34929 -13.016 2.98
    endloop
  endfacet
  facet normal -0 0 1
    outer loop
      vertex 3.08672 -13.6499 2.98
      vertex 31 -23 2.98
      vertex 3.23358 -13.3394 2.98
    endloop
  endfacet
  facet normal -0 0 1
    outer loop
      vertex 2.91014 -13.9445 2.98
      vertex 31 -23 2.98
      vertex 3.08672 -13.6499 2.98
    endloop
  endfacet
  facet normal -0 0 1
    outer loop
      vertex 2.70554 -14.2204 2.98
      vertex 31 -23 2.98
      vertex 2.91014 -13.9445 2.98
    endloop
  endfacet
  facet normal -0 0 1
    outer loop
      vertex 2.47487 -14.4749 2.98
      vertex 31 -23 2.98
      vertex 2.70554 -14.2204 2.98
    endloop
  endfacet
  facet normal -0 0 1
    outer loop
      vertex 2.22038 -14.7055 2.98
      vertex 31 -23 2.98
      vertex 2.47487 -14.4749 2.98
    endloop
  endfacet
  facet normal -0 0 1
    outer loop
      vertex 1.9445 -14.9101 2.98
      vertex 31 -23 2.98
      vertex 2.22038 -14.7055 2.98
    endloop
  endfacet
  facet normal -0 0 1
    outer loop
      vertex 1.64989 -15.0867 2.98
      vertex 31 -23 2.98
      vertex 1.9445 -14.9101 2.98
    endloop
  endfacet
  facet normal -0 0 1
    outer loop
      vertex 1.33939 -15.2336 2.98
      vertex 31 -23 2.98
      vertex 1.64989 -15.0867 2.98
    endloop
  endfacet
  facet normal -0 0 1
    outer loop
      vertex 1.016 -15.3493 2.98
      vertex 31 -23 2.98
      vertex 1.33939 -15.2336 2.98
    endloop
  endfacet
  facet normal -0 0 1
    outer loop
      vertex 0.682816 -15.4327 2.98
      vertex 31 -23 2.98
      vertex 1.016 -15.3493 2.98
    endloop
  endfacet
  facet normal -0 0 1
    outer loop
      vertex 0.34306 -15.4831 2.98
      vertex 31 -23 2.98
      vertex 0.682816 -15.4327 2.98
    endloop
  endfacet
  facet normal -0 0 1
    outer loop
      vertex 0 -15.5 2.98
      vertex 31 -23 2.98
      vertex 0.34306 -15.4831 2.98
    endloop
  endfacet
  facet normal 0 0 1
    outer loop
      vertex -31 -23 2.98
      vertex 0 -15.5 2.98
      vertex -0.34306 -15.4831 2.98
    endloop
  endfacet
  facet normal 0 0 1
    outer loop
      vertex -31 -23 2.98
      vertex -0.34306 -15.4831 2.98
      vertex -0.682816 -15.4327 2.98
    endloop
  endfacet
  facet normal -0 0 1
    outer loop
      vertex -9.55544 -0.651756 2.98
      vertex -2.22038 -9.29446 2.98
      vertex -8.92485 -0.184083 2.98
    endloop
  endfacet
  facet normal 0 0 1
    outer loop
      vertex -2.22038 -9.29446 2.98
      vertex -9.55544 -0.651756 2.98
      vertex -2.47487 -9.52513 2.98
    endloop
  endfacet
  facet normal 0 0 1
    outer loop
      vertex -2.47487 -9.52513 2.98
      vertex -9.55544 -0.651756 2.98
      vertex -2.70554 -9.77962 2.98
    endloop
  endfacet
  facet normal -0 0 1
    outer loop
      vertex -10.2288 -1.05537 2.98
      vertex -2.70554 -9.77962 2.98
      vertex -9.55544 -0.651756 2.98
    endloop
  endfacet
  facet normal 0 0 1
    outer loop
      vertex -2.70554 -9.77962 2.98
      vertex -10.2288 -1.05537 2.98
      vertex -2.91014 -10.0555 2.98
    endloop
  endfacet
  facet normal -0 0 1
    outer loop
      vertex -10.9385 -1.39104 2.98
      vertex -2.91014 -10.0555 2.98
      vertex -10.2288 -1.05537 2.98
    endloop
  endfacet
  facet normal 0 0 1
    outer loop
      vertex -2.91014 -10.0555 2.98
      vertex -10.9385 -1.39104 2.98
      vertex -3.08672 -10.3501 2.98
    endloop
  endfacet
  facet normal 0 0 1
    outer loop
      vertex -3.08672 -10.3501 2.98
      vertex -10.9385 -1.39104 2.98
      vertex -3.23358 -10.6606 2.98
    endloop
  endfacet
  facet normal -0 0 1
    outer loop
      vertex -11.6777 -1.65552 2.98
      vertex -3.23358 -10.6606 2.98
      vertex -10.9385 -1.39104 2.98
    endloop
  endfacet
  facet normal 0 0 1
    outer loop
      vertex -3.23358 -10.6606 2.98
      vertex -11.6777 -1.65552 2.98
      vertex -3.34929 -10.984 2.98
    endloop
  endfacet
  facet normal -0 0 1
    outer loop
      vertex -12.4393 -1.84628 2.98
      vertex -3.34929 -10.984 2.98
      vertex -11.6777 -1.65552 2.98
    endloop
  endfacet
  facet normal 0 0 1
    outer loop
      vertex -3.34929 -10.984 2.98
      vertex -12.4393 -1.84628 2.98
      vertex -3.43275 -11.3172 2.98
    endloop
  endfacet
  facet normal -0 0 1
    outer loop
      vertex -13.2159 -1.96148 2.98
      vertex -3.43275 -11.3172 2.98
      vertex -12.4393 -1.84628 2.98
    endloop
  endfacet
  facet normal 0 0 1
    outer loop
      vertex -3.43275 -11.3172 2.98
      vertex -13.2159 -1.96148 2.98
      vertex -3.48315 -11.6569 2.98
    endloop
  endfacet
  facet normal 0 0 1
    outer loop
      vertex -3.48315 -11.6569 2.98
      vertex -13.2159 -1.96148 2.98
      vertex -3.5 -12 2.98
    endloop
  endfacet
  facet normal -0 0 1
    outer loop
      vertex -14 -2 2.98
      vertex -3.5 -12 2.98
      vertex -13.2159 -1.96148 2.98
    endloop
  endfacet
  facet normal 0 0 1
    outer loop
      vertex -3.5 -12 2.98
      vertex -14 -2 2.98
      vertex -3.48315 -12.3431 2.98
    endloop
  endfacet
  facet normal 0 0 1
    outer loop
      vertex -14.7841 -1.96148 2.98
      vertex -3.48315 -12.3431 2.98
      vertex -14 -2 2.98
    endloop
  endfacet
  facet normal 0 0 1
    outer loop
      vertex -3.48315 -12.3431 2.98
      vertex -14.7841 -1.96148 2.98
      vertex -3.43275 -12.6828 2.98
    endloop
  endfacet
  facet normal 0 0 1
    outer loop
      vertex -15.5607 -1.84628 2.98
      vertex -3.43275 -12.6828 2.98
      vertex -14.7841 -1.96148 2.98
    endloop
  endfacet
  facet normal 0 0 1
    outer loop
      vertex -3.43275 -12.6828 2.98
      vertex -15.5607 -1.84628 2.98
      vertex -3.34929 -13.016 2.98
    endloop
  endfacet
  facet normal 0 0 1
    outer loop
      vertex -31 -23 2.98
      vertex -3.34929 -13.016 2.98
      vertex -15.5607 -1.84628 2.98
    endloop
  endfacet
  facet normal 0 0 1
    outer loop
      vertex -3.34929 -13.016 2.98
      vertex -31 -23 2.98
      vertex -3.23358 -13.3394 2.98
    endloop
  endfacet
  facet normal 0 0 1
    outer loop
      vertex -3.23358 -13.3394 2.98
      vertex -31 -23 2.98
      vertex -3.08672 -13.6499 2.98
    endloop
  endfacet
  facet normal 0 0 1
    outer loop
      vertex -3.08672 -13.6499 2.98
      vertex -31 -23 2.98
      vertex -2.91014 -13.9445 2.98
    endloop
  endfacet
  facet normal 0 0 1
    outer loop
      vertex -2.91014 -13.9445 2.98
      vertex -31 -23 2.98
      vertex -2.70554 -14.2204 2.98
    endloop
  endfacet
  facet normal 0 0 1
    outer loop
      vertex -31 -23 2.98
      vertex -15.5607 -1.84628 2.98
      vertex -16.3223 -1.65552 2.98
    endloop
  endfacet
  facet normal 0 0 1
    outer loop
      vertex -31 -23 2.98
      vertex -16.3223 -1.65552 2.98
      vertex -17.0615 -1.39104 2.98
    endloop
  endfacet
  facet normal 0 0 1
    outer loop
      vertex -2.70554 -14.2204 2.98
      vertex -31 -23 2.98
      vertex -2.47487 -14.4749 2.98
    endloop
  endfacet
  facet normal 0 0 1
    outer loop
      vertex -31 -23 2.98
      vertex -17.0615 -1.39104 2.98
      vertex -17.7712 -1.05537 2.98
    endloop
  endfacet
  facet normal 0 0 1
    outer loop
      vertex -31 -23 2.98
      vertex -17.7712 -1.05537 2.98
      vertex -18.4446 -0.651756 2.98
    endloop
  endfacet
  facet normal 0 0 1
    outer loop
      vertex -31 -23 2.98
      vertex -18.4446 -0.651756 2.98
      vertex -19.0751 -0.184083 2.98
    endloop
  endfacet
  facet normal 0 0 1
    outer loop
      vertex -31 23 2.98
      vertex -21.9615 5.21586 2.98
      vertex -22 6 2.98
    endloop
  endfacet
  facet normal 0 0 1
    outer loop
      vertex -31 23 2.98
      vertex -21.8463 4.43928 2.98
      vertex -21.9615 5.21586 2.98
    endloop
  endfacet
  facet normal 0 0 1
    outer loop
      vertex -31 -23 2.98
      vertex -21.8463 4.43928 2.98
      vertex -31 23 2.98
    endloop
  endfacet
  facet normal 0 0 1
    outer loop
      vertex -21.8463 4.43928 2.98
      vertex -31 -23 2.98
      vertex -21.6555 3.67772 2.98
    endloop
  endfacet
  facet normal 0 0 1
    outer loop
      vertex -21.6555 3.67772 2.98
      vertex -31 -23 2.98
      vertex -21.391 2.93853 2.98
    endloop
  endfacet
  facet normal 0 0 1
    outer loop
      vertex 0 -15.5 2.98
      vertex -31 -23 2.98
      vertex 31 -23 2.98
    endloop
  endfacet
  facet normal 0 0 1
    outer loop
      vertex -1.016 -15.3493 2.98
      vertex -31 -23 2.98
      vertex -0.682816 -15.4327 2.98
    endloop
  endfacet
  facet normal 0 0 1
    outer loop
      vertex -1.33939 -15.2336 2.98
      vertex -31 -23 2.98
      vertex -1.016 -15.3493 2.98
    endloop
  endfacet
  facet normal 0 0 1
    outer loop
      vertex -1.64989 -15.0867 2.98
      vertex -31 -23 2.98
      vertex -1.33939 -15.2336 2.98
    endloop
  endfacet
  facet normal 0 0 1
    outer loop
      vertex -1.9445 -14.9101 2.98
      vertex -31 -23 2.98
      vertex -1.64989 -15.0867 2.98
    endloop
  endfacet
  facet normal 0 0 1
    outer loop
      vertex -2.22038 -14.7055 2.98
      vertex -31 -23 2.98
      vertex -1.9445 -14.9101 2.98
    endloop
  endfacet
  facet normal 0 0 1
    outer loop
      vertex -2.47487 -14.4749 2.98
      vertex -31 -23 2.98
      vertex -2.22038 -14.7055 2.98
    endloop
  endfacet
  facet normal 0 0 1
    outer loop
      vertex -19.6569 0.343145 2.98
      vertex -31 -23 2.98
      vertex -19.0751 -0.184083 2.98
    endloop
  endfacet
  facet normal 0 0 1
    outer loop
      vertex -20.1841 0.924853 2.98
      vertex -31 -23 2.98
      vertex -19.6569 0.343145 2.98
    endloop
  endfacet
  facet normal 0 0 1
    outer loop
      vertex -20.6518 1.55544 2.98
      vertex -31 -23 2.98
      vertex -20.1841 0.924853 2.98
    endloop
  endfacet
  facet normal 0 0 1
    outer loop
      vertex -21.0554 2.22883 2.98
      vertex -31 -23 2.98
      vertex -20.6518 1.55544 2.98
    endloop
  endfacet
  facet normal 0 0 1
    outer loop
      vertex -21.391 2.93853 2.98
      vertex -31 -23 2.98
      vertex -21.0554 2.22883 2.98
    endloop
  endfacet
  facet normal 0 0 1
    outer loop
      vertex 1.29374 -11.8726 2.98
      vertex 1.29374 -12.1274 2.98
      vertex 1.3 -12 2.98
    endloop
  endfacet
  facet normal 0 0 1
    outer loop
      vertex 1.27502 -11.7464 2.98
      vertex 1.29374 -12.1274 2.98
      vertex 1.29374 -11.8726 2.98
    endloop
  endfacet
  facet normal 0 0 1
    outer loop
      vertex 1.27502 -11.7464 2.98
      vertex 1.27502 -12.2536 2.98
      vertex 1.29374 -12.1274 2.98
    endloop
  endfacet
  facet normal 0 0 1
    outer loop
      vertex 1.24402 -11.6226 2.98
      vertex 1.27502 -12.2536 2.98
      vertex 1.27502 -11.7464 2.98
    endloop
  endfacet
  facet normal 0 0 1
    outer loop
      vertex 1.24402 -11.6226 2.98
      vertex 1.24402 -12.3774 2.98
      vertex 1.27502 -12.2536 2.98
    endloop
  endfacet
  facet normal 0 0 1
    outer loop
      vertex 1.20104 -11.5025 2.98
      vertex 1.24402 -12.3774 2.98
      vertex 1.24402 -11.6226 2.98
    endloop
  endfacet
  facet normal 0 0 1
    outer loop
      vertex 1.20104 -11.5025 2.98
      vertex 1.20104 -12.4975 2.98
      vertex 1.24402 -12.3774 2.98
    endloop
  endfacet
  facet normal 0 0 1
    outer loop
      vertex 1.1465 -11.3872 2.98
      vertex 1.20104 -12.4975 2.98
      vertex 1.20104 -11.5025 2.98
    endloop
  endfacet
  facet normal 0 0 1
    outer loop
      vertex 1.1465 -11.3872 2.98
      vertex 1.1465 -12.6128 2.98
      vertex 1.20104 -12.4975 2.98
    endloop
  endfacet
  facet normal 0 0 1
    outer loop
      vertex 1.08091 -11.2778 2.98
      vertex 1.1465 -12.6128 2.98
      vertex 1.1465 -11.3872 2.98
    endloop
  endfacet
  facet normal 0 0 1
    outer loop
      vertex 1.08091 -11.2778 2.98
      vertex 1.08091 -12.7222 2.98
      vertex 1.1465 -12.6128 2.98
    endloop
  endfacet
  facet normal 0 0 1
    outer loop
      vertex 1.00491 -11.1753 2.98
      vertex 1.08091 -12.7222 2.98
      vertex 1.08091 -11.2778 2.98
    endloop
  endfacet
  facet normal 0 0 1
    outer loop
      vertex 1.00491 -11.1753 2.98
      vertex 1.00491 -12.8247 2.98
      vertex 1.08091 -12.7222 2.98
    endloop
  endfacet
  facet normal 0 0 1
    outer loop
      vertex 0.919238 -11.0808 2.98
      vertex 1.00491 -12.8247 2.98
      vertex 1.00491 -11.1753 2.98
    endloop
  endfacet
  facet normal 0 0 1
    outer loop
      vertex 0.919238 -11.0808 2.98
      vertex 0.919238 -12.9192 2.98
      vertex 1.00491 -12.8247 2.98
    endloop
  endfacet
  facet normal 0 0 1
    outer loop
      vertex 0.824711 -10.9951 2.98
      vertex 0.919238 -12.9192 2.98
      vertex 0.919238 -11.0808 2.98
    endloop
  endfacet
  facet normal 0 0 1
    outer loop
      vertex 0.824711 -10.9951 2.98
      vertex 0.824711 -13.0049 2.98
      vertex 0.919238 -12.9192 2.98
    endloop
  endfacet
  facet normal 0 0 1
    outer loop
      vertex 0.72224 -10.9191 2.98
      vertex 0.824711 -13.0049 2.98
      vertex 0.824711 -10.9951 2.98
    endloop
  endfacet
  facet normal 0 0 1
    outer loop
      vertex 0.72224 -10.9191 2.98
      vertex 0.72224 -13.0809 2.98
      vertex 0.824711 -13.0049 2.98
    endloop
  endfacet
  facet normal 0 0 1
    outer loop
      vertex 0.612815 -10.8535 2.98
      vertex 0.72224 -13.0809 2.98
      vertex 0.72224 -10.9191 2.98
    endloop
  endfacet
  facet normal 0 0 1
    outer loop
      vertex 0.612815 -10.8535 2.98
      vertex 0.612815 -13.1465 2.98
      vertex 0.72224 -13.0809 2.98
    endloop
  endfacet
  facet normal 0 0 1
    outer loop
      vertex 0.497488 -10.799 2.98
      vertex 0.612815 -13.1465 2.98
      vertex 0.612815 -10.8535 2.98
    endloop
  endfacet
  facet normal 0 0 1
    outer loop
      vertex 0.497488 -10.799 2.98
      vertex 0.497488 -13.201 2.98
      vertex 0.612815 -13.1465 2.98
    endloop
  endfacet
  facet normal 0 0 1
    outer loop
      vertex 0.37737 -10.756 2.98
      vertex 0.497488 -13.201 2.98
      vertex 0.497488 -10.799 2.98
    endloop
  endfacet
  facet normal 0 0 1
    outer loop
      vertex 0.37737 -10.756 2.98
      vertex 0.37737 -13.244 2.98
      vertex 0.497488 -13.201 2.98
    endloop
  endfacet
  facet normal 0 0 1
    outer loop
      vertex 0.253617 -10.725 2.98
      vertex 0.37737 -13.244 2.98
      vertex 0.37737 -10.756 2.98
    endloop
  endfacet
  facet normal 0 0 1
    outer loop
      vertex 0.253617 -10.725 2.98
      vertex 0.253617 -13.275 2.98
      vertex 0.37737 -13.244 2.98
    endloop
  endfacet
  facet normal 0 0 1
    outer loop
      vertex 0.127421 -10.7063 2.98
      vertex 0.253617 -13.275 2.98
      vertex 0.253617 -10.725 2.98
    endloop
  endfacet
  facet normal 0 0 1
    outer loop
      vertex 0.127421 -10.7063 2.98
      vertex 0.127421 -13.2937 2.98
      vertex 0.253617 -13.275 2.98
    endloop
  endfacet
  facet normal 0 0 1
    outer loop
      vertex 0 -10.7 2.98
      vertex 0.127421 -13.2937 2.98
      vertex 0.127421 -10.7063 2.98
    endloop
  endfacet
  facet normal 0 0 1
    outer loop
      vertex 0 -10.7 2.98
      vertex 0 -13.3 2.98
      vertex 0.127421 -13.2937 2.98
    endloop
  endfacet
  facet normal -0 0 1
    outer loop
      vertex -0.127421 -10.7063 2.98
      vertex 0 -13.3 2.98
      vertex 0 -10.7 2.98
    endloop
  endfacet
  facet normal 0 0 1
    outer loop
      vertex -0.127421 -10.7063 2.98
      vertex -0.127421 -13.2937 2.98
      vertex 0 -13.3 2.98
    endloop
  endfacet
  facet normal -0 0 1
    outer loop
      vertex -0.253617 -10.725 2.98
      vertex -0.127421 -13.2937 2.98
      vertex -0.127421 -10.7063 2.98
    endloop
  endfacet
  facet normal 0 0 1
    outer loop
      vertex -0.253617 -10.725 2.98
      vertex -0.253617 -13.275 2.98
      vertex -0.127421 -13.2937 2.98
    endloop
  endfacet
  facet normal -0 0 1
    outer loop
      vertex -0.37737 -10.756 2.98
      vertex -0.253617 -13.275 2.98
      vertex -0.253617 -10.725 2.98
    endloop
  endfacet
  facet normal 0 0 1
    outer loop
      vertex -0.37737 -10.756 2.98
      vertex -0.37737 -13.244 2.98
      vertex -0.253617 -13.275 2.98
    endloop
  endfacet
  facet normal -0 0 1
    outer loop
      vertex -0.497488 -10.799 2.98
      vertex -0.37737 -13.244 2.98
      vertex -0.37737 -10.756 2.98
    endloop
  endfacet
  facet normal 0 0 1
    outer loop
      vertex -0.497488 -10.799 2.98
      vertex -0.497488 -13.201 2.98
      vertex -0.37737 -13.244 2.98
    endloop
  endfacet
  facet normal -0 0 1
    outer loop
      vertex -0.612815 -10.8535 2.98
      vertex -0.497488 -13.201 2.98
      vertex -0.497488 -10.799 2.98
    endloop
  endfacet
  facet normal 0 0 1
    outer loop
      vertex -0.612815 -10.8535 2.98
      vertex -0.612815 -13.1465 2.98
      vertex -0.497488 -13.201 2.98
    endloop
  endfacet
  facet normal -0 0 1
    outer loop
      vertex -0.72224 -10.9191 2.98
      vertex -0.612815 -13.1465 2.98
      vertex -0.612815 -10.8535 2.98
    endloop
  endfacet
  facet normal 0 0 1
    outer loop
      vertex -0.72224 -10.9191 2.98
      vertex -0.72224 -13.0809 2.98
      vertex -0.612815 -13.1465 2.98
    endloop
  endfacet
  facet normal -0 0 1
    outer loop
      vertex -0.824711 -10.9951 2.98
      vertex -0.72224 -13.0809 2.98
      vertex -0.72224 -10.9191 2.98
    endloop
  endfacet
  facet normal 0 0 1
    outer loop
      vertex -0.824711 -10.9951 2.98
      vertex -0.824711 -13.0049 2.98
      vertex -0.72224 -13.0809 2.98
    endloop
  endfacet
  facet normal -0 0 1
    outer loop
      vertex -0.919238 -11.0808 2.98
      vertex -0.824711 -13.0049 2.98
      vertex -0.824711 -10.9951 2.98
    endloop
  endfacet
  facet normal 0 0 1
    outer loop
      vertex -0.919238 -11.0808 2.98
      vertex -0.919238 -12.9192 2.98
      vertex -0.824711 -13.0049 2.98
    endloop
  endfacet
  facet normal -0 0 1
    outer loop
      vertex -1.00491 -11.1753 2.98
      vertex -0.919238 -12.9192 2.98
      vertex -0.919238 -11.0808 2.98
    endloop
  endfacet
  facet normal 0 0 1
    outer loop
      vertex -1.00491 -11.1753 2.98
      vertex -1.00491 -12.8247 2.98
      vertex -0.919238 -12.9192 2.98
    endloop
  endfacet
  facet normal -0 0 1
    outer loop
      vertex -1.08091 -11.2778 2.98
      vertex -1.00491 -12.8247 2.98
      vertex -1.00491 -11.1753 2.98
    endloop
  endfacet
  facet normal 0 0 1
    outer loop
      vertex -1.08091 -11.2778 2.98
      vertex -1.08091 -12.7222 2.98
      vertex -1.00491 -12.8247 2.98
    endloop
  endfacet
  facet normal -0 0 1
    outer loop
      vertex -1.1465 -11.3872 2.98
      vertex -1.08091 -12.7222 2.98
      vertex -1.08091 -11.2778 2.98
    endloop
  endfacet
  facet normal 0 0 1
    outer loop
      vertex -1.1465 -11.3872 2.98
      vertex -1.1465 -12.6128 2.98
      vertex -1.08091 -12.7222 2.98
    endloop
  endfacet
  facet normal -0 0 1
    outer loop
      vertex -1.20104 -11.5025 2.98
      vertex -1.1465 -12.6128 2.98
      vertex -1.1465 -11.3872 2.98
    endloop
  endfacet
  facet normal 0 0 1
    outer loop
      vertex -1.20104 -11.5025 2.98
      vertex -1.20104 -12.4975 2.98
      vertex -1.1465 -12.6128 2.98
    endloop
  endfacet
  facet normal -0 0 1
    outer loop
      vertex -1.24402 -11.6226 2.98
      vertex -1.20104 -12.4975 2.98
      vertex -1.20104 -11.5025 2.98
    endloop
  endfacet
  facet normal 0 0 1
    outer loop
      vertex -1.24402 -11.6226 2.98
      vertex -1.24402 -12.3774 2.98
      vertex -1.20104 -12.4975 2.98
    endloop
  endfacet
  facet normal -0 0 1
    outer loop
      vertex -1.27502 -11.7464 2.98
      vertex -1.24402 -12.3774 2.98
      vertex -1.24402 -11.6226 2.98
    endloop
  endfacet
  facet normal 0 0 1
    outer loop
      vertex -1.27502 -11.7464 2.98
      vertex -1.27502 -12.2536 2.98
      vertex -1.24402 -12.3774 2.98
    endloop
  endfacet
  facet normal -0 0 1
    outer loop
      vertex -1.29374 -11.8726 2.98
      vertex -1.27502 -12.2536 2.98
      vertex -1.27502 -11.7464 2.98
    endloop
  endfacet
  facet normal 0 0 1
    outer loop
      vertex -1.29374 -11.8726 2.98
      vertex -1.29374 -12.1274 2.98
      vertex -1.27502 -12.2536 2.98
    endloop
  endfacet
  facet normal 0 -0 1
    outer loop
      vertex -1.29374 -12.1274 2.98
      vertex -1.29374 -11.8726 2.98
      vertex -1.3 -12 2.98
    endloop
  endfacet
  facet normal 0 1 -0
    outer loop
      vertex 3.98891 23 13.5303
      vertex 0 23 16.8
      vertex 62 23 16.8
    endloop
  endfacet
  facet normal 0 1 0
    outer loop
      vertex 0 23 16.8
      vertex 3.25682 23 13.7923
      vertex 3.09999 23 13.8
    endloop
  endfacet
  facet normal 0 1 0
    outer loop
      vertex 0 23 16.8
      vertex 3.41214 23 13.7692
      vertex 3.25682 23 13.7923
    endloop
  endfacet
  facet normal 0 1 0
    outer loop
      vertex 0 23 16.8
      vertex 3.56445 23 13.7311
      vertex 3.41214 23 13.7692
    endloop
  endfacet
  facet normal 0 1 0
    outer loop
      vertex 0 23 16.8
      vertex 3.71228 23 13.6782
      vertex 3.56445 23 13.7311
    endloop
  endfacet
  facet normal 0 1 0
    outer loop
      vertex 0 23 16.8
      vertex 3.85423 23 13.6111
      vertex 3.71228 23 13.6782
    endloop
  endfacet
  facet normal 0 1 0
    outer loop
      vertex 0 23 16.8
      vertex 3.98891 23 13.5303
      vertex 3.85423 23 13.6111
    endloop
  endfacet
  facet normal 0 1 0
    outer loop
      vertex 62 23 16.8
      vertex 4.11502 23 13.4368
      vertex 3.98891 23 13.5303
    endloop
  endfacet
  facet normal 0 1 0
    outer loop
      vertex 62 23 16.8
      vertex 4.23137 23 13.3314
      vertex 4.11502 23 13.4368
    endloop
  endfacet
  facet normal 0 1 0
    outer loop
      vertex 62 23 16.8
      vertex 4.33681 23 13.215
      vertex 4.23137 23 13.3314
    endloop
  endfacet
  facet normal 0 1 -0
    outer loop
      vertex 31 23 0
      vertex 4.33681 23 13.215
      vertex 62 23 16.8
    endloop
  endfacet
  facet normal 0 1 0
    outer loop
      vertex 4.33681 23 13.215
      vertex 31 23 0
      vertex 4.43034 23 13.0889
    endloop
  endfacet
  facet normal 0 1 0
    outer loop
      vertex 4.43034 23 13.0889
      vertex 31 23 0
      vertex 4.51106 23 12.9542
    endloop
  endfacet
  facet normal 0 1 0
    outer loop
      vertex 4.51106 23 12.9542
      vertex 31 23 0
      vertex 4.5782 23 12.8123
    endloop
  endfacet
  facet normal 0 1 0
    outer loop
      vertex 4.5782 23 12.8123
      vertex 31 23 0
      vertex 4.6311 23 12.6644
    endloop
  endfacet
  facet normal 0 1 0
    outer loop
      vertex 4.6311 23 12.6644
      vertex 31 23 0
      vertex 4.66925 23 12.5121
    endloop
  endfacet
  facet normal 0 1 0
    outer loop
      vertex 4.66925 23 12.5121
      vertex 31 23 0
      vertex 4.69229 23 12.3568
    endloop
  endfacet
  facet normal 0 1 0
    outer loop
      vertex 4.69229 23 12.3568
      vertex 31 23 0
      vertex 4.7 23 12.2
    endloop
  endfacet
  facet normal 0 1 0
    outer loop
      vertex 4.7 23 12.2
      vertex 31 23 0
      vertex 4.7 23 11.8
    endloop
  endfacet
  facet normal 0 1 0
    outer loop
      vertex 4.7 23 11.8
      vertex 31 23 0
      vertex 4.69229 23 11.6432
    endloop
  endfacet
  facet normal 0 1 0
    outer loop
      vertex 4.69229 23 11.6432
      vertex 31 23 0
      vertex 4.66925 23 11.4879
    endloop
  endfacet
  facet normal 0 1 0
    outer loop
      vertex 4.66925 23 11.4879
      vertex 31 23 0
      vertex 4.6311 23 11.3356
    endloop
  endfacet
  facet normal 0 1 0
    outer loop
      vertex 4.6311 23 11.3356
      vertex 31 23 0
      vertex 4.5782 23 11.1877
    endloop
  endfacet
  facet normal 0 1 0
    outer loop
      vertex 4.5782 23 11.1877
      vertex 31 23 0
      vertex 4.51106 23 11.0458
    endloop
  endfacet
  facet normal 0 1 0
    outer loop
      vertex 4.51106 23 11.0458
      vertex 31 23 0
      vertex 4.43034 23 10.9111
    endloop
  endfacet
  facet normal 0 1 0
    outer loop
      vertex 4.43034 23 10.9111
      vertex 31 23 0
      vertex 4.33681 23 10.785
    endloop
  endfacet
  facet normal 0 1 0
    outer loop
      vertex 4.33681 23 10.785
      vertex 31 23 0
      vertex 4.23137 23 10.6686
    endloop
  endfacet
  facet normal 0 1 -0
    outer loop
      vertex 31 23 -0.0199995
      vertex 4.23137 23 10.6686
      vertex 31 23 0
    endloop
  endfacet
  facet normal -0 1 0
    outer loop
      vertex 0 23 2.98
      vertex 4.23137 23 10.6686
      vertex 31 23 -0.0199995
    endloop
  endfacet
  facet normal 0 1 0
    outer loop
      vertex 4.23137 23 10.6686
      vertex 0 23 2.98
      vertex 4.11502 23 10.5632
    endloop
  endfacet
  facet normal 0 1 0
    outer loop
      vertex 4.11502 23 10.5632
      vertex 0 23 2.98
      vertex 3.98891 23 10.4697
    endloop
  endfacet
  facet normal 0 1 0
    outer loop
      vertex 3.98891 23 10.4697
      vertex 0 23 2.98
      vertex 3.85423 23 10.3889
    endloop
  endfacet
  facet normal 0 1 0
    outer loop
      vertex 3.71228 23 10.3218
      vertex 0 23 2.98
      vertex 3.56445 23 10.2689
    endloop
  endfacet
  facet normal 0 1 0
    outer loop
      vertex 3.09999 23 10.2
      vertex 0 23 2.98
      vertex 0 23 10.2
    endloop
  endfacet
  facet normal 0 1 0
    outer loop
      vertex 3.25682 23 10.2077
      vertex 0 23 2.98
      vertex 3.09999 23 10.2
    endloop
  endfacet
  facet normal 0 1 0
    outer loop
      vertex 3.56445 23 10.2689
      vertex 0 23 2.98
      vertex 3.41214 23 10.2308
    endloop
  endfacet
  facet normal 0 1 0
    outer loop
      vertex 31 23 0
      vertex 62 23 16.8
      vertex 62 23 0
    endloop
  endfacet
  facet normal 0 1 0
    outer loop
      vertex 3.41214 23 10.2308
      vertex 0 23 2.98
      vertex 3.25682 23 10.2077
    endloop
  endfacet
  facet normal 0 1 0
    outer loop
      vertex 3.85423 23 10.3889
      vertex 0 23 2.98
      vertex 3.71228 23 10.3218
    endloop
  endfacet
  facet normal 0 1 0
    outer loop
      vertex 0 23 2.98
      vertex 31 23 -0.0199995
      vertex -31 23 -0.0199995
    endloop
  endfacet
  facet normal 0 1 0
    outer loop
      vertex 0 23 2.98
      vertex -31 23 -0.0199995
      vertex -31 23 2.98
    endloop
  endfacet
  facet normal 0 1 0
    outer loop
      vertex 0 23 16.8
      vertex 3.09999 23 13.8
      vertex 0 23 13.8
    endloop
  endfacet
  facet normal 1 0 0
    outer loop
      vertex 31 20 2.98
      vertex 31 -23 2.98
      vertex 31 20 0
    endloop
  endfacet
  facet normal 1 -0 0
    outer loop
      vertex 31 20 0
      vertex 31 23 -0.0199995
      vertex 31 23 0
    endloop
  endfacet
  facet normal 1 0 0
    outer loop
      vertex 31 20 0
      vertex 31 -23 -0.0199995
      vertex 31 23 -0.0199995
    endloop
  endfacet
  facet normal 1 0 0
    outer loop
      vertex 31 -23 -0.0199995
      vertex 31 20 0
      vertex 31 -23 2.98
    endloop
  endfacet
  facet normal 0 -1 0
    outer loop
      vertex -31 -23 -0.0199995
      vertex 31 -23 2.98
      vertex -31 -23 2.98
    endloop
  endfacet
  facet normal 0 -1 -0
    outer loop
      vertex 31 -23 2.98
      vertex -31 -23 -0.0199995
      vertex 31 -23 -0.0199995
    endloop
  endfacet
  facet normal 1 -0 0
    outer loop
      vertex 62 20 16.8
      vertex 62 23 0
      vertex 62 23 16.8
    endloop
  endfacet
  facet normal 1 0 0
    outer loop
      vertex 62 23 0
      vertex 62 20 16.8
      vertex 62 20 0
    endloop
  endfacet
  facet normal -0 0 1
    outer loop
      vertex 0 23 16.8
      vertex 62 20 16.8
      vertex 62 23 16.8
    endloop
  endfacet
  facet normal 0 0 1
    outer loop
      vertex 62 20 16.8
      vertex 0 23 16.8
      vertex 0 20 16.8
    endloop
  endfacet
  facet normal 0 0 -1
    outer loop
      vertex 31 20 0
      vertex 62 23 0
      vertex 62 20 0
    endloop
  endfacet
  facet normal -0 0 -1
    outer loop
      vertex 62 23 0
      vertex 31 20 0
      vertex 31 23 0
    endloop
  endfacet
  facet normal -1 0 0
    outer loop
      vertex 0 20 13.8
      vertex 0 23 16.8
      vertex 0 23 13.8
    endloop
  endfacet
  facet normal -1 -0 0
    outer loop
      vertex 0 23 16.8
      vertex 0 20 13.8
      vertex 0 20 16.8
    endloop
  endfacet
  facet normal -1 0 0
    outer loop
      vertex 0 20 2.98
      vertex 0 23 10.2
      vertex 0 23 2.98
    endloop
  endfacet
  facet normal -1 -0 0
    outer loop
      vertex 0 23 10.2
      vertex 0 20 2.98
      vertex 0 20 10.2
    endloop
  endfacet
  facet normal 0 -1 0
    outer loop
      vertex 0 20 10.2
      vertex 0 20 2.98
      vertex 3.09999 20 10.2
    endloop
  endfacet
  facet normal 0 -1 0
    outer loop
      vertex 3.09999 20 13.8
      vertex 0 20 16.8
      vertex 0 20 13.8
    endloop
  endfacet
  facet normal 0 -1 0
    outer loop
      vertex 3.25682 20 13.7923
      vertex 0 20 16.8
      vertex 3.09999 20 13.8
    endloop
  endfacet
  facet normal 0 -1 0
    outer loop
      vertex 3.41214 20 13.7692
      vertex 0 20 16.8
      vertex 3.25682 20 13.7923
    endloop
  endfacet
  facet normal 0 -1 0
    outer loop
      vertex 3.56445 20 13.7311
      vertex 0 20 16.8
      vertex 3.41214 20 13.7692
    endloop
  endfacet
  facet normal 0 -1 0
    outer loop
      vertex 3.71228 20 13.6782
      vertex 0 20 16.8
      vertex 3.56445 20 13.7311
    endloop
  endfacet
  facet normal 0 -1 0
    outer loop
      vertex 3.85423 20 13.6111
      vertex 0 20 16.8
      vertex 3.71228 20 13.6782
    endloop
  endfacet
  facet normal 0 -1 0
    outer loop
      vertex 3.98891 20 13.5303
      vertex 0 20 16.8
      vertex 3.85423 20 13.6111
    endloop
  endfacet
  facet normal 0 -1 0
    outer loop
      vertex 0 20 16.8
      vertex 3.98891 20 13.5303
      vertex 62 20 16.8
    endloop
  endfacet
  facet normal 0 -1 0
    outer loop
      vertex 4.11502 20 13.4368
      vertex 62 20 16.8
      vertex 3.98891 20 13.5303
    endloop
  endfacet
  facet normal 0 -1 0
    outer loop
      vertex 4.23137 20 13.3314
      vertex 62 20 16.8
      vertex 4.11502 20 13.4368
    endloop
  endfacet
  facet normal 0 -1 0
    outer loop
      vertex 31 20 2.98
      vertex 4.23137 20 13.3314
      vertex 4.33681 20 13.215
    endloop
  endfacet
  facet normal 0 -1 0
    outer loop
      vertex 31 20 2.98
      vertex 4.33681 20 13.215
      vertex 4.43034 20 13.0889
    endloop
  endfacet
  facet normal 0 -1 0
    outer loop
      vertex 31 20 2.98
      vertex 4.43034 20 13.0889
      vertex 4.51106 20 12.9542
    endloop
  endfacet
  facet normal 0 -1 0
    outer loop
      vertex 31 20 2.98
      vertex 4.51106 20 12.9542
      vertex 4.5782 20 12.8123
    endloop
  endfacet
  facet normal 0 -1 0
    outer loop
      vertex 31 20 2.98
      vertex 4.5782 20 12.8123
      vertex 4.6311 20 12.6644
    endloop
  endfacet
  facet normal 0 -1 0
    outer loop
      vertex 31 20 2.98
      vertex 4.6311 20 12.6644
      vertex 4.66925 20 12.5121
    endloop
  endfacet
  facet normal 0 -1 0
    outer loop
      vertex 31 20 2.98
      vertex 4.66925 20 12.5121
      vertex 4.69229 20 12.3568
    endloop
  endfacet
  facet normal 0 -1 0
    outer loop
      vertex 31 20 2.98
      vertex 4.69229 20 12.3568
      vertex 4.7 20 12.2
    endloop
  endfacet
  facet normal 0 -1 0
    outer loop
      vertex 31 20 2.98
      vertex 4.7 20 12.2
      vertex 4.7 20 11.8
    endloop
  endfacet
  facet normal 0 -1 0
    outer loop
      vertex 31 20 2.98
      vertex 4.7 20 11.8
      vertex 4.69229 20 11.6432
    endloop
  endfacet
  facet normal 0 -1 0
    outer loop
      vertex 31 20 2.98
      vertex 4.69229 20 11.6432
      vertex 4.66925 20 11.4879
    endloop
  endfacet
  facet normal 0 -1 0
    outer loop
      vertex 31 20 2.98
      vertex 4.66925 20 11.4879
      vertex 4.6311 20 11.3356
    endloop
  endfacet
  facet normal 0 -1 0
    outer loop
      vertex 31 20 2.98
      vertex 4.6311 20 11.3356
      vertex 4.5782 20 11.1877
    endloop
  endfacet
  facet normal 0 -1 0
    outer loop
      vertex 31 20 2.98
      vertex 4.5782 20 11.1877
      vertex 4.51106 20 11.0458
    endloop
  endfacet
  facet normal 0 -1 0
    outer loop
      vertex 31 20 2.98
      vertex 4.51106 20 11.0458
      vertex 4.43034 20 10.9111
    endloop
  endfacet
  facet normal 0 -1 0
    outer loop
      vertex 31 20 2.98
      vertex 4.43034 20 10.9111
      vertex 4.33681 20 10.785
    endloop
  endfacet
  facet normal 0 -1 0
    outer loop
      vertex 31 20 2.98
      vertex 4.33681 20 10.785
      vertex 4.23137 20 10.6686
    endloop
  endfacet
  facet normal 0 -1 0
    outer loop
      vertex 0 20 2.98
      vertex 4.23137 20 10.6686
      vertex 4.11502 20 10.5632
    endloop
  endfacet
  facet normal 0 -1 0
    outer loop
      vertex 0 20 2.98
      vertex 4.11502 20 10.5632
      vertex 3.98891 20 10.4697
    endloop
  endfacet
  facet normal 0 -1 0
    outer loop
      vertex 0 20 2.98
      vertex 3.98891 20 10.4697
      vertex 3.85423 20 10.3889
    endloop
  endfacet
  facet normal 0 -1 0
    outer loop
      vertex 0 20 2.98
      vertex 3.85423 20 10.3889
      vertex 3.71228 20 10.3218
    endloop
  endfacet
  facet normal 0 -1 0
    outer loop
      vertex 0 20 2.98
      vertex 3.71228 20 10.3218
      vertex 3.56445 20 10.2689
    endloop
  endfacet
  facet normal 0 -1 0
    outer loop
      vertex 0 20 2.98
      vertex 3.56445 20 10.2689
      vertex 3.41214 20 10.2308
    endloop
  endfacet
  facet normal 0 -1 0
    outer loop
      vertex 0 20 2.98
      vertex 3.41214 20 10.2308
      vertex 3.25682 20 10.2077
    endloop
  endfacet
  facet normal 0 -1 0
    outer loop
      vertex 0 20 2.98
      vertex 3.25682 20 10.2077
      vertex 3.09999 20 10.2
    endloop
  endfacet
  facet normal 0 -1 -0
    outer loop
      vertex 4.23137 20 10.6686
      vertex 0 20 2.98
      vertex 31 20 2.98
    endloop
  endfacet
  facet normal 0 -1 0
    outer loop
      vertex 4.23137 20 13.3314
      vertex 31 20 2.98
      vertex 62 20 16.8
    endloop
  endfacet
  facet normal 0 -1 0
    outer loop
      vertex 62 20 0
      vertex 31 20 2.98
      vertex 31 20 0
    endloop
  endfacet
  facet normal 0 -1 0
    outer loop
      vertex 31 20 2.98
      vertex 62 20 0
      vertex 62 20 16.8
    endloop
  endfacet
  facet normal 0.671539 0.740969 -0
    outer loop
      vertex 11.7003 3.19784 -0.0199995
      vertex 11.4367 3.43674 2.98
      vertex 11.7003 3.19784 2.98
    endloop
  endfacet
  facet normal 0.671539 0.740969 0
    outer loop
      vertex 11.4367 3.43674 2.98
      vertex 11.7003 3.19784 -0.0199995
      vertex 11.4367 3.43674 -0.0199995
    endloop
  endfacet
  facet normal 0.941586 -0.336773 0
    outer loop
      vertex 10.5311 7.05228 2.98
      vertex 10.6509 7.38723 -0.0199995
      vertex 10.6509 7.38723 2.98
    endloop
  endfacet
  facet normal 0.941586 -0.336773 0
    outer loop
      vertex 10.6509 7.38723 -0.0199995
      vertex 10.5311 7.05228 2.98
      vertex 10.5311 7.05228 -0.0199995
    endloop
  endfacet
  facet normal -0.989176 -0.146736 0
    outer loop
      vertex 17.6075 6.35531 -0.0199995
      vertex 17.5553 6.7072 2.98
      vertex 17.5553 6.7072 -0.0199995
    endloop
  endfacet
  facet normal -0.989176 -0.146736 0
    outer loop
      vertex 17.5553 6.7072 2.98
      vertex 17.6075 6.35531 -0.0199995
      vertex 17.6075 6.35531 2.98
    endloop
  endfacet
  facet normal -0.998789 -0.0491931 0
    outer loop
      vertex 17.625 6 -0.0199995
      vertex 17.6075 6.35531 2.98
      vertex 17.6075 6.35531 -0.0199995
    endloop
  endfacet
  facet normal -0.998789 -0.0491931 0
    outer loop
      vertex 17.6075 6.35531 2.98
      vertex 17.625 6 -0.0199995
      vertex 17.625 6 2.98
    endloop
  endfacet
  facet normal 0.514124 0.857716 -0
    outer loop
      vertex 12.2912 2.80304 -0.0199995
      vertex 11.9861 2.98592 2.98
      vertex 12.2912 2.80304 2.98
    endloop
  endfacet
  facet normal 0.514124 0.857716 0
    outer loop
      vertex 11.9861 2.98592 2.98
      vertex 12.2912 2.80304 -0.0199995
      vertex 11.9861 2.98592 -0.0199995
    endloop
  endfacet
  facet normal -0.671539 -0.740969 0
    outer loop
      vertex 16.2997 8.80216 -0.0199995
      vertex 16.5633 8.56326 2.98
      vertex 16.2997 8.80216 2.98
    endloop
  endfacet
  facet normal -0.671539 -0.740969 -0
    outer loop
      vertex 16.5633 8.56326 2.98
      vertex 16.2997 8.80216 -0.0199995
      vertex 16.5633 8.56326 -0.0199995
    endloop
  endfacet
  facet normal 0.146705 0.98918 -0
    outer loop
      vertex 13.6447 2.39246 -0.0199995
      vertex 13.2928 2.44465 2.98
      vertex 13.6447 2.39246 2.98
    endloop
  endfacet
  facet normal 0.146705 0.98918 0
    outer loop
      vertex 13.2928 2.44465 2.98
      vertex 13.6447 2.39246 -0.0199995
      vertex 13.2928 2.44465 -0.0199995
    endloop
  endfacet
  facet normal -0.740957 -0.671553 0
    outer loop
      vertex 16.8022 8.29967 -0.0199995
      vertex 16.5633 8.56326 2.98
      vertex 16.5633 8.56326 -0.0199995
    endloop
  endfacet
  facet normal -0.740957 -0.671553 0
    outer loop
      vertex 16.5633 8.56326 2.98
      vertex 16.8022 8.29967 -0.0199995
      vertex 16.8022 8.29967 2.98
    endloop
  endfacet
  facet normal -0.427543 -0.903995 0
    outer loop
      vertex 15.3872 9.34906 -0.0199995
      vertex 15.7088 9.19696 2.98
      vertex 15.3872 9.34906 2.98
    endloop
  endfacet
  facet normal -0.427543 -0.903995 -0
    outer loop
      vertex 15.7088 9.19696 2.98
      vertex 15.3872 9.34906 -0.0199995
      vertex 15.7088 9.19696 -0.0199995
    endloop
  endfacet
  facet normal -0.0490823 0.998795 0
    outer loop
      vertex 14.3553 2.39246 -0.0199995
      vertex 14 2.375 2.98
      vertex 14.3553 2.39246 2.98
    endloop
  endfacet
  facet normal -0.0490823 0.998795 0
    outer loop
      vertex 14 2.375 2.98
      vertex 14.3553 2.39246 -0.0199995
      vertex 14 2.375 -0.0199995
    endloop
  endfacet
  facet normal 0.740957 -0.671553 0
    outer loop
      vertex 11.1978 8.29967 2.98
      vertex 11.4367 8.56326 -0.0199995
      vertex 11.4367 8.56326 2.98
    endloop
  endfacet
  facet normal 0.740957 -0.671553 0
    outer loop
      vertex 11.4367 8.56326 -0.0199995
      vertex 11.1978 8.29967 2.98
      vertex 11.1978 8.29967 -0.0199995
    endloop
  endfacet
  facet normal -0.989176 0.146736 0
    outer loop
      vertex 17.5553 5.2928 -0.0199995
      vertex 17.6075 5.64469 2.98
      vertex 17.6075 5.64469 -0.0199995
    endloop
  endfacet
  facet normal -0.989176 0.146736 0
    outer loop
      vertex 17.6075 5.64469 2.98
      vertex 17.5553 5.2928 -0.0199995
      vertex 17.5553 5.2928 2.98
    endloop
  endfacet
  facet normal -0.903985 -0.427564 0
    outer loop
      vertex 17.3491 7.38723 -0.0199995
      vertex 17.197 7.70881 2.98
      vertex 17.197 7.70881 -0.0199995
    endloop
  endfacet
  facet normal -0.903985 -0.427564 0
    outer loop
      vertex 17.197 7.70881 2.98
      vertex 17.3491 7.38723 -0.0199995
      vertex 17.3491 7.38723 2.98
    endloop
  endfacet
  facet normal 0.242972 -0.970033 0
    outer loop
      vertex 12.9477 9.46891 -0.0199995
      vertex 13.2928 9.55535 2.98
      vertex 12.9477 9.46891 2.98
    endloop
  endfacet
  facet normal 0.242972 -0.970033 0
    outer loop
      vertex 13.2928 9.55535 2.98
      vertex 12.9477 9.46891 -0.0199995
      vertex 13.2928 9.55535 -0.0199995
    endloop
  endfacet
  facet normal 0.803223 -0.595678 0
    outer loop
      vertex 10.9859 8.01394 2.98
      vertex 11.1978 8.29967 -0.0199995
      vertex 11.1978 8.29967 2.98
    endloop
  endfacet
  facet normal 0.803223 -0.595678 0
    outer loop
      vertex 11.1978 8.29967 -0.0199995
      vertex 10.9859 8.01394 2.98
      vertex 10.9859 8.01394 -0.0199995
    endloop
  endfacet
  facet normal -0.242972 -0.970033 0
    outer loop
      vertex 14.7072 9.55535 -0.0199995
      vertex 15.0523 9.46891 2.98
      vertex 14.7072 9.55535 2.98
    endloop
  endfacet
  facet normal -0.242972 -0.970033 -0
    outer loop
      vertex 15.0523 9.46891 2.98
      vertex 14.7072 9.55535 -0.0199995
      vertex 15.0523 9.46891 -0.0199995
    endloop
  endfacet
  facet normal -0.336942 -0.941525 0
    outer loop
      vertex 15.0523 9.46891 -0.0199995
      vertex 15.3872 9.34906 2.98
      vertex 15.0523 9.46891 2.98
    endloop
  endfacet
  facet normal -0.336942 -0.941525 -0
    outer loop
      vertex 15.3872 9.34906 2.98
      vertex 15.0523 9.46891 -0.0199995
      vertex 15.3872 9.34906 -0.0199995
    endloop
  endfacet
  facet normal -0.941586 -0.336773 0
    outer loop
      vertex 17.4689 7.05228 -0.0199995
      vertex 17.3491 7.38723 2.98
      vertex 17.3491 7.38723 -0.0199995
    endloop
  endfacet
  facet normal -0.941586 -0.336773 0
    outer loop
      vertex 17.3491 7.38723 2.98
      vertex 17.4689 7.05228 -0.0199995
      vertex 17.4689 7.05228 2.98
    endloop
  endfacet
  facet normal -0.59562 -0.803266 0
    outer loop
      vertex 16.0139 9.01408 -0.0199995
      vertex 16.2997 8.80216 2.98
      vertex 16.0139 9.01408 2.98
    endloop
  endfacet
  facet normal -0.59562 -0.803266 -0
    outer loop
      vertex 16.2997 8.80216 2.98
      vertex 16.0139 9.01408 -0.0199995
      vertex 16.2997 8.80216 -0.0199995
    endloop
  endfacet
  facet normal 0.857714 0.514128 0
    outer loop
      vertex 10.9859 3.98606 2.98
      vertex 10.803 4.29119 -0.0199995
      vertex 10.803 4.29119 2.98
    endloop
  endfacet
  facet normal 0.857714 0.514128 0
    outer loop
      vertex 10.803 4.29119 -0.0199995
      vertex 10.9859 3.98606 2.98
      vertex 10.9859 3.98606 -0.0199995
    endloop
  endfacet
  facet normal -0.514124 -0.857716 0
    outer loop
      vertex 15.7088 9.19696 -0.0199995
      vertex 16.0139 9.01408 2.98
      vertex 15.7088 9.19696 2.98
    endloop
  endfacet
  facet normal -0.514124 -0.857716 -0
    outer loop
      vertex 16.0139 9.01408 2.98
      vertex 15.7088 9.19696 -0.0199995
      vertex 16.0139 9.01408 -0.0199995
    endloop
  endfacet
  facet normal -0.941586 0.336773 0
    outer loop
      vertex 17.3491 4.61277 -0.0199995
      vertex 17.4689 4.94772 2.98
      vertex 17.4689 4.94772 -0.0199995
    endloop
  endfacet
  facet normal -0.941586 0.336773 0
    outer loop
      vertex 17.4689 4.94772 2.98
      vertex 17.3491 4.61277 -0.0199995
      vertex 17.3491 4.61277 2.98
    endloop
  endfacet
  facet normal 0.857714 -0.514128 0
    outer loop
      vertex 10.803 7.70881 2.98
      vertex 10.9859 8.01394 -0.0199995
      vertex 10.9859 8.01394 2.98
    endloop
  endfacet
  facet normal 0.857714 -0.514128 0
    outer loop
      vertex 10.9859 8.01394 -0.0199995
      vertex 10.803 7.70881 2.98
      vertex 10.803 7.70881 -0.0199995
    endloop
  endfacet
  facet normal 0.970056 0.24288 0
    outer loop
      vertex 10.5311 4.94772 2.98
      vertex 10.4447 5.2928 -0.0199995
      vertex 10.4447 5.2928 2.98
    endloop
  endfacet
  facet normal 0.970056 0.24288 0
    outer loop
      vertex 10.4447 5.2928 -0.0199995
      vertex 10.5311 4.94772 2.98
      vertex 10.5311 4.94772 -0.0199995
    endloop
  endfacet
  facet normal -0.0490823 -0.998795 0
    outer loop
      vertex 14 9.625 -0.0199995
      vertex 14.3553 9.60754 2.98
      vertex 14 9.625 2.98
    endloop
  endfacet
  facet normal -0.0490823 -0.998795 -0
    outer loop
      vertex 14.3553 9.60754 2.98
      vertex 14 9.625 -0.0199995
      vertex 14.3553 9.60754 -0.0199995
    endloop
  endfacet
  facet normal -0.857714 -0.514128 0
    outer loop
      vertex 17.197 7.70881 -0.0199995
      vertex 17.0141 8.01394 2.98
      vertex 17.0141 8.01394 -0.0199995
    endloop
  endfacet
  facet normal -0.857714 -0.514128 0
    outer loop
      vertex 17.0141 8.01394 2.98
      vertex 17.197 7.70881 -0.0199995
      vertex 17.197 7.70881 2.98
    endloop
  endfacet
  facet normal 0.941586 0.336773 0
    outer loop
      vertex 10.6509 4.61277 2.98
      vertex 10.5311 4.94772 -0.0199995
      vertex 10.5311 4.94772 2.98
    endloop
  endfacet
  facet normal 0.941586 0.336773 0
    outer loop
      vertex 10.5311 4.94772 -0.0199995
      vertex 10.6509 4.61277 2.98
      vertex 10.6509 4.61277 -0.0199995
    endloop
  endfacet
  facet normal 0.671539 -0.740969 0
    outer loop
      vertex 11.4367 8.56326 -0.0199995
      vertex 11.7003 8.80216 2.98
      vertex 11.4367 8.56326 2.98
    endloop
  endfacet
  facet normal 0.671539 -0.740969 0
    outer loop
      vertex 11.7003 8.80216 2.98
      vertex 11.4367 8.56326 -0.0199995
      vertex 11.7003 8.80216 -0.0199995
    endloop
  endfacet
  facet normal -0.970056 0.24288 0
    outer loop
      vertex 17.4689 4.94772 -0.0199995
      vertex 17.5553 5.2928 2.98
      vertex 17.5553 5.2928 -0.0199995
    endloop
  endfacet
  facet normal -0.970056 0.24288 0
    outer loop
      vertex 17.5553 5.2928 2.98
      vertex 17.4689 4.94772 -0.0199995
      vertex 17.4689 4.94772 2.98
    endloop
  endfacet
  facet normal 0.514124 -0.857716 0
    outer loop
      vertex 11.9861 9.01408 -0.0199995
      vertex 12.2912 9.19696 2.98
      vertex 11.9861 9.01408 2.98
    endloop
  endfacet
  facet normal 0.514124 -0.857716 0
    outer loop
      vertex 12.2912 9.19696 2.98
      vertex 11.9861 9.01408 -0.0199995
      vertex 12.2912 9.19696 -0.0199995
    endloop
  endfacet
  facet normal 0.998789 0.0491931 0
    outer loop
      vertex 10.3925 5.64469 2.98
      vertex 10.375 6 -0.0199995
      vertex 10.375 6 2.98
    endloop
  endfacet
  facet normal 0.998789 0.0491931 0
    outer loop
      vertex 10.375 6 -0.0199995
      vertex 10.3925 5.64469 2.98
      vertex 10.3925 5.64469 -0.0199995
    endloop
  endfacet
  facet normal 0.970056 -0.24288 0
    outer loop
      vertex 10.4447 6.7072 2.98
      vertex 10.5311 7.05228 -0.0199995
      vertex 10.5311 7.05228 2.98
    endloop
  endfacet
  facet normal 0.970056 -0.24288 0
    outer loop
      vertex 10.5311 7.05228 -0.0199995
      vertex 10.4447 6.7072 2.98
      vertex 10.4447 6.7072 -0.0199995
    endloop
  endfacet
  facet normal -0.427543 0.903995 0
    outer loop
      vertex 15.7088 2.80304 -0.0199995
      vertex 15.3872 2.65094 2.98
      vertex 15.7088 2.80304 2.98
    endloop
  endfacet
  facet normal -0.427543 0.903995 0
    outer loop
      vertex 15.3872 2.65094 2.98
      vertex 15.7088 2.80304 -0.0199995
      vertex 15.3872 2.65094 -0.0199995
    endloop
  endfacet
  facet normal 0.336942 0.941525 -0
    outer loop
      vertex 12.9477 2.53109 -0.0199995
      vertex 12.6128 2.65094 2.98
      vertex 12.9477 2.53109 2.98
    endloop
  endfacet
  facet normal 0.336942 0.941525 0
    outer loop
      vertex 12.6128 2.65094 2.98
      vertex 12.9477 2.53109 -0.0199995
      vertex 12.6128 2.65094 -0.0199995
    endloop
  endfacet
  facet normal 0.336942 -0.941525 0
    outer loop
      vertex 12.6128 9.34906 -0.0199995
      vertex 12.9477 9.46891 2.98
      vertex 12.6128 9.34906 2.98
    endloop
  endfacet
  facet normal 0.336942 -0.941525 0
    outer loop
      vertex 12.9477 9.46891 2.98
      vertex 12.6128 9.34906 -0.0199995
      vertex 12.9477 9.46891 -0.0199995
    endloop
  endfacet
  facet normal -0.514124 0.857716 0
    outer loop
      vertex 16.0139 2.98592 -0.0199995
      vertex 15.7088 2.80304 2.98
      vertex 16.0139 2.98592 2.98
    endloop
  endfacet
  facet normal -0.514124 0.857716 0
    outer loop
      vertex 15.7088 2.80304 2.98
      vertex 16.0139 2.98592 -0.0199995
      vertex 15.7088 2.80304 -0.0199995
    endloop
  endfacet
  facet normal -0.146705 0.98918 0
    outer loop
      vertex 14.7072 2.44465 -0.0199995
      vertex 14.3553 2.39246 2.98
      vertex 14.7072 2.44465 2.98
    endloop
  endfacet
  facet normal -0.146705 0.98918 0
    outer loop
      vertex 14.3553 2.39246 2.98
      vertex 14.7072 2.44465 -0.0199995
      vertex 14.3553 2.39246 -0.0199995
    endloop
  endfacet
  facet normal -0.740957 0.671553 0
    outer loop
      vertex 16.5633 3.43674 -0.0199995
      vertex 16.8022 3.70033 2.98
      vertex 16.8022 3.70033 -0.0199995
    endloop
  endfacet
  facet normal -0.740957 0.671553 0
    outer loop
      vertex 16.8022 3.70033 2.98
      vertex 16.5633 3.43674 -0.0199995
      vertex 16.5633 3.43674 2.98
    endloop
  endfacet
  facet normal -0.803223 0.595678 0
    outer loop
      vertex 16.8022 3.70033 -0.0199995
      vertex 17.0141 3.98606 2.98
      vertex 17.0141 3.98606 -0.0199995
    endloop
  endfacet
  facet normal -0.803223 0.595678 0
    outer loop
      vertex 17.0141 3.98606 2.98
      vertex 16.8022 3.70033 -0.0199995
      vertex 16.8022 3.70033 2.98
    endloop
  endfacet
  facet normal 0.427543 -0.903995 0
    outer loop
      vertex 12.2912 9.19696 -0.0199995
      vertex 12.6128 9.34906 2.98
      vertex 12.2912 9.19696 2.98
    endloop
  endfacet
  facet normal 0.427543 -0.903995 0
    outer loop
      vertex 12.6128 9.34906 2.98
      vertex 12.2912 9.19696 -0.0199995
      vertex 12.6128 9.34906 -0.0199995
    endloop
  endfacet
  facet normal 0.59562 -0.803266 0
    outer loop
      vertex 11.7003 8.80216 -0.0199995
      vertex 11.9861 9.01408 2.98
      vertex 11.7003 8.80216 2.98
    endloop
  endfacet
  facet normal 0.59562 -0.803266 0
    outer loop
      vertex 11.9861 9.01408 2.98
      vertex 11.7003 8.80216 -0.0199995
      vertex 11.9861 9.01408 -0.0199995
    endloop
  endfacet
  facet normal 0.989176 -0.146736 0
    outer loop
      vertex 10.3925 6.35531 2.98
      vertex 10.4447 6.7072 -0.0199995
      vertex 10.4447 6.7072 2.98
    endloop
  endfacet
  facet normal 0.989176 -0.146736 0
    outer loop
      vertex 10.4447 6.7072 -0.0199995
      vertex 10.3925 6.35531 2.98
      vertex 10.3925 6.35531 -0.0199995
    endloop
  endfacet
  facet normal 0.242972 0.970033 -0
    outer loop
      vertex 13.2928 2.44465 -0.0199995
      vertex 12.9477 2.53109 2.98
      vertex 13.2928 2.44465 2.98
    endloop
  endfacet
  facet normal 0.242972 0.970033 0
    outer loop
      vertex 12.9477 2.53109 2.98
      vertex 13.2928 2.44465 -0.0199995
      vertex 12.9477 2.53109 -0.0199995
    endloop
  endfacet
  facet normal -0.970056 -0.24288 0
    outer loop
      vertex 17.5553 6.7072 -0.0199995
      vertex 17.4689 7.05228 2.98
      vertex 17.4689 7.05228 -0.0199995
    endloop
  endfacet
  facet normal -0.970056 -0.24288 0
    outer loop
      vertex 17.4689 7.05228 2.98
      vertex 17.5553 6.7072 -0.0199995
      vertex 17.5553 6.7072 2.98
    endloop
  endfacet
  facet normal -0.803223 -0.595678 0
    outer loop
      vertex 17.0141 8.01394 -0.0199995
      vertex 16.8022 8.29967 2.98
      vertex 16.8022 8.29967 -0.0199995
    endloop
  endfacet
  facet normal -0.803223 -0.595678 0
    outer loop
      vertex 16.8022 8.29967 2.98
      vertex 17.0141 8.01394 -0.0199995
      vertex 17.0141 8.01394 2.98
    endloop
  endfacet
  facet normal 0.803223 0.595678 0
    outer loop
      vertex 11.1978 3.70033 2.98
      vertex 10.9859 3.98606 -0.0199995
      vertex 10.9859 3.98606 2.98
    endloop
  endfacet
  facet normal 0.803223 0.595678 0
    outer loop
      vertex 10.9859 3.98606 -0.0199995
      vertex 11.1978 3.70033 2.98
      vertex 11.1978 3.70033 -0.0199995
    endloop
  endfacet
  facet normal 0.903985 0.427564 0
    outer loop
      vertex 10.803 4.29119 2.98
      vertex 10.6509 4.61277 -0.0199995
      vertex 10.6509 4.61277 2.98
    endloop
  endfacet
  facet normal 0.903985 0.427564 0
    outer loop
      vertex 10.6509 4.61277 -0.0199995
      vertex 10.803 4.29119 2.98
      vertex 10.803 4.29119 -0.0199995
    endloop
  endfacet
  facet normal -0.146705 -0.98918 0
    outer loop
      vertex 14.3553 9.60754 -0.0199995
      vertex 14.7072 9.55535 2.98
      vertex 14.3553 9.60754 2.98
    endloop
  endfacet
  facet normal -0.146705 -0.98918 -0
    outer loop
      vertex 14.7072 9.55535 2.98
      vertex 14.3553 9.60754 -0.0199995
      vertex 14.7072 9.55535 -0.0199995
    endloop
  endfacet
  facet normal 0.0490823 -0.998795 0
    outer loop
      vertex 13.6447 9.60754 -0.0199995
      vertex 14 9.625 2.98
      vertex 13.6447 9.60754 2.98
    endloop
  endfacet
  facet normal 0.0490823 -0.998795 0
    outer loop
      vertex 14 9.625 2.98
      vertex 13.6447 9.60754 -0.0199995
      vertex 14 9.625 -0.0199995
    endloop
  endfacet
  facet normal 0.427543 0.903995 -0
    outer loop
      vertex 12.6128 2.65094 -0.0199995
      vertex 12.2912 2.80304 2.98
      vertex 12.6128 2.65094 2.98
    endloop
  endfacet
  facet normal 0.427543 0.903995 0
    outer loop
      vertex 12.2912 2.80304 2.98
      vertex 12.6128 2.65094 -0.0199995
      vertex 12.2912 2.80304 -0.0199995
    endloop
  endfacet
  facet normal -0.59562 0.803266 0
    outer loop
      vertex 16.2997 3.19784 -0.0199995
      vertex 16.0139 2.98592 2.98
      vertex 16.2997 3.19784 2.98
    endloop
  endfacet
  facet normal -0.59562 0.803266 0
    outer loop
      vertex 16.0139 2.98592 2.98
      vertex 16.2997 3.19784 -0.0199995
      vertex 16.0139 2.98592 -0.0199995
    endloop
  endfacet
  facet normal -0.998789 0.0491931 0
    outer loop
      vertex 17.6075 5.64469 -0.0199995
      vertex 17.625 6 2.98
      vertex 17.625 6 -0.0199995
    endloop
  endfacet
  facet normal -0.998789 0.0491931 0
    outer loop
      vertex 17.625 6 2.98
      vertex 17.6075 5.64469 -0.0199995
      vertex 17.6075 5.64469 2.98
    endloop
  endfacet
  facet normal 0.146705 -0.98918 0
    outer loop
      vertex 13.2928 9.55535 -0.0199995
      vertex 13.6447 9.60754 2.98
      vertex 13.2928 9.55535 2.98
    endloop
  endfacet
  facet normal 0.146705 -0.98918 0
    outer loop
      vertex 13.6447 9.60754 2.98
      vertex 13.2928 9.55535 -0.0199995
      vertex 13.6447 9.60754 -0.0199995
    endloop
  endfacet
  facet normal 0.989176 0.146736 0
    outer loop
      vertex 10.4447 5.2928 2.98
      vertex 10.3925 5.64469 -0.0199995
      vertex 10.3925 5.64469 2.98
    endloop
  endfacet
  facet normal 0.989176 0.146736 0
    outer loop
      vertex 10.3925 5.64469 -0.0199995
      vertex 10.4447 5.2928 2.98
      vertex 10.4447 5.2928 -0.0199995
    endloop
  endfacet
  facet normal -0.336942 0.941525 0
    outer loop
      vertex 15.3872 2.65094 -0.0199995
      vertex 15.0523 2.53109 2.98
      vertex 15.3872 2.65094 2.98
    endloop
  endfacet
  facet normal -0.336942 0.941525 0
    outer loop
      vertex 15.0523 2.53109 2.98
      vertex 15.3872 2.65094 -0.0199995
      vertex 15.0523 2.53109 -0.0199995
    endloop
  endfacet
  facet normal -0.242972 0.970033 0
    outer loop
      vertex 15.0523 2.53109 -0.0199995
      vertex 14.7072 2.44465 2.98
      vertex 15.0523 2.53109 2.98
    endloop
  endfacet
  facet normal -0.242972 0.970033 0
    outer loop
      vertex 14.7072 2.44465 2.98
      vertex 15.0523 2.53109 -0.0199995
      vertex 14.7072 2.44465 -0.0199995
    endloop
  endfacet
  facet normal 0.903985 -0.427564 0
    outer loop
      vertex 10.6509 7.38723 2.98
      vertex 10.803 7.70881 -0.0199995
      vertex 10.803 7.70881 2.98
    endloop
  endfacet
  facet normal 0.903985 -0.427564 0
    outer loop
      vertex 10.803 7.70881 -0.0199995
      vertex 10.6509 7.38723 2.98
      vertex 10.6509 7.38723 -0.0199995
    endloop
  endfacet
  facet normal 0.740957 0.671553 0
    outer loop
      vertex 11.4367 3.43674 2.98
      vertex 11.1978 3.70033 -0.0199995
      vertex 11.1978 3.70033 2.98
    endloop
  endfacet
  facet normal 0.740957 0.671553 0
    outer loop
      vertex 11.1978 3.70033 -0.0199995
      vertex 11.4367 3.43674 2.98
      vertex 11.4367 3.43674 -0.0199995
    endloop
  endfacet
  facet normal 0.59562 0.803266 -0
    outer loop
      vertex 11.9861 2.98592 -0.0199995
      vertex 11.7003 3.19784 2.98
      vertex 11.9861 2.98592 2.98
    endloop
  endfacet
  facet normal 0.59562 0.803266 0
    outer loop
      vertex 11.7003 3.19784 2.98
      vertex 11.9861 2.98592 -0.0199995
      vertex 11.7003 3.19784 -0.0199995
    endloop
  endfacet
  facet normal -0.903985 0.427564 0
    outer loop
      vertex 17.197 4.29119 -0.0199995
      vertex 17.3491 4.61277 2.98
      vertex 17.3491 4.61277 -0.0199995
    endloop
  endfacet
  facet normal -0.903985 0.427564 0
    outer loop
      vertex 17.3491 4.61277 2.98
      vertex 17.197 4.29119 -0.0199995
      vertex 17.197 4.29119 2.98
    endloop
  endfacet
  facet normal -0.857714 0.514128 0
    outer loop
      vertex 17.0141 3.98606 -0.0199995
      vertex 17.197 4.29119 2.98
      vertex 17.197 4.29119 -0.0199995
    endloop
  endfacet
  facet normal -0.857714 0.514128 0
    outer loop
      vertex 17.197 4.29119 2.98
      vertex 17.0141 3.98606 -0.0199995
      vertex 17.0141 3.98606 2.98
    endloop
  endfacet
  facet normal 0.0490823 0.998795 -0
    outer loop
      vertex 14 2.375 -0.0199995
      vertex 13.6447 2.39246 2.98
      vertex 14 2.375 2.98
    endloop
  endfacet
  facet normal 0.0490823 0.998795 0
    outer loop
      vertex 13.6447 2.39246 2.98
      vertex 14 2.375 -0.0199995
      vertex 13.6447 2.39246 -0.0199995
    endloop
  endfacet
  facet normal 0.998789 -0.0491931 0
    outer loop
      vertex 10.375 6 2.98
      vertex 10.3925 6.35531 -0.0199995
      vertex 10.3925 6.35531 2.98
    endloop
  endfacet
  facet normal 0.998789 -0.0491931 0
    outer loop
      vertex 10.3925 6.35531 -0.0199995
      vertex 10.375 6 2.98
      vertex 10.375 6 -0.0199995
    endloop
  endfacet
  facet normal -0.671539 0.740969 0
    outer loop
      vertex 16.5633 3.43674 -0.0199995
      vertex 16.2997 3.19784 2.98
      vertex 16.5633 3.43674 2.98
    endloop
  endfacet
  facet normal -0.671539 0.740969 0
    outer loop
      vertex 16.2997 3.19784 2.98
      vertex 16.5633 3.43674 -0.0199995
      vertex 16.2997 3.19784 -0.0199995
    endloop
  endfacet
  facet normal 0.941742 -0.336336 0
    outer loop
      vertex 18.3517 6.34834 2.98
      vertex 18.3913 6.45922 -0.0199995
      vertex 18.3913 6.45922 2.98
    endloop
  endfacet
  facet normal 0.941742 -0.336336 0
    outer loop
      vertex 18.3913 6.45922 -0.0199995
      vertex 18.3517 6.34834 2.98
      vertex 18.3517 6.34834 -0.0199995
    endloop
  endfacet
  facet normal 0.857867 -0.513871 0
    outer loop
      vertex 18.4417 6.56568 2.98
      vertex 18.5022 6.66668 -0.0199995
      vertex 18.5022 6.66668 2.98
    endloop
  endfacet
  facet normal 0.857867 -0.513871 0
    outer loop
      vertex 18.5022 6.66668 -0.0199995
      vertex 18.4417 6.56568 2.98
      vertex 18.4417 6.56568 -0.0199995
    endloop
  endfacet
  facet normal -0.243015 -0.970022 0
    outer loop
      vertex 19.7341 7.17694 -0.0199995
      vertex 19.8483 7.14833 2.98
      vertex 19.7341 7.17694 2.98
    endloop
  endfacet
  facet normal -0.243015 -0.970022 -0
    outer loop
      vertex 19.8483 7.14833 2.98
      vertex 19.7341 7.17694 -0.0199995
      vertex 19.8483 7.14833 -0.0199995
    endloop
  endfacet
  facet normal 0.0490904 -0.998794 0
    outer loop
      vertex 19.3824 7.19422 -0.0199995
      vertex 19.5 7.2 2.98
      vertex 19.3824 7.19422 2.98
    endloop
  endfacet
  facet normal 0.0490904 -0.998794 0
    outer loop
      vertex 19.5 7.2 2.98
      vertex 19.3824 7.19422 -0.0199995
      vertex 19.5 7.2 -0.0199995
    endloop
  endfacet
  facet normal -0.427411 -0.904057 0
    outer loop
      vertex 19.9592 7.10865 -0.0199995
      vertex 20.0657 7.0583 2.98
      vertex 19.9592 7.10865 2.98
    endloop
  endfacet
  facet normal -0.427411 -0.904057 -0
    outer loop
      vertex 20.0657 7.0583 2.98
      vertex 19.9592 7.10865 -0.0199995
      vertex 20.0657 7.0583 -0.0199995
    endloop
  endfacet
  facet normal -0.989151 -0.146899 0
    outer loop
      vertex 20.6942 6.11762 -0.0199995
      vertex 20.6769 6.23411 2.98
      vertex 20.6769 6.23411 -0.0199995
    endloop
  endfacet
  facet normal -0.989151 -0.146899 0
    outer loop
      vertex 20.6769 6.23411 2.98
      vertex 20.6942 6.11762 -0.0199995
      vertex 20.6942 6.11762 2.98
    endloop
  endfacet
  facet normal 0.146721 -0.989178 0
    outer loop
      vertex 19.2659 7.17694 -0.0199995
      vertex 19.3824 7.19422 2.98
      vertex 19.2659 7.17694 2.98
    endloop
  endfacet
  facet normal 0.146721 -0.989178 0
    outer loop
      vertex 19.3824 7.19422 2.98
      vertex 19.2659 7.17694 -0.0199995
      vertex 19.3824 7.19422 -0.0199995
    endloop
  endfacet
  facet normal -0.595644 0.803249 0
    outer loop
      vertex 20.2613 5.07239 -0.0199995
      vertex 20.1667 5.00224 2.98
      vertex 20.2613 5.07239 2.98
    endloop
  endfacet
  facet normal -0.595644 0.803249 0
    outer loop
      vertex 20.1667 5.00224 2.98
      vertex 20.2613 5.07239 -0.0199995
      vertex 20.1667 5.00224 -0.0199995
    endloop
  endfacet
  facet normal -0.989151 0.146899 0
    outer loop
      vertex 20.6769 5.76589 -0.0199995
      vertex 20.6942 5.88238 2.98
      vertex 20.6942 5.88238 -0.0199995
    endloop
  endfacet
  facet normal -0.989151 0.146899 0
    outer loop
      vertex 20.6942 5.88238 2.98
      vertex 20.6769 5.76589 -0.0199995
      vertex 20.6769 5.76589 2.98
    endloop
  endfacet
  facet normal -0.0490904 -0.998794 0
    outer loop
      vertex 19.5 7.2 -0.0199995
      vertex 19.6176 7.19422 2.98
      vertex 19.5 7.2 2.98
    endloop
  endfacet
  facet normal -0.0490904 -0.998794 -0
    outer loop
      vertex 19.6176 7.19422 2.98
      vertex 19.5 7.2 -0.0199995
      vertex 19.6176 7.19422 -0.0199995
    endloop
  endfacet
  facet normal -0.903831 -0.427889 0
    outer loop
      vertex 20.6087 6.45922 -0.0199995
      vertex 20.5583 6.56568 2.98
      vertex 20.5583 6.56568 -0.0199995
    endloop
  endfacet
  facet normal -0.903831 -0.427889 0
    outer loop
      vertex 20.5583 6.56568 2.98
      vertex 20.6087 6.45922 -0.0199995
      vertex 20.6087 6.45922 2.98
    endloop
  endfacet
  facet normal 0.243015 -0.970022 0
    outer loop
      vertex 19.1517 7.14833 -0.0199995
      vertex 19.2659 7.17694 2.98
      vertex 19.1517 7.14833 2.98
    endloop
  endfacet
  facet normal 0.243015 -0.970022 0
    outer loop
      vertex 19.2659 7.17694 2.98
      vertex 19.1517 7.14833 -0.0199995
      vertex 19.2659 7.17694 -0.0199995
    endloop
  endfacet
  facet normal 0.989151 0.146899 0
    outer loop
      vertex 18.3231 5.76589 2.98
      vertex 18.3058 5.88238 -0.0199995
      vertex 18.3058 5.88238 2.98
    endloop
  endfacet
  facet normal 0.989151 0.146899 0
    outer loop
      vertex 18.3058 5.88238 -0.0199995
      vertex 18.3231 5.76589 2.98
      vertex 18.3231 5.76589 -0.0199995
    endloop
  endfacet
  facet normal -0.857867 -0.513871 0
    outer loop
      vertex 20.5583 6.56568 -0.0199995
      vertex 20.4978 6.66668 2.98
      vertex 20.4978 6.66668 -0.0199995
    endloop
  endfacet
  facet normal -0.857867 -0.513871 0
    outer loop
      vertex 20.4978 6.66668 2.98
      vertex 20.5583 6.56568 -0.0199995
      vertex 20.5583 6.56568 2.98
    endloop
  endfacet
  facet normal -0.803015 0.595958 0
    outer loop
      vertex 20.4276 5.23873 -0.0199995
      vertex 20.4978 5.33332 2.98
      vertex 20.4978 5.33332 -0.0199995
    endloop
  endfacet
  facet normal -0.803015 0.595958 0
    outer loop
      vertex 20.4978 5.33332 2.98
      vertex 20.4276 5.23873 -0.0199995
      vertex 20.4276 5.23873 2.98
    endloop
  endfacet
  facet normal -0.998786 -0.0492515 0
    outer loop
      vertex 20.7 6 -0.0199995
      vertex 20.6942 6.11762 2.98
      vertex 20.6942 6.11762 -0.0199995
    endloop
  endfacet
  facet normal -0.998786 -0.0492515 0
    outer loop
      vertex 20.6942 6.11762 2.98
      vertex 20.7 6 -0.0199995
      vertex 20.7 6 2.98
    endloop
  endfacet
  facet normal -0.0490904 0.998794 0
    outer loop
      vertex 19.6176 4.80578 -0.0199995
      vertex 19.5 4.8 2.98
      vertex 19.6176 4.80578 2.98
    endloop
  endfacet
  facet normal -0.0490904 0.998794 0
    outer loop
      vertex 19.5 4.8 2.98
      vertex 19.6176 4.80578 -0.0199995
      vertex 19.5 4.8 -0.0199995
    endloop
  endfacet
  facet normal -0.903831 0.427889 0
    outer loop
      vertex 20.5583 5.43432 -0.0199995
      vertex 20.6087 5.54078 2.98
      vertex 20.6087 5.54078 -0.0199995
    endloop
  endfacet
  facet normal -0.903831 0.427889 0
    outer loop
      vertex 20.6087 5.54078 2.98
      vertex 20.5583 5.43432 -0.0199995
      vertex 20.5583 5.43432 2.98
    endloop
  endfacet
  facet normal 0.998786 -0.0492515 0
    outer loop
      vertex 18.3 6 2.98
      vertex 18.3058 6.11762 -0.0199995
      vertex 18.3058 6.11762 2.98
    endloop
  endfacet
  facet normal 0.998786 -0.0492515 0
    outer loop
      vertex 18.3058 6.11762 -0.0199995
      vertex 18.3 6 2.98
      vertex 18.3 6 -0.0199995
    endloop
  endfacet
  facet normal -0.998786 0.0492515 0
    outer loop
      vertex 20.6942 5.88238 -0.0199995
      vertex 20.7 6 2.98
      vertex 20.7 6 -0.0199995
    endloop
  endfacet
  facet normal -0.998786 0.0492515 0
    outer loop
      vertex 20.7 6 2.98
      vertex 20.6942 5.88238 -0.0199995
      vertex 20.6942 5.88238 2.98
    endloop
  endfacet
  facet normal 0.998786 0.0492515 0
    outer loop
      vertex 18.3058 5.88238 2.98
      vertex 18.3 6 -0.0199995
      vertex 18.3 6 2.98
    endloop
  endfacet
  facet normal 0.998786 0.0492515 0
    outer loop
      vertex 18.3 6 -0.0199995
      vertex 18.3058 5.88238 2.98
      vertex 18.3058 5.88238 -0.0199995
    endloop
  endfacet
  facet normal -0.970058 -0.242875 0
    outer loop
      vertex 20.6769 6.23411 -0.0199995
      vertex 20.6483 6.34834 2.98
      vertex 20.6483 6.34834 -0.0199995
    endloop
  endfacet
  facet normal -0.970058 -0.242875 0
    outer loop
      vertex 20.6483 6.34834 2.98
      vertex 20.6769 6.23411 -0.0199995
      vertex 20.6769 6.23411 2.98
    endloop
  endfacet
  facet normal 0.970058 0.242875 0
    outer loop
      vertex 18.3517 5.65166 2.98
      vertex 18.3231 5.76589 -0.0199995
      vertex 18.3231 5.76589 2.98
    endloop
  endfacet
  facet normal 0.970058 0.242875 0
    outer loop
      vertex 18.3231 5.76589 -0.0199995
      vertex 18.3517 5.65166 2.98
      vertex 18.3517 5.65166 -0.0199995
    endloop
  endfacet
  facet normal 0.903831 -0.427889 0
    outer loop
      vertex 18.3913 6.45922 2.98
      vertex 18.4417 6.56568 -0.0199995
      vertex 18.4417 6.56568 2.98
    endloop
  endfacet
  facet normal 0.903831 -0.427889 0
    outer loop
      vertex 18.4417 6.56568 -0.0199995
      vertex 18.3913 6.45922 2.98
      vertex 18.3913 6.45922 -0.0199995
    endloop
  endfacet
  facet normal 0.336885 0.941546 -0
    outer loop
      vertex 19.1517 4.85167 -0.0199995
      vertex 19.0408 4.89135 2.98
      vertex 19.1517 4.85167 2.98
    endloop
  endfacet
  facet normal 0.336885 0.941546 0
    outer loop
      vertex 19.0408 4.89135 2.98
      vertex 19.1517 4.85167 -0.0199995
      vertex 19.0408 4.89135 -0.0199995
    endloop
  endfacet
  facet normal 0.671776 -0.740754 0
    outer loop
      vertex 18.6515 6.84853 -0.0199995
      vertex 18.7387 6.92761 2.98
      vertex 18.6515 6.84853 2.98
    endloop
  endfacet
  facet normal 0.671776 -0.740754 0
    outer loop
      vertex 18.7387 6.92761 2.98
      vertex 18.6515 6.84853 -0.0199995
      vertex 18.7387 6.92761 -0.0199995
    endloop
  endfacet
  facet normal 0.7409 -0.671616 0
    outer loop
      vertex 18.5724 6.76127 2.98
      vertex 18.6515 6.84853 -0.0199995
      vertex 18.6515 6.84853 2.98
    endloop
  endfacet
  facet normal 0.7409 -0.671616 0
    outer loop
      vertex 18.6515 6.84853 -0.0199995
      vertex 18.5724 6.76127 2.98
      vertex 18.5724 6.76127 -0.0199995
    endloop
  endfacet
  facet normal 0.857867 0.513871 0
    outer loop
      vertex 18.5022 5.33332 2.98
      vertex 18.4417 5.43432 -0.0199995
      vertex 18.4417 5.43432 2.98
    endloop
  endfacet
  facet normal 0.857867 0.513871 0
    outer loop
      vertex 18.4417 5.43432 -0.0199995
      vertex 18.5022 5.33332 2.98
      vertex 18.5022 5.33332 -0.0199995
    endloop
  endfacet
  facet normal -0.857867 0.513871 0
    outer loop
      vertex 20.4978 5.33332 -0.0199995
      vertex 20.5583 5.43432 2.98
      vertex 20.5583 5.43432 -0.0199995
    endloop
  endfacet
  facet normal -0.857867 0.513871 0
    outer loop
      vertex 20.5583 5.43432 2.98
      vertex 20.4978 5.33332 -0.0199995
      vertex 20.4978 5.33332 2.98
    endloop
  endfacet
  facet normal 0.803015 0.595958 0
    outer loop
      vertex 18.5724 5.23873 2.98
      vertex 18.5022 5.33332 -0.0199995
      vertex 18.5022 5.33332 2.98
    endloop
  endfacet
  facet normal 0.803015 0.595958 0
    outer loop
      vertex 18.5022 5.33332 -0.0199995
      vertex 18.5724 5.23873 2.98
      vertex 18.5724 5.23873 -0.0199995
    endloop
  endfacet
  facet normal -0.514121 0.857718 0
    outer loop
      vertex 20.1667 5.00224 -0.0199995
      vertex 20.0657 4.9417 2.98
      vertex 20.1667 5.00224 2.98
    endloop
  endfacet
  facet normal -0.514121 0.857718 0
    outer loop
      vertex 20.0657 4.9417 2.98
      vertex 20.1667 5.00224 -0.0199995
      vertex 20.0657 4.9417 -0.0199995
    endloop
  endfacet
  facet normal -0.427411 0.904057 0
    outer loop
      vertex 20.0657 4.9417 -0.0199995
      vertex 19.9592 4.89135 2.98
      vertex 20.0657 4.9417 2.98
    endloop
  endfacet
  facet normal -0.427411 0.904057 0
    outer loop
      vertex 19.9592 4.89135 2.98
      vertex 20.0657 4.9417 -0.0199995
      vertex 19.9592 4.89135 -0.0199995
    endloop
  endfacet
  facet normal 0.671776 0.740754 -0
    outer loop
      vertex 18.7387 5.07239 -0.0199995
      vertex 18.6515 5.15147 2.98
      vertex 18.7387 5.07239 2.98
    endloop
  endfacet
  facet normal 0.671776 0.740754 0
    outer loop
      vertex 18.6515 5.15147 2.98
      vertex 18.7387 5.07239 -0.0199995
      vertex 18.6515 5.15147 -0.0199995
    endloop
  endfacet
  facet normal 0.146721 0.989178 -0
    outer loop
      vertex 19.3824 4.80578 -0.0199995
      vertex 19.2659 4.82306 2.98
      vertex 19.3824 4.80578 2.98
    endloop
  endfacet
  facet normal 0.146721 0.989178 0
    outer loop
      vertex 19.2659 4.82306 2.98
      vertex 19.3824 4.80578 -0.0199995
      vertex 19.2659 4.82306 -0.0199995
    endloop
  endfacet
  facet normal 0.514121 -0.857718 0
    outer loop
      vertex 18.8333 6.99776 -0.0199995
      vertex 18.9343 7.0583 2.98
      vertex 18.8333 6.99776 2.98
    endloop
  endfacet
  facet normal 0.514121 -0.857718 0
    outer loop
      vertex 18.9343 7.0583 2.98
      vertex 18.8333 6.99776 -0.0199995
      vertex 18.9343 7.0583 -0.0199995
    endloop
  endfacet
  facet normal -0.941742 0.336336 0
    outer loop
      vertex 20.6087 5.54078 -0.0199995
      vertex 20.6483 5.65166 2.98
      vertex 20.6483 5.65166 -0.0199995
    endloop
  endfacet
  facet normal -0.941742 0.336336 0
    outer loop
      vertex 20.6483 5.65166 2.98
      vertex 20.6087 5.54078 -0.0199995
      vertex 20.6087 5.54078 2.98
    endloop
  endfacet
  facet normal 0.989151 -0.146899 0
    outer loop
      vertex 18.3058 6.11762 2.98
      vertex 18.3231 6.23411 -0.0199995
      vertex 18.3231 6.23411 2.98
    endloop
  endfacet
  facet normal 0.989151 -0.146899 0
    outer loop
      vertex 18.3231 6.23411 -0.0199995
      vertex 18.3058 6.11762 2.98
      vertex 18.3058 6.11762 -0.0199995
    endloop
  endfacet
  facet normal -0.7409 -0.671616 0
    outer loop
      vertex 20.4276 6.76127 -0.0199995
      vertex 20.3485 6.84853 2.98
      vertex 20.3485 6.84853 -0.0199995
    endloop
  endfacet
  facet normal -0.7409 -0.671616 0
    outer loop
      vertex 20.3485 6.84853 2.98
      vertex 20.4276 6.76127 -0.0199995
      vertex 20.4276 6.76127 2.98
    endloop
  endfacet
  facet normal 0.970058 -0.242875 0
    outer loop
      vertex 18.3231 6.23411 2.98
      vertex 18.3517 6.34834 -0.0199995
      vertex 18.3517 6.34834 2.98
    endloop
  endfacet
  facet normal 0.970058 -0.242875 0
    outer loop
      vertex 18.3517 6.34834 -0.0199995
      vertex 18.3231 6.23411 2.98
      vertex 18.3231 6.23411 -0.0199995
    endloop
  endfacet
  facet normal -0.595644 -0.803249 0
    outer loop
      vertex 20.1667 6.99776 -0.0199995
      vertex 20.2613 6.92761 2.98
      vertex 20.1667 6.99776 2.98
    endloop
  endfacet
  facet normal -0.595644 -0.803249 -0
    outer loop
      vertex 20.2613 6.92761 2.98
      vertex 20.1667 6.99776 -0.0199995
      vertex 20.2613 6.92761 -0.0199995
    endloop
  endfacet
  facet normal -0.146721 0.989178 0
    outer loop
      vertex 19.7341 4.82306 -0.0199995
      vertex 19.6176 4.80578 2.98
      vertex 19.7341 4.82306 2.98
    endloop
  endfacet
  facet normal -0.146721 0.989178 0
    outer loop
      vertex 19.6176 4.80578 2.98
      vertex 19.7341 4.82306 -0.0199995
      vertex 19.6176 4.80578 -0.0199995
    endloop
  endfacet
  facet normal -0.336885 -0.941546 0
    outer loop
      vertex 19.8483 7.14833 -0.0199995
      vertex 19.9592 7.10865 2.98
      vertex 19.8483 7.14833 2.98
    endloop
  endfacet
  facet normal -0.336885 -0.941546 -0
    outer loop
      vertex 19.9592 7.10865 2.98
      vertex 19.8483 7.14833 -0.0199995
      vertex 19.9592 7.10865 -0.0199995
    endloop
  endfacet
  facet normal -0.803015 -0.595958 0
    outer loop
      vertex 20.4978 6.66668 -0.0199995
      vertex 20.4276 6.76127 2.98
      vertex 20.4276 6.76127 -0.0199995
    endloop
  endfacet
  facet normal -0.803015 -0.595958 0
    outer loop
      vertex 20.4276 6.76127 2.98
      vertex 20.4978 6.66668 -0.0199995
      vertex 20.4978 6.66668 2.98
    endloop
  endfacet
  facet normal -0.941742 -0.336336 0
    outer loop
      vertex 20.6483 6.34834 -0.0199995
      vertex 20.6087 6.45922 2.98
      vertex 20.6087 6.45922 -0.0199995
    endloop
  endfacet
  facet normal -0.941742 -0.336336 0
    outer loop
      vertex 20.6087 6.45922 2.98
      vertex 20.6483 6.34834 -0.0199995
      vertex 20.6483 6.34834 2.98
    endloop
  endfacet
  facet normal -0.7409 0.671616 0
    outer loop
      vertex 20.3485 5.15147 -0.0199995
      vertex 20.4276 5.23873 2.98
      vertex 20.4276 5.23873 -0.0199995
    endloop
  endfacet
  facet normal -0.7409 0.671616 0
    outer loop
      vertex 20.4276 5.23873 2.98
      vertex 20.3485 5.15147 -0.0199995
      vertex 20.3485 5.15147 2.98
    endloop
  endfacet
  facet normal 0.595644 -0.803249 0
    outer loop
      vertex 18.7387 6.92761 -0.0199995
      vertex 18.8333 6.99776 2.98
      vertex 18.7387 6.92761 2.98
    endloop
  endfacet
  facet normal 0.595644 -0.803249 0
    outer loop
      vertex 18.8333 6.99776 2.98
      vertex 18.7387 6.92761 -0.0199995
      vertex 18.8333 6.99776 -0.0199995
    endloop
  endfacet
  facet normal -0.514121 -0.857718 0
    outer loop
      vertex 20.0657 7.0583 -0.0199995
      vertex 20.1667 6.99776 2.98
      vertex 20.0657 7.0583 2.98
    endloop
  endfacet
  facet normal -0.514121 -0.857718 -0
    outer loop
      vertex 20.1667 6.99776 2.98
      vertex 20.0657 7.0583 -0.0199995
      vertex 20.1667 6.99776 -0.0199995
    endloop
  endfacet
  facet normal 0.941742 0.336336 0
    outer loop
      vertex 18.3913 5.54078 2.98
      vertex 18.3517 5.65166 -0.0199995
      vertex 18.3517 5.65166 2.98
    endloop
  endfacet
  facet normal 0.941742 0.336336 0
    outer loop
      vertex 18.3517 5.65166 -0.0199995
      vertex 18.3913 5.54078 2.98
      vertex 18.3913 5.54078 -0.0199995
    endloop
  endfacet
  facet normal 0.514121 0.857718 -0
    outer loop
      vertex 18.9343 4.9417 -0.0199995
      vertex 18.8333 5.00224 2.98
      vertex 18.9343 4.9417 2.98
    endloop
  endfacet
  facet normal 0.514121 0.857718 0
    outer loop
      vertex 18.8333 5.00224 2.98
      vertex 18.9343 4.9417 -0.0199995
      vertex 18.8333 5.00224 -0.0199995
    endloop
  endfacet
  facet normal 0.7409 0.671616 0
    outer loop
      vertex 18.6515 5.15147 2.98
      vertex 18.5724 5.23873 -0.0199995
      vertex 18.5724 5.23873 2.98
    endloop
  endfacet
  facet normal 0.7409 0.671616 0
    outer loop
      vertex 18.5724 5.23873 -0.0199995
      vertex 18.6515 5.15147 2.98
      vertex 18.6515 5.15147 -0.0199995
    endloop
  endfacet
  facet normal 0.427411 0.904057 -0
    outer loop
      vertex 19.0408 4.89135 -0.0199995
      vertex 18.9343 4.9417 2.98
      vertex 19.0408 4.89135 2.98
    endloop
  endfacet
  facet normal 0.427411 0.904057 0
    outer loop
      vertex 18.9343 4.9417 2.98
      vertex 19.0408 4.89135 -0.0199995
      vertex 18.9343 4.9417 -0.0199995
    endloop
  endfacet
  facet normal -0.671776 -0.740754 0
    outer loop
      vertex 20.2613 6.92761 -0.0199995
      vertex 20.3485 6.84853 2.98
      vertex 20.2613 6.92761 2.98
    endloop
  endfacet
  facet normal -0.671776 -0.740754 -0
    outer loop
      vertex 20.3485 6.84853 2.98
      vertex 20.2613 6.92761 -0.0199995
      vertex 20.3485 6.84853 -0.0199995
    endloop
  endfacet
  facet normal 0.243015 0.970022 -0
    outer loop
      vertex 19.2659 4.82306 -0.0199995
      vertex 19.1517 4.85167 2.98
      vertex 19.2659 4.82306 2.98
    endloop
  endfacet
  facet normal 0.243015 0.970022 0
    outer loop
      vertex 19.1517 4.85167 2.98
      vertex 19.2659 4.82306 -0.0199995
      vertex 19.1517 4.85167 -0.0199995
    endloop
  endfacet
  facet normal 0.336885 -0.941546 0
    outer loop
      vertex 19.0408 7.10865 -0.0199995
      vertex 19.1517 7.14833 2.98
      vertex 19.0408 7.10865 2.98
    endloop
  endfacet
  facet normal 0.336885 -0.941546 0
    outer loop
      vertex 19.1517 7.14833 2.98
      vertex 19.0408 7.10865 -0.0199995
      vertex 19.1517 7.14833 -0.0199995
    endloop
  endfacet
  facet normal -0.970058 0.242875 0
    outer loop
      vertex 20.6483 5.65166 -0.0199995
      vertex 20.6769 5.76589 2.98
      vertex 20.6769 5.76589 -0.0199995
    endloop
  endfacet
  facet normal -0.970058 0.242875 0
    outer loop
      vertex 20.6769 5.76589 2.98
      vertex 20.6483 5.65166 -0.0199995
      vertex 20.6483 5.65166 2.98
    endloop
  endfacet
  facet normal 0.903831 0.427889 0
    outer loop
      vertex 18.4417 5.43432 2.98
      vertex 18.3913 5.54078 -0.0199995
      vertex 18.3913 5.54078 2.98
    endloop
  endfacet
  facet normal 0.903831 0.427889 0
    outer loop
      vertex 18.3913 5.54078 -0.0199995
      vertex 18.4417 5.43432 2.98
      vertex 18.4417 5.43432 -0.0199995
    endloop
  endfacet
  facet normal -0.146721 -0.989178 0
    outer loop
      vertex 19.6176 7.19422 -0.0199995
      vertex 19.7341 7.17694 2.98
      vertex 19.6176 7.19422 2.98
    endloop
  endfacet
  facet normal -0.146721 -0.989178 -0
    outer loop
      vertex 19.7341 7.17694 2.98
      vertex 19.6176 7.19422 -0.0199995
      vertex 19.7341 7.17694 -0.0199995
    endloop
  endfacet
  facet normal 0.803015 -0.595958 0
    outer loop
      vertex 18.5022 6.66668 2.98
      vertex 18.5724 6.76127 -0.0199995
      vertex 18.5724 6.76127 2.98
    endloop
  endfacet
  facet normal 0.803015 -0.595958 0
    outer loop
      vertex 18.5724 6.76127 -0.0199995
      vertex 18.5022 6.66668 2.98
      vertex 18.5022 6.66668 -0.0199995
    endloop
  endfacet
  facet normal -0.671776 0.740754 0
    outer loop
      vertex 20.3485 5.15147 -0.0199995
      vertex 20.2613 5.07239 2.98
      vertex 20.3485 5.15147 2.98
    endloop
  endfacet
  facet normal -0.671776 0.740754 0
    outer loop
      vertex 20.2613 5.07239 2.98
      vertex 20.3485 5.15147 -0.0199995
      vertex 20.2613 5.07239 -0.0199995
    endloop
  endfacet
  facet normal 0.427411 -0.904057 0
    outer loop
      vertex 18.9343 7.0583 -0.0199995
      vertex 19.0408 7.10865 2.98
      vertex 18.9343 7.0583 2.98
    endloop
  endfacet
  facet normal 0.427411 -0.904057 0
    outer loop
      vertex 19.0408 7.10865 2.98
      vertex 18.9343 7.0583 -0.0199995
      vertex 19.0408 7.10865 -0.0199995
    endloop
  endfacet
  facet normal -0.243015 0.970022 0
    outer loop
      vertex 19.8483 4.85167 -0.0199995
      vertex 19.7341 4.82306 2.98
      vertex 19.8483 4.85167 2.98
    endloop
  endfacet
  facet normal -0.243015 0.970022 0
    outer loop
      vertex 19.7341 4.82306 2.98
      vertex 19.8483 4.85167 -0.0199995
      vertex 19.7341 4.82306 -0.0199995
    endloop
  endfacet
  facet normal -0.336885 0.941546 0
    outer loop
      vertex 19.9592 4.89135 -0.0199995
      vertex 19.8483 4.85167 2.98
      vertex 19.9592 4.89135 2.98
    endloop
  endfacet
  facet normal -0.336885 0.941546 0
    outer loop
      vertex 19.8483 4.85167 2.98
      vertex 19.9592 4.89135 -0.0199995
      vertex 19.8483 4.85167 -0.0199995
    endloop
  endfacet
  facet normal 0.0490904 0.998794 -0
    outer loop
      vertex 19.5 4.8 -0.0199995
      vertex 19.3824 4.80578 2.98
      vertex 19.5 4.8 2.98
    endloop
  endfacet
  facet normal 0.0490904 0.998794 0
    outer loop
      vertex 19.3824 4.80578 2.98
      vertex 19.5 4.8 -0.0199995
      vertex 19.3824 4.80578 -0.0199995
    endloop
  endfacet
  facet normal 0.595644 0.803249 -0
    outer loop
      vertex 18.8333 5.00224 -0.0199995
      vertex 18.7387 5.07239 2.98
      vertex 18.8333 5.00224 2.98
    endloop
  endfacet
  facet normal 0.595644 0.803249 0
    outer loop
      vertex 18.7387 5.07239 2.98
      vertex 18.8333 5.00224 -0.0199995
      vertex 18.7387 5.07239 -0.0199995
    endloop
  endfacet
  facet normal -0.998796 0.0490647 0
    outer loop
      vertex -6.03852 5.21586 -0.0199995
      vertex -6 6 2.98
      vertex -6 6 -0.0199995
    endloop
  endfacet
  facet normal -0.998796 0.0490647 0
    outer loop
      vertex -6 6 2.98
      vertex -6.03852 5.21586 -0.0199995
      vertex -6.03852 5.21586 2.98
    endloop
  endfacet
  facet normal -0.989176 -0.146737 0
    outer loop
      vertex -6.03852 6.78414 -0.0199995
      vertex -6.15372 7.56072 2.98
      vertex -6.15372 7.56072 -0.0199995
    endloop
  endfacet
  facet normal -0.989176 -0.146737 0
    outer loop
      vertex -6.15372 7.56072 2.98
      vertex -6.03852 6.78414 -0.0199995
      vertex -6.03852 6.78414 2.98
    endloop
  endfacet
  facet normal -0.998796 -0.0490647 0
    outer loop
      vertex -6 6 -0.0199995
      vertex -6.03852 6.78414 2.98
      vertex -6.03852 6.78414 -0.0199995
    endloop
  endfacet
  facet normal -0.998796 -0.0490647 0
    outer loop
      vertex -6.03852 6.78414 2.98
      vertex -6 6 -0.0199995
      vertex -6 6 2.98
    endloop
  endfacet
  facet normal -0.0490672 0.998795 0
    outer loop
      vertex -13.2159 -1.96148 -0.0199995
      vertex -14 -2 2.98
      vertex -13.2159 -1.96148 2.98
    endloop
  endfacet
  facet normal -0.0490672 0.998795 0
    outer loop
      vertex -14 -2 2.98
      vertex -13.2159 -1.96148 -0.0199995
      vertex -14 -2 -0.0199995
    endloop
  endfacet
  facet normal -0.941547 0.336883 0
    outer loop
      vertex -6.60896 2.93853 -0.0199995
      vertex -6.34448 3.67772 2.98
      vertex -6.34448 3.67772 -0.0199995
    endloop
  endfacet
  facet normal -0.941547 0.336883 0
    outer loop
      vertex -6.34448 3.67772 2.98
      vertex -6.60896 2.93853 -0.0199995
      vertex -6.60896 2.93853 2.98
    endloop
  endfacet
  facet normal 0.336901 -0.94154 0
    outer loop
      vertex -17.0615 13.391 -0.0199995
      vertex -16.3223 13.6555 2.98
      vertex -17.0615 13.391 2.98
    endloop
  endfacet
  facet normal 0.336901 -0.94154 0
    outer loop
      vertex -16.3223 13.6555 2.98
      vertex -17.0615 13.391 -0.0199995
      vertex -16.3223 13.6555 -0.0199995
    endloop
  endfacet
  facet normal -0.671543 -0.740965 0
    outer loop
      vertex -8.92485 12.1841 -0.0199995
      vertex -8.34315 11.6569 2.98
      vertex -8.92485 12.1841 2.98
    endloop
  endfacet
  facet normal -0.671543 -0.740965 -0
    outer loop
      vertex -8.34315 11.6569 2.98
      vertex -8.92485 12.1841 -0.0199995
      vertex -8.34315 11.6569 -0.0199995
    endloop
  endfacet
  facet normal -0.941547 -0.336883 0
    outer loop
      vertex -6.34448 8.32228 -0.0199995
      vertex -6.60896 9.06147 2.98
      vertex -6.60896 9.06147 -0.0199995
    endloop
  endfacet
  facet normal -0.941547 -0.336883 0
    outer loop
      vertex -6.60896 9.06147 2.98
      vertex -6.34448 8.32228 -0.0199995
      vertex -6.34448 8.32228 2.98
    endloop
  endfacet
  facet normal -0.514119 0.857719 0
    outer loop
      vertex -9.55544 -0.651756 -0.0199995
      vertex -10.2288 -1.05537 2.98
      vertex -9.55544 -0.651756 2.98
    endloop
  endfacet
  facet normal -0.514119 0.857719 0
    outer loop
      vertex -10.2288 -1.05537 2.98
      vertex -9.55544 -0.651756 -0.0199995
      vertex -10.2288 -1.05537 -0.0199995
    endloop
  endfacet
  facet normal -0.514106 -0.857727 0
    outer loop
      vertex -10.2288 13.0554 -0.0199995
      vertex -9.55544 12.6518 2.98
      vertex -10.2288 13.0554 2.98
    endloop
  endfacet
  facet normal -0.514106 -0.857727 -0
    outer loop
      vertex -9.55544 12.6518 2.98
      vertex -10.2288 13.0554 -0.0199995
      vertex -9.55544 12.6518 -0.0199995
    endloop
  endfacet
  facet normal -0.243015 -0.970023 0
    outer loop
      vertex -12.4393 13.8463 -0.0199995
      vertex -11.6777 13.6555 2.98
      vertex -12.4393 13.8463 2.98
    endloop
  endfacet
  facet normal -0.243015 -0.970023 -0
    outer loop
      vertex -11.6777 13.6555 2.98
      vertex -12.4393 13.8463 -0.0199995
      vertex -11.6777 13.6555 -0.0199995
    endloop
  endfacet
  facet normal -0.970032 0.242979 0
    outer loop
      vertex -6.34448 3.67772 -0.0199995
      vertex -6.15372 4.43928 2.98
      vertex -6.15372 4.43928 -0.0199995
    endloop
  endfacet
  facet normal -0.970032 0.242979 0
    outer loop
      vertex -6.15372 4.43928 2.98
      vertex -6.34448 3.67772 -0.0199995
      vertex -6.34448 3.67772 2.98
    endloop
  endfacet
  facet normal -0.336901 -0.94154 0
    outer loop
      vertex -11.6777 13.6555 -0.0199995
      vertex -10.9385 13.391 2.98
      vertex -11.6777 13.6555 2.98
    endloop
  endfacet
  facet normal -0.336901 -0.94154 -0
    outer loop
      vertex -10.9385 13.391 2.98
      vertex -11.6777 13.6555 -0.0199995
      vertex -10.9385 13.391 -0.0199995
    endloop
  endfacet
  facet normal 0.514097 0.857732 -0
    outer loop
      vertex -17.7712 -1.05537 -0.0199995
      vertex -18.4446 -0.651756 2.98
      vertex -17.7712 -1.05537 2.98
    endloop
  endfacet
  facet normal 0.514097 0.857732 0
    outer loop
      vertex -18.4446 -0.651756 2.98
      vertex -17.7712 -1.05537 -0.0199995
      vertex -18.4446 -0.651756 -0.0199995
    endloop
  endfacet
  facet normal 0.85775 -0.514067 0
    outer loop
      vertex -21.0554 9.77117 2.98
      vertex -20.6518 10.4446 -0.0199995
      vertex -20.6518 10.4446 2.98
    endloop
  endfacet
  facet normal 0.85775 -0.514067 0
    outer loop
      vertex -20.6518 10.4446 -0.0199995
      vertex -21.0554 9.77117 2.98
      vertex -21.0554 9.77117 -0.0199995
    endloop
  endfacet
  facet normal 0.6715 0.741005 -0
    outer loop
      vertex -19.0751 -0.184083 -0.0199995
      vertex -19.6569 0.343145 2.98
      vertex -19.0751 -0.184083 2.98
    endloop
  endfacet
  facet normal 0.6715 0.741005 0
    outer loop
      vertex -19.6569 0.343145 2.98
      vertex -19.0751 -0.184083 -0.0199995
      vertex -19.6569 0.343145 -0.0199995
    endloop
  endfacet
  facet normal 0.67148 -0.741023 0
    outer loop
      vertex -19.6569 11.6569 -0.0199995
      vertex -19.0751 12.1841 2.98
      vertex -19.6569 11.6569 2.98
    endloop
  endfacet
  facet normal 0.67148 -0.741023 0
    outer loop
      vertex -19.0751 12.1841 2.98
      vertex -19.6569 11.6569 -0.0199995
      vertex -19.0751 12.1841 -0.0199995
    endloop
  endfacet
  facet normal -0.857745 -0.514076 0
    outer loop
      vertex -6.94463 9.77117 -0.0199995
      vertex -7.34824 10.4446 2.98
      vertex -7.34824 10.4446 -0.0199995
    endloop
  endfacet
  facet normal -0.857745 -0.514076 0
    outer loop
      vertex -7.34824 10.4446 2.98
      vertex -6.94463 9.77117 -0.0199995
      vertex -6.94463 9.77117 2.98
    endloop
  endfacet
  facet normal 0.427489 -0.90402 0
    outer loop
      vertex -17.7712 13.0554 -0.0199995
      vertex -17.0615 13.391 2.98
      vertex -17.7712 13.0554 2.98
    endloop
  endfacet
  facet normal 0.427489 -0.90402 0
    outer loop
      vertex -17.0615 13.391 2.98
      vertex -17.7712 13.0554 -0.0199995
      vertex -17.0615 13.391 -0.0199995
    endloop
  endfacet
  facet normal 0.243015 -0.970023 0
    outer loop
      vertex -16.3223 13.6555 -0.0199995
      vertex -15.5607 13.8463 2.98
      vertex -16.3223 13.6555 2.98
    endloop
  endfacet
  facet normal 0.243015 -0.970023 0
    outer loop
      vertex -15.5607 13.8463 2.98
      vertex -16.3223 13.6555 -0.0199995
      vertex -15.5607 13.8463 -0.0199995
    endloop
  endfacet
  facet normal 0.941539 0.336905 0
    outer loop
      vertex -21.391 2.93853 2.98
      vertex -21.6555 3.67772 -0.0199995
      vertex -21.6555 3.67772 2.98
    endloop
  endfacet
  facet normal 0.941539 0.336905 0
    outer loop
      vertex -21.6555 3.67772 -0.0199995
      vertex -21.391 2.93853 2.98
      vertex -21.391 2.93853 -0.0199995
    endloop
  endfacet
  facet normal -0.741004 -0.671501 0
    outer loop
      vertex -7.81592 11.0751 -0.0199995
      vertex -8.34315 11.6569 2.98
      vertex -8.34315 11.6569 -0.0199995
    endloop
  endfacet
  facet normal -0.741004 -0.671501 0
    outer loop
      vertex -8.34315 11.6569 2.98
      vertex -7.81592 11.0751 -0.0199995
      vertex -7.81592 11.0751 2.98
    endloop
  endfacet
  facet normal -0.427562 0.903986 0
    outer loop
      vertex -10.2288 -1.05537 -0.0199995
      vertex -10.9385 -1.39104 2.98
      vertex -10.2288 -1.05537 2.98
    endloop
  endfacet
  facet normal -0.427562 0.903986 0
    outer loop
      vertex -10.9385 -1.39104 2.98
      vertex -10.2288 -1.05537 -0.0199995
      vertex -10.9385 -1.39104 -0.0199995
    endloop
  endfacet
  facet normal 0.514084 -0.85774 0
    outer loop
      vertex -18.4446 12.6518 -0.0199995
      vertex -17.7712 13.0554 2.98
      vertex -18.4446 12.6518 2.98
    endloop
  endfacet
  facet normal 0.514084 -0.85774 0
    outer loop
      vertex -17.7712 13.0554 2.98
      vertex -18.4446 12.6518 -0.0199995
      vertex -17.7712 13.0554 -0.0199995
    endloop
  endfacet
  facet normal -0.803165 -0.595756 0
    outer loop
      vertex -7.34824 10.4446 -0.0199995
      vertex -7.81592 11.0751 2.98
      vertex -7.81592 11.0751 -0.0199995
    endloop
  endfacet
  facet normal -0.803165 -0.595756 0
    outer loop
      vertex -7.81592 11.0751 2.98
      vertex -7.34824 10.4446 -0.0199995
      vertex -7.34824 10.4446 2.98
    endloop
  endfacet
  facet normal -0.0490418 -0.998797 0
    outer loop
      vertex -14 14 -0.0199995
      vertex -13.2159 13.9615 2.98
      vertex -14 14 2.98
    endloop
  endfacet
  facet normal -0.0490418 -0.998797 -0
    outer loop
      vertex -13.2159 13.9615 2.98
      vertex -14 14 -0.0199995
      vertex -13.2159 13.9615 -0.0199995
    endloop
  endfacet
  facet normal 0.242967 0.970035 -0
    outer loop
      vertex -15.5607 -1.84628 -0.0199995
      vertex -16.3223 -1.65552 2.98
      vertex -15.5607 -1.84628 2.98
    endloop
  endfacet
  facet normal 0.242967 0.970035 0
    outer loop
      vertex -16.3223 -1.65552 2.98
      vertex -15.5607 -1.84628 -0.0199995
      vertex -16.3223 -1.65552 -0.0199995
    endloop
  endfacet
  facet normal -0.427489 -0.90402 0
    outer loop
      vertex -10.9385 13.391 -0.0199995
      vertex -10.2288 13.0554 2.98
      vertex -10.9385 13.391 2.98
    endloop
  endfacet
  facet normal -0.427489 -0.90402 -0
    outer loop
      vertex -10.2288 13.0554 2.98
      vertex -10.9385 13.391 -0.0199995
      vertex -10.2288 13.0554 -0.0199995
    endloop
  endfacet
  facet normal 0.998797 0.0490393 0
    outer loop
      vertex -21.9615 5.21586 2.98
      vertex -22 6 -0.0199995
      vertex -22 6 2.98
    endloop
  endfacet
  facet normal 0.998797 0.0490393 0
    outer loop
      vertex -22 6 -0.0199995
      vertex -21.9615 5.21586 2.98
      vertex -21.9615 5.21586 -0.0199995
    endloop
  endfacet
  facet normal 0.803153 -0.595773 0
    outer loop
      vertex -20.6518 10.4446 2.98
      vertex -20.1841 11.0751 -0.0199995
      vertex -20.1841 11.0751 2.98
    endloop
  endfacet
  facet normal 0.803153 -0.595773 0
    outer loop
      vertex -20.1841 11.0751 -0.0199995
      vertex -20.6518 10.4446 2.98
      vertex -20.6518 10.4446 -0.0199995
    endloop
  endfacet
  facet normal 0.90402 -0.427489 0
    outer loop
      vertex -21.391 9.06147 2.98
      vertex -21.0554 9.77117 -0.0199995
      vertex -21.0554 9.77117 2.98
    endloop
  endfacet
  facet normal 0.90402 -0.427489 0
    outer loop
      vertex -21.0554 9.77117 -0.0199995
      vertex -21.391 9.06147 2.98
      vertex -21.391 9.06147 -0.0199995
    endloop
  endfacet
  facet normal 0.595773 -0.803153 0
    outer loop
      vertex -19.0751 12.1841 -0.0199995
      vertex -18.4446 12.6518 2.98
      vertex -19.0751 12.1841 2.98
    endloop
  endfacet
  facet normal 0.595773 -0.803153 0
    outer loop
      vertex -18.4446 12.6518 2.98
      vertex -19.0751 12.1841 -0.0199995
      vertex -18.4446 12.6518 -0.0199995
    endloop
  endfacet
  facet normal -0.146733 -0.989176 0
    outer loop
      vertex -13.2159 13.9615 -0.0199995
      vertex -12.4393 13.8463 2.98
      vertex -13.2159 13.9615 2.98
    endloop
  endfacet
  facet normal -0.146733 -0.989176 -0
    outer loop
      vertex -12.4393 13.8463 2.98
      vertex -13.2159 13.9615 -0.0199995
      vertex -12.4393 13.8463 -0.0199995
    endloop
  endfacet
  facet normal 0.857737 0.514089 0
    outer loop
      vertex -20.6518 1.55544 2.98
      vertex -21.0554 2.22883 -0.0199995
      vertex -21.0554 2.22883 2.98
    endloop
  endfacet
  facet normal 0.857737 0.514089 0
    outer loop
      vertex -21.0554 2.22883 -0.0199995
      vertex -20.6518 1.55544 2.98
      vertex -20.6518 1.55544 -0.0199995
    endloop
  endfacet
  facet normal -0.903986 -0.427562 0
    outer loop
      vertex -6.60896 9.06147 -0.0199995
      vertex -6.94463 9.77117 2.98
      vertex -6.94463 9.77117 -0.0199995
    endloop
  endfacet
  facet normal -0.903986 -0.427562 0
    outer loop
      vertex -6.94463 9.77117 2.98
      vertex -6.60896 9.06147 -0.0199995
      vertex -6.60896 9.06147 2.98
    endloop
  endfacet
  facet normal -0.146733 0.989176 0
    outer loop
      vertex -12.4393 -1.84628 -0.0199995
      vertex -13.2159 -1.96148 2.98
      vertex -12.4393 -1.84628 2.98
    endloop
  endfacet
  facet normal -0.146733 0.989176 0
    outer loop
      vertex -13.2159 -1.96148 2.98
      vertex -12.4393 -1.84628 -0.0199995
      vertex -13.2159 -1.96148 -0.0199995
    endloop
  endfacet
  facet normal 0.970019 0.243027 0
    outer loop
      vertex -21.6555 3.67772 2.98
      vertex -21.8463 4.43928 -0.0199995
      vertex -21.8463 4.43928 2.98
    endloop
  endfacet
  facet normal 0.970019 0.243027 0
    outer loop
      vertex -21.8463 4.43928 -0.0199995
      vertex -21.6555 3.67772 2.98
      vertex -21.6555 3.67772 -0.0199995
    endloop
  endfacet
  facet normal -0.740951 0.671559 0
    outer loop
      vertex -8.34315 0.343145 -0.0199995
      vertex -7.81592 0.924853 2.98
      vertex -7.81592 0.924853 -0.0199995
    endloop
  endfacet
  facet normal -0.740951 0.671559 0
    outer loop
      vertex -7.81592 0.924853 2.98
      vertex -8.34315 0.343145 -0.0199995
      vertex -8.34315 0.343145 2.98
    endloop
  endfacet
  facet normal -0.803205 0.595703 0
    outer loop
      vertex -7.81592 0.924853 -0.0199995
      vertex -7.34824 1.55544 2.98
      vertex -7.34824 1.55544 -0.0199995
    endloop
  endfacet
  facet normal -0.803205 0.595703 0
    outer loop
      vertex -7.34824 1.55544 2.98
      vertex -7.81592 0.924853 -0.0199995
      vertex -7.81592 0.924853 2.98
    endloop
  endfacet
  facet normal -0.595718 -0.803194 0
    outer loop
      vertex -9.55544 12.6518 -0.0199995
      vertex -8.92485 12.1841 2.98
      vertex -9.55544 12.6518 2.98
    endloop
  endfacet
  facet normal -0.595718 -0.803194 -0
    outer loop
      vertex -8.92485 12.1841 2.98
      vertex -9.55544 12.6518 -0.0199995
      vertex -8.92485 12.1841 -0.0199995
    endloop
  endfacet
  facet normal -0.989176 0.146737 0
    outer loop
      vertex -6.15372 4.43928 -0.0199995
      vertex -6.03852 5.21586 2.98
      vertex -6.03852 5.21586 -0.0199995
    endloop
  endfacet
  facet normal -0.989176 0.146737 0
    outer loop
      vertex -6.03852 5.21586 2.98
      vertex -6.15372 4.43928 -0.0199995
      vertex -6.15372 4.43928 2.98
    endloop
  endfacet
  facet normal 0.989176 -0.146737 0
    outer loop
      vertex -21.9615 6.78414 2.98
      vertex -21.8463 7.56072 -0.0199995
      vertex -21.8463 7.56072 2.98
    endloop
  endfacet
  facet normal 0.989176 -0.146737 0
    outer loop
      vertex -21.8463 7.56072 -0.0199995
      vertex -21.9615 6.78414 2.98
      vertex -21.9615 6.78414 -0.0199995
    endloop
  endfacet
  facet normal 0.941539 -0.336905 0
    outer loop
      vertex -21.6555 8.32228 2.98
      vertex -21.391 9.06147 -0.0199995
      vertex -21.391 9.06147 2.98
    endloop
  endfacet
  facet normal 0.941539 -0.336905 0
    outer loop
      vertex -21.391 9.06147 -0.0199995
      vertex -21.6555 8.32228 2.98
      vertex -21.6555 8.32228 -0.0199995
    endloop
  endfacet
  facet normal -0.595696 0.80321 0
    outer loop
      vertex -8.92485 -0.184083 -0.0199995
      vertex -9.55544 -0.651756 2.98
      vertex -8.92485 -0.184083 2.98
    endloop
  endfacet
  facet normal -0.595696 0.80321 0
    outer loop
      vertex -9.55544 -0.651756 2.98
      vertex -8.92485 -0.184083 -0.0199995
      vertex -9.55544 -0.651756 -0.0199995
    endloop
  endfacet
  facet normal -0.970032 -0.242979 0
    outer loop
      vertex -6.15372 7.56072 -0.0199995
      vertex -6.34448 8.32228 2.98
      vertex -6.34448 8.32228 -0.0199995
    endloop
  endfacet
  facet normal -0.970032 -0.242979 0
    outer loop
      vertex -6.34448 8.32228 2.98
      vertex -6.15372 7.56072 -0.0199995
      vertex -6.15372 7.56072 2.98
    endloop
  endfacet
  facet normal 0.803192 0.59572 0
    outer loop
      vertex -20.1841 0.924853 2.98
      vertex -20.6518 1.55544 -0.0199995
      vertex -20.6518 1.55544 2.98
    endloop
  endfacet
  facet normal 0.803192 0.59572 0
    outer loop
      vertex -20.6518 1.55544 -0.0199995
      vertex -20.1841 0.924853 2.98
      vertex -20.1841 0.924853 -0.0199995
    endloop
  endfacet
  facet normal 0.0490418 -0.998797 0
    outer loop
      vertex -14.7841 13.9615 -0.0199995
      vertex -14 14 2.98
      vertex -14.7841 13.9615 2.98
    endloop
  endfacet
  facet normal 0.0490418 -0.998797 0
    outer loop
      vertex -14 14 2.98
      vertex -14.7841 13.9615 -0.0199995
      vertex -14 14 -0.0199995
    endloop
  endfacet
  facet normal 0.146733 0.989176 -0
    outer loop
      vertex -14.7841 -1.96148 -0.0199995
      vertex -15.5607 -1.84628 2.98
      vertex -14.7841 -1.96148 2.98
    endloop
  endfacet
  facet normal 0.146733 0.989176 0
    outer loop
      vertex -15.5607 -1.84628 2.98
      vertex -14.7841 -1.96148 -0.0199995
      vertex -15.5607 -1.84628 -0.0199995
    endloop
  endfacet
  facet normal 0.427562 0.903986 -0
    outer loop
      vertex -17.0615 -1.39104 -0.0199995
      vertex -17.7712 -1.05537 2.98
      vertex -17.0615 -1.39104 2.98
    endloop
  endfacet
  facet normal 0.427562 0.903986 0
    outer loop
      vertex -17.7712 -1.05537 2.98
      vertex -17.0615 -1.39104 -0.0199995
      vertex -17.7712 -1.05537 -0.0199995
    endloop
  endfacet
  facet normal 0.146733 -0.989176 0
    outer loop
      vertex -15.5607 13.8463 -0.0199995
      vertex -14.7841 13.9615 2.98
      vertex -15.5607 13.8463 2.98
    endloop
  endfacet
  facet normal 0.146733 -0.989176 0
    outer loop
      vertex -14.7841 13.9615 2.98
      vertex -15.5607 13.8463 -0.0199995
      vertex -14.7841 13.9615 -0.0199995
    endloop
  endfacet
  facet normal 0.970019 -0.243027 0
    outer loop
      vertex -21.8463 7.56072 2.98
      vertex -21.6555 8.32228 -0.0199995
      vertex -21.6555 8.32228 2.98
    endloop
  endfacet
  facet normal 0.970019 -0.243027 0
    outer loop
      vertex -21.6555 8.32228 -0.0199995
      vertex -21.8463 7.56072 2.98
      vertex -21.8463 7.56072 -0.0199995
    endloop
  endfacet
  facet normal 0.989176 0.146737 0
    outer loop
      vertex -21.8463 4.43928 2.98
      vertex -21.9615 5.21586 -0.0199995
      vertex -21.9615 5.21586 2.98
    endloop
  endfacet
  facet normal 0.989176 0.146737 0
    outer loop
      vertex -21.9615 5.21586 -0.0199995
      vertex -21.8463 4.43928 2.98
      vertex -21.8463 4.43928 -0.0199995
    endloop
  endfacet
  facet normal -0.336879 0.941548 0
    outer loop
      vertex -10.9385 -1.39104 -0.0199995
      vertex -11.6777 -1.65552 2.98
      vertex -10.9385 -1.39104 2.98
    endloop
  endfacet
  facet normal -0.336879 0.941548 0
    outer loop
      vertex -11.6777 -1.65552 2.98
      vertex -10.9385 -1.39104 -0.0199995
      vertex -11.6777 -1.65552 -0.0199995
    endloop
  endfacet
  facet normal -0.242967 0.970035 0
    outer loop
      vertex -11.6777 -1.65552 -0.0199995
      vertex -12.4393 -1.84628 2.98
      vertex -11.6777 -1.65552 2.98
    endloop
  endfacet
  facet normal -0.242967 0.970035 0
    outer loop
      vertex -12.4393 -1.84628 2.98
      vertex -11.6777 -1.65552 -0.0199995
      vertex -12.4393 -1.84628 -0.0199995
    endloop
  endfacet
  facet normal 0.74097 0.671538 0
    outer loop
      vertex -19.6569 0.343145 2.98
      vertex -20.1841 0.924853 -0.0199995
      vertex -20.1841 0.924853 2.98
    endloop
  endfacet
  facet normal 0.74097 0.671538 0
    outer loop
      vertex -20.1841 0.924853 -0.0199995
      vertex -19.6569 0.343145 2.98
      vertex -19.6569 0.343145 -0.0199995
    endloop
  endfacet
  facet normal 0.90402 0.427489 0
    outer loop
      vertex -21.0554 2.22883 2.98
      vertex -21.391 2.93853 -0.0199995
      vertex -21.391 2.93853 2.98
    endloop
  endfacet
  facet normal 0.90402 0.427489 0
    outer loop
      vertex -21.391 2.93853 -0.0199995
      vertex -21.0554 2.22883 2.98
      vertex -21.0554 2.22883 -0.0199995
    endloop
  endfacet
  facet normal 0.595751 0.80317 -0
    outer loop
      vertex -18.4446 -0.651756 -0.0199995
      vertex -19.0751 -0.184083 2.98
      vertex -18.4446 -0.651756 2.98
    endloop
  endfacet
  facet normal 0.595751 0.80317 0
    outer loop
      vertex -19.0751 -0.184083 2.98
      vertex -18.4446 -0.651756 -0.0199995
      vertex -19.0751 -0.184083 -0.0199995
    endloop
  endfacet
  facet normal -0.903986 0.427562 0
    outer loop
      vertex -6.94463 2.22883 -0.0199995
      vertex -6.60896 2.93853 2.98
      vertex -6.60896 2.93853 -0.0199995
    endloop
  endfacet
  facet normal -0.903986 0.427562 0
    outer loop
      vertex -6.60896 2.93853 2.98
      vertex -6.94463 2.22883 -0.0199995
      vertex -6.94463 2.22883 2.98
    endloop
  endfacet
  facet normal -0.857731 0.514099 0
    outer loop
      vertex -7.34824 1.55544 -0.0199995
      vertex -6.94463 2.22883 2.98
      vertex -6.94463 2.22883 -0.0199995
    endloop
  endfacet
  facet normal -0.857731 0.514099 0
    outer loop
      vertex -6.94463 2.22883 2.98
      vertex -7.34824 1.55544 -0.0199995
      vertex -7.34824 1.55544 2.98
    endloop
  endfacet
  facet normal 0.741023 -0.67148 0
    outer loop
      vertex -20.1841 11.0751 2.98
      vertex -19.6569 11.6569 -0.0199995
      vertex -19.6569 11.6569 2.98
    endloop
  endfacet
  facet normal 0.741023 -0.67148 0
    outer loop
      vertex -19.6569 11.6569 -0.0199995
      vertex -20.1841 11.0751 2.98
      vertex -20.1841 11.0751 -0.0199995
    endloop
  endfacet
  facet normal 0.0490672 0.998795 -0
    outer loop
      vertex -14 -2 -0.0199995
      vertex -14.7841 -1.96148 2.98
      vertex -14 -2 2.98
    endloop
  endfacet
  facet normal 0.0490672 0.998795 0
    outer loop
      vertex -14.7841 -1.96148 2.98
      vertex -14 -2 -0.0199995
      vertex -14.7841 -1.96148 -0.0199995
    endloop
  endfacet
  facet normal 0.998797 -0.0490393 0
    outer loop
      vertex -22 6 2.98
      vertex -21.9615 6.78414 -0.0199995
      vertex -21.9615 6.78414 2.98
    endloop
  endfacet
  facet normal 0.998797 -0.0490393 0
    outer loop
      vertex -21.9615 6.78414 -0.0199995
      vertex -22 6 2.98
      vertex -22 6 -0.0199995
    endloop
  endfacet
  facet normal 0.336879 0.941548 -0
    outer loop
      vertex -16.3223 -1.65552 -0.0199995
      vertex -17.0615 -1.39104 2.98
      vertex -16.3223 -1.65552 2.98
    endloop
  endfacet
  facet normal 0.336879 0.941548 0
    outer loop
      vertex -17.0615 -1.39104 2.98
      vertex -16.3223 -1.65552 -0.0199995
      vertex -17.0615 -1.39104 -0.0199995
    endloop
  endfacet
  facet normal -0.671563 0.740947 0
    outer loop
      vertex -8.34315 0.343145 -0.0199995
      vertex -8.92485 -0.184083 2.98
      vertex -8.34315 0.343145 2.98
    endloop
  endfacet
  facet normal -0.671563 0.740947 0
    outer loop
      vertex -8.92485 -0.184083 2.98
      vertex -8.34315 0.343145 -0.0199995
      vertex -8.92485 -0.184083 -0.0199995
    endloop
  endfacet
  facet normal -0.97003 0 -0.242985
    outer loop
      vertex 4.66925 20 12.5121
      vertex 4.6311 23 12.6644
      vertex 4.66925 23 12.5121
    endloop
  endfacet
  facet normal -0.97003 -0 -0.242985
    outer loop
      vertex 4.6311 23 12.6644
      vertex 4.66925 20 12.5121
      vertex 4.6311 20 12.6644
    endloop
  endfacet
  facet normal -0.242671 0 0.970109
    outer loop
      vertex 3.41214 23 10.2308
      vertex 3.56445 20 10.2689
      vertex 3.56445 23 10.2689
    endloop
  endfacet
  facet normal -0.242671 0 0.970109
    outer loop
      vertex 3.56445 20 10.2689
      vertex 3.41214 23 10.2308
      vertex 3.41214 20 10.2308
    endloop
  endfacet
  facet normal -0 0 1
    outer loop
      vertex 0 23 10.2
      vertex 3.09999 20 10.2
      vertex 3.09999 23 10.2
    endloop
  endfacet
  facet normal 0 0 1
    outer loop
      vertex 3.09999 20 10.2
      vertex 0 23 10.2
      vertex 0 20 10.2
    endloop
  endfacet
  facet normal -0.741137 0 -0.671353
    outer loop
      vertex 4.33681 20 13.215
      vertex 4.23137 23 13.3314
      vertex 4.33681 23 13.215
    endloop
  endfacet
  facet normal -0.741137 -0 -0.671353
    outer loop
      vertex 4.23137 23 13.3314
      vertex 4.33681 20 13.215
      vertex 4.23137 20 13.3314
    endloop
  endfacet
  facet normal -0.97003 0 0.242985
    outer loop
      vertex 4.6311 20 11.3356
      vertex 4.66925 23 11.4879
      vertex 4.6311 23 11.3356
    endloop
  endfacet
  facet normal -0.97003 0 0.242985
    outer loop
      vertex 4.66925 23 11.4879
      vertex 4.6311 20 11.3356
      vertex 4.66925 20 11.4879
    endloop
  endfacet
  facet normal -0.427361 0 0.904081
    outer loop
      vertex 3.71228 23 10.3218
      vertex 3.85423 20 10.3889
      vertex 3.85423 23 10.3889
    endloop
  endfacet
  facet normal -0.427361 0 0.904081
    outer loop
      vertex 3.85423 20 10.3889
      vertex 3.71228 23 10.3218
      vertex 3.71228 20 10.3218
    endloop
  endfacet
  facet normal -0.998793 0 0.0491116
    outer loop
      vertex 4.69229 20 11.6432
      vertex 4.7 23 11.8
      vertex 4.69229 23 11.6432
    endloop
  endfacet
  facet normal -0.998793 0 0.0491116
    outer loop
      vertex 4.7 23 11.8
      vertex 4.69229 20 11.6432
      vertex 4.7 20 11.8
    endloop
  endfacet
  facet normal -0.857774 0 -0.514027
    outer loop
      vertex 4.51106 20 12.9542
      vertex 4.43034 23 13.0889
      vertex 4.51106 23 12.9542
    endloop
  endfacet
  facet normal -0.857774 -0 -0.514027
    outer loop
      vertex 4.43034 23 13.0889
      vertex 4.51106 20 12.9542
      vertex 4.43034 20 13.0889
    endloop
  endfacet
  facet normal -0.903925 0 -0.427692
    outer loop
      vertex 4.5782 20 12.8123
      vertex 4.51106 23 12.9542
      vertex 4.5782 23 12.8123
    endloop
  endfacet
  facet normal -0.903925 -0 -0.427692
    outer loop
      vertex 4.51106 23 12.9542
      vertex 4.5782 20 12.8123
      vertex 4.51106 20 12.9542
    endloop
  endfacet
  facet normal -1 0 0
    outer loop
      vertex 4.7 20 11.8
      vertex 4.7 23 12.2
      vertex 4.7 23 11.8
    endloop
  endfacet
  facet normal -1 -0 0
    outer loop
      vertex 4.7 23 12.2
      vertex 4.7 20 11.8
      vertex 4.7 20 12.2
    endloop
  endfacet
  facet normal -0.671372 0 -0.741121
    outer loop
      vertex 4.11502 20 13.4368
      vertex 4.23137 23 13.3314
      vertex 4.23137 20 13.3314
    endloop
  endfacet
  facet normal -0.671372 0 -0.741121
    outer loop
      vertex 4.23137 23 13.3314
      vertex 4.11502 20 13.4368
      vertex 4.11502 23 13.4368
    endloop
  endfacet
  facet normal -0.941583 0 0.33678
    outer loop
      vertex 4.5782 20 11.1877
      vertex 4.6311 23 11.3356
      vertex 4.5782 23 11.1877
    endloop
  endfacet
  facet normal -0.941583 0 0.33678
    outer loop
      vertex 4.6311 23 11.3356
      vertex 4.5782 20 11.1877
      vertex 4.6311 20 11.3356
    endloop
  endfacet
  facet normal -0.998793 0 -0.0491116
    outer loop
      vertex 4.7 20 12.2
      vertex 4.69229 23 12.3568
      vertex 4.7 23 12.2
    endloop
  endfacet
  facet normal -0.998793 -0 -0.0491116
    outer loop
      vertex 4.69229 23 12.3568
      vertex 4.7 20 12.2
      vertex 4.69229 20 12.3568
    endloop
  endfacet
  facet normal -0.514458 0 -0.857515
    outer loop
      vertex 3.85423 20 13.6111
      vertex 3.98891 23 13.5303
      vertex 3.98891 20 13.5303
    endloop
  endfacet
  facet normal -0.514458 0 -0.857515
    outer loop
      vertex 3.98891 23 13.5303
      vertex 3.85423 20 13.6111
      vertex 3.85423 23 13.6111
    endloop
  endfacet
  facet normal -0.242671 0 -0.970109
    outer loop
      vertex 3.41214 20 13.7692
      vertex 3.56445 23 13.7311
      vertex 3.56445 20 13.7311
    endloop
  endfacet
  facet normal -0.242671 0 -0.970109
    outer loop
      vertex 3.56445 23 13.7311
      vertex 3.41214 20 13.7692
      vertex 3.41214 23 13.7692
    endloop
  endfacet
  facet normal -0.903925 0 0.427692
    outer loop
      vertex 4.51106 20 11.0458
      vertex 4.5782 23 11.1877
      vertex 4.51106 23 11.0458
    endloop
  endfacet
  facet normal -0.903925 0 0.427692
    outer loop
      vertex 4.5782 23 11.1877
      vertex 4.51106 20 11.0458
      vertex 4.5782 20 11.1877
    endloop
  endfacet
  facet normal -0.941583 0 -0.33678
    outer loop
      vertex 4.6311 20 12.6644
      vertex 4.5782 23 12.8123
      vertex 4.6311 23 12.6644
    endloop
  endfacet
  facet normal -0.941583 -0 -0.33678
    outer loop
      vertex 4.5782 23 12.8123
      vertex 4.6311 20 12.6644
      vertex 4.5782 20 12.8123
    endloop
  endfacet
  facet normal 0 0 -1
    outer loop
      vertex 0 20 13.8
      vertex 3.09999 23 13.8
      vertex 3.09999 20 13.8
    endloop
  endfacet
  facet normal -0 0 -1
    outer loop
      vertex 3.09999 23 13.8
      vertex 0 20 13.8
      vertex 0 23 13.8
    endloop
  endfacet
  facet normal -0.0490387 0 -0.998797
    outer loop
      vertex 3.09999 20 13.8
      vertex 3.25682 23 13.7923
      vertex 3.25682 20 13.7923
    endloop
  endfacet
  facet normal -0.0490387 0 -0.998797
    outer loop
      vertex 3.25682 23 13.7923
      vertex 3.09999 20 13.8
      vertex 3.09999 23 13.8
    endloop
  endfacet
  facet normal -0.147107 0 -0.989121
    outer loop
      vertex 3.25682 20 13.7923
      vertex 3.41214 23 13.7692
      vertex 3.41214 20 13.7692
    endloop
  endfacet
  facet normal -0.147107 0 -0.989121
    outer loop
      vertex 3.41214 23 13.7692
      vertex 3.25682 20 13.7923
      vertex 3.25682 23 13.7923
    endloop
  endfacet
  facet normal -0.514458 0 0.857515
    outer loop
      vertex 3.85423 23 10.3889
      vertex 3.98891 20 10.4697
      vertex 3.98891 23 10.4697
    endloop
  endfacet
  facet normal -0.514458 0 0.857515
    outer loop
      vertex 3.98891 20 10.4697
      vertex 3.85423 23 10.3889
      vertex 3.85423 20 10.3889
    endloop
  endfacet
  facet normal -0.803184 0 -0.595732
    outer loop
      vertex 4.43034 20 13.0889
      vertex 4.33681 23 13.215
      vertex 4.43034 23 13.0889
    endloop
  endfacet
  facet normal -0.803184 -0 -0.595732
    outer loop
      vertex 4.33681 23 13.215
      vertex 4.43034 20 13.0889
      vertex 4.33681 20 13.215
    endloop
  endfacet
  facet normal -0.0490387 0 0.998797
    outer loop
      vertex 3.09999 23 10.2
      vertex 3.25682 20 10.2077
      vertex 3.25682 23 10.2077
    endloop
  endfacet
  facet normal -0.0490387 0 0.998797
    outer loop
      vertex 3.25682 20 10.2077
      vertex 3.09999 23 10.2
      vertex 3.09999 20 10.2
    endloop
  endfacet
  facet normal -0.989173 0 -0.146752
    outer loop
      vertex 4.69229 20 12.3568
      vertex 4.66925 23 12.5121
      vertex 4.69229 23 12.3568
    endloop
  endfacet
  facet normal -0.989173 -0 -0.146752
    outer loop
      vertex 4.66925 23 12.5121
      vertex 4.69229 20 12.3568
      vertex 4.66925 20 12.5121
    endloop
  endfacet
  facet normal -0.857774 0 0.514027
    outer loop
      vertex 4.43034 20 10.9111
      vertex 4.51106 23 11.0458
      vertex 4.43034 23 10.9111
    endloop
  endfacet
  facet normal -0.857774 0 0.514027
    outer loop
      vertex 4.51106 23 11.0458
      vertex 4.43034 20 10.9111
      vertex 4.51106 20 11.0458
    endloop
  endfacet
  facet normal -0.989173 0 0.146752
    outer loop
      vertex 4.66925 20 11.4879
      vertex 4.69229 23 11.6432
      vertex 4.66925 23 11.4879
    endloop
  endfacet
  facet normal -0.989173 0 0.146752
    outer loop
      vertex 4.69229 23 11.6432
      vertex 4.66925 20 11.4879
      vertex 4.69229 20 11.6432
    endloop
  endfacet
  facet normal -0.147107 0 0.989121
    outer loop
      vertex 3.25682 23 10.2077
      vertex 3.41214 20 10.2308
      vertex 3.41214 23 10.2308
    endloop
  endfacet
  facet normal -0.147107 0 0.989121
    outer loop
      vertex 3.41214 20 10.2308
      vertex 3.25682 23 10.2077
      vertex 3.25682 20 10.2077
    endloop
  endfacet
  facet normal -0.595578 0 -0.803298
    outer loop
      vertex 3.98891 20 13.5303
      vertex 4.11502 23 13.4368
      vertex 4.11502 20 13.4368
    endloop
  endfacet
  facet normal -0.595578 0 -0.803298
    outer loop
      vertex 4.11502 23 13.4368
      vertex 3.98891 20 13.5303
      vertex 3.98891 23 13.5303
    endloop
  endfacet
  facet normal -0.336921 0 0.941533
    outer loop
      vertex 3.56445 23 10.2689
      vertex 3.71228 20 10.3218
      vertex 3.71228 23 10.3218
    endloop
  endfacet
  facet normal -0.336921 0 0.941533
    outer loop
      vertex 3.71228 20 10.3218
      vertex 3.56445 23 10.2689
      vertex 3.56445 20 10.2689
    endloop
  endfacet
  facet normal -0.427361 0 -0.904081
    outer loop
      vertex 3.71228 20 13.6782
      vertex 3.85423 23 13.6111
      vertex 3.85423 20 13.6111
    endloop
  endfacet
  facet normal -0.427361 0 -0.904081
    outer loop
      vertex 3.85423 23 13.6111
      vertex 3.71228 20 13.6782
      vertex 3.71228 23 13.6782
    endloop
  endfacet
  facet normal -0.741137 0 0.671353
    outer loop
      vertex 4.23137 20 10.6686
      vertex 4.33681 23 10.785
      vertex 4.23137 23 10.6686
    endloop
  endfacet
  facet normal -0.741137 0 0.671353
    outer loop
      vertex 4.33681 23 10.785
      vertex 4.23137 20 10.6686
      vertex 4.33681 20 10.785
    endloop
  endfacet
  facet normal -0.336921 0 -0.941533
    outer loop
      vertex 3.56445 20 13.7311
      vertex 3.71228 23 13.6782
      vertex 3.71228 20 13.6782
    endloop
  endfacet
  facet normal -0.336921 0 -0.941533
    outer loop
      vertex 3.71228 23 13.6782
      vertex 3.56445 20 13.7311
      vertex 3.56445 23 13.7311
    endloop
  endfacet
  facet normal -0.595578 0 0.803298
    outer loop
      vertex 3.98891 23 10.4697
      vertex 4.11502 20 10.5632
      vertex 4.11502 23 10.5632
    endloop
  endfacet
  facet normal -0.595578 0 0.803298
    outer loop
      vertex 4.11502 20 10.5632
      vertex 3.98891 23 10.4697
      vertex 3.98891 20 10.4697
    endloop
  endfacet
  facet normal -0.671372 0 0.741121
    outer loop
      vertex 4.11502 23 10.5632
      vertex 4.23137 20 10.6686
      vertex 4.23137 23 10.6686
    endloop
  endfacet
  facet normal -0.671372 0 0.741121
    outer loop
      vertex 4.23137 20 10.6686
      vertex 4.11502 23 10.5632
      vertex 4.11502 20 10.5632
    endloop
  endfacet
  facet normal -0.803184 0 0.595732
    outer loop
      vertex 4.33681 20 10.785
      vertex 4.43034 23 10.9111
      vertex 4.33681 23 10.785
    endloop
  endfacet
  facet normal -0.803184 0 0.595732
    outer loop
      vertex 4.43034 23 10.9111
      vertex 4.33681 20 10.785
      vertex 4.43034 20 10.9111
    endloop
  endfacet
  facet normal 0.989172 0.14676 0
    outer loop
      vertex 3.48315 -11.6569 -0.0199995
      vertex 3.43275 -11.3172 -0.02
      vertex 3.43275 -11.3172 -0.0199995
    endloop
  endfacet
  facet normal 0.989172 0.14676 0
    outer loop
      vertex 3.43275 -11.3172 -0.02
      vertex 3.48315 -11.6569 -0.0199995
      vertex 3.48315 -11.6569 -0.02
    endloop
  endfacet
  facet normal 0.989172 0.14676 0
    outer loop
      vertex 3.48315 -11.6569 5.98
      vertex 3.43275 -11.3172 2.98
      vertex 3.43275 -11.3172 5.98
    endloop
  endfacet
  facet normal 0.989172 0.14676 0
    outer loop
      vertex 3.43275 -11.3172 2.98
      vertex 3.48315 -11.6569 5.98
      vertex 3.48315 -11.6569 2.98
    endloop
  endfacet
  facet normal 0.998796 0.0490519 0
    outer loop
      vertex 3.5 -12 -0.0199995
      vertex 3.48315 -11.6569 -0.02
      vertex 3.48315 -11.6569 -0.0199995
    endloop
  endfacet
  facet normal 0.998796 0.0490519 0
    outer loop
      vertex 3.48315 -11.6569 -0.02
      vertex 3.5 -12 -0.0199995
      vertex 3.5 -12 -0.02
    endloop
  endfacet
  facet normal 0.998796 0.0490519 0
    outer loop
      vertex 3.5 -12 5.98
      vertex 3.48315 -11.6569 2.98
      vertex 3.48315 -11.6569 5.98
    endloop
  endfacet
  facet normal 0.998796 0.0490519 0
    outer loop
      vertex 3.48315 -11.6569 2.98
      vertex 3.5 -12 5.98
      vertex 3.5 -12 2.98
    endloop
  endfacet
  facet normal 0.970033 0.242974 0
    outer loop
      vertex 3.43275 -11.3172 -0.0199995
      vertex 3.34929 -10.984 -0.02
      vertex 3.34929 -10.984 -0.0199995
    endloop
  endfacet
  facet normal 0.970033 0.242974 0
    outer loop
      vertex 3.34929 -10.984 -0.02
      vertex 3.43275 -11.3172 -0.0199995
      vertex 3.43275 -11.3172 -0.02
    endloop
  endfacet
  facet normal 0.970033 0.242974 0
    outer loop
      vertex 3.43275 -11.3172 5.98
      vertex 3.34929 -10.984 2.98
      vertex 3.34929 -10.984 5.98
    endloop
  endfacet
  facet normal 0.970033 0.242974 0
    outer loop
      vertex 3.34929 -10.984 2.98
      vertex 3.43275 -11.3172 5.98
      vertex 3.43275 -11.3172 2.98
    endloop
  endfacet
  facet normal 0.595687 -0.803217 0
    outer loop
      vertex 1.9445 -14.9101 2.98
      vertex 2.22038 -14.7055 5.98
      vertex 1.9445 -14.9101 5.98
    endloop
  endfacet
  facet normal 0.595687 -0.803217 0
    outer loop
      vertex 2.22038 -14.7055 5.98
      vertex 1.9445 -14.9101 2.98
      vertex 2.22038 -14.7055 2.98
    endloop
  endfacet
  facet normal 0.595687 -0.803217 0
    outer loop
      vertex 1.9445 -14.9101 -0.02
      vertex 2.22038 -14.7055 -0.0199995
      vertex 1.9445 -14.9101 -0.0199995
    endloop
  endfacet
  facet normal 0.595687 -0.803217 0
    outer loop
      vertex 2.22038 -14.7055 -0.0199995
      vertex 1.9445 -14.9101 -0.02
      vertex 2.22038 -14.7055 -0.02
    endloop
  endfacet
  facet normal 0.427661 -0.903939 0
    outer loop
      vertex 1.33939 -15.2336 -0.02
      vertex 1.64989 -15.0867 -0.0199995
      vertex 1.33939 -15.2336 -0.0199995
    endloop
  endfacet
  facet normal 0.427661 -0.903939 0
    outer loop
      vertex 1.64989 -15.0867 -0.0199995
      vertex 1.33939 -15.2336 -0.02
      vertex 1.64989 -15.0867 -0.02
    endloop
  endfacet
  facet normal 0.427661 -0.903939 0
    outer loop
      vertex 1.33939 -15.2336 2.98
      vertex 1.64989 -15.0867 5.98
      vertex 1.33939 -15.2336 5.98
    endloop
  endfacet
  facet normal 0.427661 -0.903939 0
    outer loop
      vertex 1.64989 -15.0867 5.98
      vertex 1.33939 -15.2336 2.98
      vertex 1.64989 -15.0867 2.98
    endloop
  endfacet
  facet normal -0.671469 -0.741033 0
    outer loop
      vertex -2.47487 -14.4749 2.98
      vertex -2.22038 -14.7055 5.98
      vertex -2.47487 -14.4749 5.98
    endloop
  endfacet
  facet normal -0.671469 -0.741033 -0
    outer loop
      vertex -2.22038 -14.7055 5.98
      vertex -2.47487 -14.4749 2.98
      vertex -2.22038 -14.7055 2.98
    endloop
  endfacet
  facet normal -0.671469 -0.741033 0
    outer loop
      vertex -2.47487 -14.4749 -0.02
      vertex -2.22038 -14.7055 -0.0199995
      vertex -2.47487 -14.4749 -0.0199995
    endloop
  endfacet
  facet normal -0.671469 -0.741033 -0
    outer loop
      vertex -2.22038 -14.7055 -0.0199995
      vertex -2.47487 -14.4749 -0.02
      vertex -2.22038 -14.7055 -0.02
    endloop
  endfacet
  facet normal 0.514098 0.857732 -0
    outer loop
      vertex 1.9445 -9.08986 2.98
      vertex 1.64989 -8.91328 5.98
      vertex 1.9445 -9.08986 5.98
    endloop
  endfacet
  facet normal 0.514098 0.857732 0
    outer loop
      vertex 1.64989 -8.91328 5.98
      vertex 1.9445 -9.08986 2.98
      vertex 1.64989 -8.91328 2.98
    endloop
  endfacet
  facet normal 0.514098 0.857732 -0
    outer loop
      vertex 1.9445 -9.08986 -0.02
      vertex 1.64989 -8.91328 -0.0199995
      vertex 1.9445 -9.08986 -0.0199995
    endloop
  endfacet
  facet normal 0.514098 0.857732 0
    outer loop
      vertex 1.64989 -8.91328 -0.0199995
      vertex 1.9445 -9.08986 -0.02
      vertex 1.64989 -8.91328 -0.02
    endloop
  endfacet
  facet normal -0.146736 -0.989176 0
    outer loop
      vertex -0.682816 -15.4327 -0.02
      vertex -0.34306 -15.4831 -0.0199995
      vertex -0.682816 -15.4327 -0.0199995
    endloop
  endfacet
  facet normal -0.146736 -0.989176 -0
    outer loop
      vertex -0.34306 -15.4831 -0.0199995
      vertex -0.682816 -15.4327 -0.02
      vertex -0.34306 -15.4831 -0.02
    endloop
  endfacet
  facet normal -0.146736 -0.989176 0
    outer loop
      vertex -0.682816 -15.4327 2.98
      vertex -0.34306 -15.4831 5.98
      vertex -0.682816 -15.4327 5.98
    endloop
  endfacet
  facet normal -0.146736 -0.989176 -0
    outer loop
      vertex -0.34306 -15.4831 5.98
      vertex -0.682816 -15.4327 2.98
      vertex -0.34306 -15.4831 2.98
    endloop
  endfacet
  facet normal -0.242985 0.97003 0
    outer loop
      vertex -0.682816 -8.56725 -0.02
      vertex -1.016 -8.65071 -0.0199995
      vertex -0.682816 -8.56725 -0.0199995
    endloop
  endfacet
  facet normal -0.242985 0.97003 0
    outer loop
      vertex -1.016 -8.65071 -0.0199995
      vertex -0.682816 -8.56725 -0.02
      vertex -1.016 -8.65071 -0.02
    endloop
  endfacet
  facet normal -0.242985 0.97003 0
    outer loop
      vertex -0.682816 -8.56725 2.98
      vertex -1.016 -8.65071 5.98
      vertex -0.682816 -8.56725 5.98
    endloop
  endfacet
  facet normal -0.242985 0.97003 0
    outer loop
      vertex -1.016 -8.65071 5.98
      vertex -0.682816 -8.56725 2.98
      vertex -1.016 -8.65071 2.98
    endloop
  endfacet
  facet normal 0.740931 0.671581 0
    outer loop
      vertex 2.70554 -9.77962 -0.0199995
      vertex 2.47487 -9.52513 -0.02
      vertex 2.47487 -9.52513 -0.0199995
    endloop
  endfacet
  facet normal 0.740931 0.671581 0
    outer loop
      vertex 2.47487 -9.52513 -0.02
      vertex 2.70554 -9.77962 -0.0199995
      vertex 2.70554 -9.77962 -0.02
    endloop
  endfacet
  facet normal 0.740931 0.671581 0
    outer loop
      vertex 2.70554 -9.77962 5.98
      vertex 2.47487 -9.52513 2.98
      vertex 2.47487 -9.52513 5.98
    endloop
  endfacet
  facet normal 0.740931 0.671581 0
    outer loop
      vertex 2.47487 -9.52513 2.98
      vertex 2.70554 -9.77962 5.98
      vertex 2.70554 -9.77962 2.98
    endloop
  endfacet
  facet normal -0.970033 -0.242974 0
    outer loop
      vertex -3.34929 -13.016 -0.02
      vertex -3.43275 -12.6828 -0.0199995
      vertex -3.43275 -12.6828 -0.02
    endloop
  endfacet
  facet normal -0.970033 -0.242974 0
    outer loop
      vertex -3.43275 -12.6828 -0.0199995
      vertex -3.34929 -13.016 -0.02
      vertex -3.34929 -13.016 -0.0199995
    endloop
  endfacet
  facet normal -0.970033 -0.242974 0
    outer loop
      vertex -3.34929 -13.016 2.98
      vertex -3.43275 -12.6828 5.98
      vertex -3.43275 -12.6828 2.98
    endloop
  endfacet
  facet normal -0.970033 -0.242974 0
    outer loop
      vertex -3.43275 -12.6828 5.98
      vertex -3.34929 -13.016 2.98
      vertex -3.34929 -13.016 5.98
    endloop
  endfacet
  facet normal 0.857724 0.51411 0
    outer loop
      vertex 3.08672 -10.3501 -0.0199995
      vertex 2.91014 -10.0555 -0.02
      vertex 2.91014 -10.0555 -0.0199995
    endloop
  endfacet
  facet normal 0.857724 0.51411 0
    outer loop
      vertex 2.91014 -10.0555 -0.02
      vertex 3.08672 -10.3501 -0.0199995
      vertex 3.08672 -10.3501 -0.02
    endloop
  endfacet
  facet normal 0.857724 0.51411 0
    outer loop
      vertex 3.08672 -10.3501 5.98
      vertex 2.91014 -10.0555 2.98
      vertex 2.91014 -10.0555 5.98
    endloop
  endfacet
  facet normal 0.857724 0.51411 0
    outer loop
      vertex 2.91014 -10.0555 2.98
      vertex 3.08672 -10.3501 5.98
      vertex 3.08672 -10.3501 2.98
    endloop
  endfacet
  facet normal 0.671581 0.740931 -0
    outer loop
      vertex 2.47487 -9.52513 -0.02
      vertex 2.22038 -9.29446 -0.0199995
      vertex 2.47487 -9.52513 -0.0199995
    endloop
  endfacet
  facet normal 0.671581 0.740931 0
    outer loop
      vertex 2.22038 -9.29446 -0.0199995
      vertex 2.47487 -9.52513 -0.02
      vertex 2.22038 -9.29446 -0.02
    endloop
  endfacet
  facet normal 0.671581 0.740931 -0
    outer loop
      vertex 2.47487 -9.52513 2.98
      vertex 2.22038 -9.29446 5.98
      vertex 2.47487 -9.52513 5.98
    endloop
  endfacet
  facet normal 0.671581 0.740931 0
    outer loop
      vertex 2.22038 -9.29446 5.98
      vertex 2.47487 -9.52513 2.98
      vertex 2.22038 -9.29446 2.98
    endloop
  endfacet
  facet normal -0.941548 -0.336879 0
    outer loop
      vertex -3.23358 -13.3394 2.98
      vertex -3.34929 -13.016 5.98
      vertex -3.34929 -13.016 2.98
    endloop
  endfacet
  facet normal -0.941548 -0.336879 0
    outer loop
      vertex -3.34929 -13.016 5.98
      vertex -3.23358 -13.3394 2.98
      vertex -3.23358 -13.3394 5.98
    endloop
  endfacet
  facet normal -0.941548 -0.336879 0
    outer loop
      vertex -3.23358 -13.3394 -0.02
      vertex -3.34929 -13.016 -0.0199995
      vertex -3.34929 -13.016 -0.02
    endloop
  endfacet
  facet normal -0.941548 -0.336879 0
    outer loop
      vertex -3.34929 -13.016 -0.0199995
      vertex -3.23358 -13.3394 -0.02
      vertex -3.23358 -13.3394 -0.0199995
    endloop
  endfacet
  facet normal 0.336862 -0.941554 0
    outer loop
      vertex 1.016 -15.3493 2.98
      vertex 1.33939 -15.2336 5.98
      vertex 1.016 -15.3493 5.98
    endloop
  endfacet
  facet normal 0.336862 -0.941554 0
    outer loop
      vertex 1.33939 -15.2336 5.98
      vertex 1.016 -15.3493 2.98
      vertex 1.33939 -15.2336 2.98
    endloop
  endfacet
  facet normal 0.336862 -0.941554 0
    outer loop
      vertex 1.016 -15.3493 -0.02
      vertex 1.33939 -15.2336 -0.0199995
      vertex 1.016 -15.3493 -0.0199995
    endloop
  endfacet
  facet normal 0.336862 -0.941554 0
    outer loop
      vertex 1.33939 -15.2336 -0.0199995
      vertex 1.016 -15.3493 -0.02
      vertex 1.33939 -15.2336 -0.02
    endloop
  endfacet
  facet normal 0.941548 0.336879 0
    outer loop
      vertex 3.34929 -10.984 -0.0199995
      vertex 3.23358 -10.6606 -0.02
      vertex 3.23358 -10.6606 -0.0199995
    endloop
  endfacet
  facet normal 0.941548 0.336879 0
    outer loop
      vertex 3.23358 -10.6606 -0.02
      vertex 3.34929 -10.984 -0.0199995
      vertex 3.34929 -10.984 -0.02
    endloop
  endfacet
  facet normal 0.941548 0.336879 0
    outer loop
      vertex 3.34929 -10.984 5.98
      vertex 3.23358 -10.6606 2.98
      vertex 3.23358 -10.6606 5.98
    endloop
  endfacet
  facet normal 0.941548 0.336879 0
    outer loop
      vertex 3.23358 -10.6606 2.98
      vertex 3.34929 -10.984 5.98
      vertex 3.34929 -10.984 2.98
    endloop
  endfacet
  facet normal -0.998796 -0.0490519 0
    outer loop
      vertex -3.48315 -12.3431 -0.02
      vertex -3.5 -12 -0.0199995
      vertex -3.5 -12 -0.02
    endloop
  endfacet
  facet normal -0.998796 -0.0490519 0
    outer loop
      vertex -3.5 -12 -0.0199995
      vertex -3.48315 -12.3431 -0.02
      vertex -3.48315 -12.3431 -0.0199995
    endloop
  endfacet
  facet normal -0.998796 -0.0490519 0
    outer loop
      vertex -3.48315 -12.3431 2.98
      vertex -3.5 -12 5.98
      vertex -3.5 -12 2.98
    endloop
  endfacet
  facet normal -0.998796 -0.0490519 0
    outer loop
      vertex -3.5 -12 5.98
      vertex -3.48315 -12.3431 2.98
      vertex -3.48315 -12.3431 5.98
    endloop
  endfacet
  facet normal -0.0490576 0.998796 0
    outer loop
      vertex 0 -8.5 2.98
      vertex -0.34306 -8.51685 5.98
      vertex 0 -8.5 5.98
    endloop
  endfacet
  facet normal -0.0490576 0.998796 0
    outer loop
      vertex -0.34306 -8.51685 5.98
      vertex 0 -8.5 2.98
      vertex -0.34306 -8.51685 2.98
    endloop
  endfacet
  facet normal -0.0490576 0.998796 0
    outer loop
      vertex 0 -8.5 -0.02
      vertex -0.34306 -8.51685 -0.0199995
      vertex 0 -8.5 -0.0199995
    endloop
  endfacet
  facet normal -0.0490576 0.998796 0
    outer loop
      vertex -0.34306 -8.51685 -0.0199995
      vertex 0 -8.5 -0.02
      vertex -0.34306 -8.51685 -0.02
    endloop
  endfacet
  facet normal 0.903984 -0.427566 0
    outer loop
      vertex 3.08672 -13.6499 5.98
      vertex 3.23358 -13.3394 2.98
      vertex 3.23358 -13.3394 5.98
    endloop
  endfacet
  facet normal 0.903984 -0.427566 0
    outer loop
      vertex 3.23358 -13.3394 2.98
      vertex 3.08672 -13.6499 5.98
      vertex 3.08672 -13.6499 2.98
    endloop
  endfacet
  facet normal 0.903984 -0.427566 0
    outer loop
      vertex 3.08672 -13.6499 -0.0199995
      vertex 3.23358 -13.3394 -0.02
      vertex 3.23358 -13.3394 -0.0199995
    endloop
  endfacet
  facet normal 0.903984 -0.427566 0
    outer loop
      vertex 3.23358 -13.3394 -0.02
      vertex 3.08672 -13.6499 -0.0199995
      vertex 3.08672 -13.6499 -0.02
    endloop
  endfacet
  facet normal 0.595687 0.803217 -0
    outer loop
      vertex 2.22038 -9.29446 2.98
      vertex 1.9445 -9.08986 5.98
      vertex 2.22038 -9.29446 5.98
    endloop
  endfacet
  facet normal 0.595687 0.803217 0
    outer loop
      vertex 1.9445 -9.08986 5.98
      vertex 2.22038 -9.29446 2.98
      vertex 1.9445 -9.08986 2.98
    endloop
  endfacet
  facet normal 0.595687 0.803217 -0
    outer loop
      vertex 2.22038 -9.29446 -0.02
      vertex 1.9445 -9.08986 -0.0199995
      vertex 2.22038 -9.29446 -0.0199995
    endloop
  endfacet
  facet normal 0.595687 0.803217 0
    outer loop
      vertex 1.9445 -9.08986 -0.0199995
      vertex 2.22038 -9.29446 -0.02
      vertex 1.9445 -9.08986 -0.02
    endloop
  endfacet
  facet normal 0.998796 -0.0490519 0
    outer loop
      vertex 3.48315 -12.3431 5.98
      vertex 3.5 -12 2.98
      vertex 3.5 -12 5.98
    endloop
  endfacet
  facet normal 0.998796 -0.0490519 0
    outer loop
      vertex 3.5 -12 2.98
      vertex 3.48315 -12.3431 5.98
      vertex 3.48315 -12.3431 2.98
    endloop
  endfacet
  facet normal 0.998796 -0.0490519 0
    outer loop
      vertex 3.48315 -12.3431 -0.0199995
      vertex 3.5 -12 -0.02
      vertex 3.5 -12 -0.0199995
    endloop
  endfacet
  facet normal 0.998796 -0.0490519 0
    outer loop
      vertex 3.5 -12 -0.02
      vertex 3.48315 -12.3431 -0.0199995
      vertex 3.48315 -12.3431 -0.02
    endloop
  endfacet
  facet normal -0.336862 -0.941554 0
    outer loop
      vertex -1.33939 -15.2336 -0.02
      vertex -1.016 -15.3493 -0.0199995
      vertex -1.33939 -15.2336 -0.0199995
    endloop
  endfacet
  facet normal -0.336862 -0.941554 -0
    outer loop
      vertex -1.016 -15.3493 -0.0199995
      vertex -1.33939 -15.2336 -0.02
      vertex -1.016 -15.3493 -0.02
    endloop
  endfacet
  facet normal -0.336862 -0.941554 0
    outer loop
      vertex -1.33939 -15.2336 2.98
      vertex -1.016 -15.3493 5.98
      vertex -1.33939 -15.2336 5.98
    endloop
  endfacet
  facet normal -0.336862 -0.941554 -0
    outer loop
      vertex -1.016 -15.3493 5.98
      vertex -1.33939 -15.2336 2.98
      vertex -1.016 -15.3493 2.98
    endloop
  endfacet
  facet normal -0.0492029 -0.998789 0
    outer loop
      vertex -0.34306 -15.4831 -0.02
      vertex 0 -15.5 -0.0199995
      vertex -0.34306 -15.4831 -0.0199995
    endloop
  endfacet
  facet normal -0.0492029 -0.998789 -0
    outer loop
      vertex 0 -15.5 -0.0199995
      vertex -0.34306 -15.4831 -0.02
      vertex 0 -15.5 -0.02
    endloop
  endfacet
  facet normal -0.0492029 -0.998789 0
    outer loop
      vertex -0.34306 -15.4831 2.98
      vertex 0 -15.5 5.98
      vertex -0.34306 -15.4831 5.98
    endloop
  endfacet
  facet normal -0.0492029 -0.998789 -0
    outer loop
      vertex 0 -15.5 5.98
      vertex -0.34306 -15.4831 2.98
      vertex 0 -15.5 2.98
    endloop
  endfacet
  facet normal 0.0492029 -0.998789 0
    outer loop
      vertex 0 -15.5 -0.02
      vertex 0.34306 -15.4831 -0.0199995
      vertex 0 -15.5 -0.0199995
    endloop
  endfacet
  facet normal 0.0492029 -0.998789 0
    outer loop
      vertex 0.34306 -15.4831 -0.0199995
      vertex 0 -15.5 -0.02
      vertex 0.34306 -15.4831 -0.02
    endloop
  endfacet
  facet normal 0.0492029 -0.998789 0
    outer loop
      vertex 0 -15.5 2.98
      vertex 0.34306 -15.4831 5.98
      vertex 0 -15.5 5.98
    endloop
  endfacet
  facet normal 0.0492029 -0.998789 0
    outer loop
      vertex 0.34306 -15.4831 5.98
      vertex 0 -15.5 2.98
      vertex 0.34306 -15.4831 2.98
    endloop
  endfacet
  facet normal 0.803217 0.595687 0
    outer loop
      vertex 2.91014 -10.0555 -0.0199995
      vertex 2.70554 -9.77962 -0.02
      vertex 2.70554 -9.77962 -0.0199995
    endloop
  endfacet
  facet normal 0.803217 0.595687 0
    outer loop
      vertex 2.70554 -9.77962 -0.02
      vertex 2.91014 -10.0555 -0.0199995
      vertex 2.91014 -10.0555 -0.02
    endloop
  endfacet
  facet normal 0.803217 0.595687 0
    outer loop
      vertex 2.91014 -10.0555 5.98
      vertex 2.70554 -9.77962 2.98
      vertex 2.70554 -9.77962 5.98
    endloop
  endfacet
  facet normal 0.803217 0.595687 0
    outer loop
      vertex 2.70554 -9.77962 2.98
      vertex 2.91014 -10.0555 5.98
      vertex 2.91014 -10.0555 2.98
    endloop
  endfacet
  facet normal -0.671581 0.740931 0
    outer loop
      vertex -2.22038 -9.29446 2.98
      vertex -2.47487 -9.52513 5.98
      vertex -2.22038 -9.29446 5.98
    endloop
  endfacet
  facet normal -0.671581 0.740931 0
    outer loop
      vertex -2.47487 -9.52513 5.98
      vertex -2.22038 -9.29446 2.98
      vertex -2.47487 -9.52513 2.98
    endloop
  endfacet
  facet normal -0.671581 0.740931 0
    outer loop
      vertex -2.22038 -9.29446 -0.02
      vertex -2.47487 -9.52513 -0.0199995
      vertex -2.22038 -9.29446 -0.0199995
    endloop
  endfacet
  facet normal -0.671581 0.740931 0
    outer loop
      vertex -2.47487 -9.52513 -0.0199995
      vertex -2.22038 -9.29446 -0.02
      vertex -2.47487 -9.52513 -0.02
    endloop
  endfacet
  facet normal 0.146736 0.989176 -0
    outer loop
      vertex 0.682816 -8.56725 2.98
      vertex 0.34306 -8.51685 5.98
      vertex 0.682816 -8.56725 5.98
    endloop
  endfacet
  facet normal 0.146736 0.989176 0
    outer loop
      vertex 0.34306 -8.51685 5.98
      vertex 0.682816 -8.56725 2.98
      vertex 0.34306 -8.51685 2.98
    endloop
  endfacet
  facet normal 0.146736 0.989176 -0
    outer loop
      vertex 0.682816 -8.56725 -0.02
      vertex 0.34306 -8.51685 -0.0199995
      vertex 0.682816 -8.56725 -0.0199995
    endloop
  endfacet
  facet normal 0.146736 0.989176 0
    outer loop
      vertex 0.34306 -8.51685 -0.0199995
      vertex 0.682816 -8.56725 -0.02
      vertex 0.34306 -8.51685 -0.02
    endloop
  endfacet
  facet normal 0.146736 -0.989176 0
    outer loop
      vertex 0.34306 -15.4831 -0.02
      vertex 0.682816 -15.4327 -0.0199995
      vertex 0.34306 -15.4831 -0.0199995
    endloop
  endfacet
  facet normal 0.146736 -0.989176 0
    outer loop
      vertex 0.682816 -15.4327 -0.0199995
      vertex 0.34306 -15.4831 -0.02
      vertex 0.682816 -15.4327 -0.02
    endloop
  endfacet
  facet normal 0.146736 -0.989176 0
    outer loop
      vertex 0.34306 -15.4831 2.98
      vertex 0.682816 -15.4327 5.98
      vertex 0.34306 -15.4831 5.98
    endloop
  endfacet
  facet normal 0.146736 -0.989176 0
    outer loop
      vertex 0.682816 -15.4327 5.98
      vertex 0.34306 -15.4831 2.98
      vertex 0.682816 -15.4327 2.98
    endloop
  endfacet
  facet normal 0.427566 0.903984 -0
    outer loop
      vertex 1.64989 -8.91328 -0.02
      vertex 1.33939 -8.76642 -0.0199995
      vertex 1.64989 -8.91328 -0.0199995
    endloop
  endfacet
  facet normal 0.427566 0.903984 0
    outer loop
      vertex 1.33939 -8.76642 -0.0199995
      vertex 1.64989 -8.91328 -0.02
      vertex 1.33939 -8.76642 -0.02
    endloop
  endfacet
  facet normal 0.427566 0.903984 -0
    outer loop
      vertex 1.64989 -8.91328 2.98
      vertex 1.33939 -8.76642 5.98
      vertex 1.64989 -8.91328 5.98
    endloop
  endfacet
  facet normal 0.427566 0.903984 0
    outer loop
      vertex 1.33939 -8.76642 5.98
      vertex 1.64989 -8.91328 2.98
      vertex 1.33939 -8.76642 2.98
    endloop
  endfacet
  facet normal 0.941548 -0.336879 0
    outer loop
      vertex 3.23358 -13.3394 5.98
      vertex 3.34929 -13.016 2.98
      vertex 3.34929 -13.016 5.98
    endloop
  endfacet
  facet normal 0.941548 -0.336879 0
    outer loop
      vertex 3.34929 -13.016 2.98
      vertex 3.23358 -13.3394 5.98
      vertex 3.23358 -13.3394 2.98
    endloop
  endfacet
  facet normal 0.941548 -0.336879 0
    outer loop
      vertex 3.23358 -13.3394 -0.0199995
      vertex 3.34929 -13.016 -0.02
      vertex 3.34929 -13.016 -0.0199995
    endloop
  endfacet
  facet normal 0.941548 -0.336879 0
    outer loop
      vertex 3.34929 -13.016 -0.02
      vertex 3.23358 -13.3394 -0.0199995
      vertex 3.23358 -13.3394 -0.02
    endloop
  endfacet
  facet normal 0.740944 -0.671566 0
    outer loop
      vertex 2.47487 -14.4749 -0.0199995
      vertex 2.70554 -14.2204 -0.02
      vertex 2.70554 -14.2204 -0.0199995
    endloop
  endfacet
  facet normal 0.740944 -0.671566 0
    outer loop
      vertex 2.70554 -14.2204 -0.02
      vertex 2.47487 -14.4749 -0.0199995
      vertex 2.47487 -14.4749 -0.02
    endloop
  endfacet
  facet normal 0.740944 -0.671566 0
    outer loop
      vertex 2.47487 -14.4749 5.98
      vertex 2.70554 -14.2204 2.98
      vertex 2.70554 -14.2204 5.98
    endloop
  endfacet
  facet normal 0.740944 -0.671566 0
    outer loop
      vertex 2.70554 -14.2204 2.98
      vertex 2.47487 -14.4749 5.98
      vertex 2.47487 -14.4749 2.98
    endloop
  endfacet
  facet normal -0.740931 0.671581 0
    outer loop
      vertex -2.70554 -9.77962 2.98
      vertex -2.47487 -9.52513 5.98
      vertex -2.47487 -9.52513 2.98
    endloop
  endfacet
  facet normal -0.740931 0.671581 0
    outer loop
      vertex -2.47487 -9.52513 5.98
      vertex -2.70554 -9.77962 2.98
      vertex -2.70554 -9.77962 5.98
    endloop
  endfacet
  facet normal -0.740931 0.671581 0
    outer loop
      vertex -2.70554 -9.77962 -0.02
      vertex -2.47487 -9.52513 -0.0199995
      vertex -2.47487 -9.52513 -0.02
    endloop
  endfacet
  facet normal -0.740931 0.671581 0
    outer loop
      vertex -2.47487 -9.52513 -0.0199995
      vertex -2.70554 -9.77962 -0.02
      vertex -2.70554 -9.77962 -0.0199995
    endloop
  endfacet
  facet normal -0.857724 0.51411 0
    outer loop
      vertex -3.08672 -10.3501 -0.02
      vertex -2.91014 -10.0555 -0.0199995
      vertex -2.91014 -10.0555 -0.02
    endloop
  endfacet
  facet normal -0.857724 0.51411 0
    outer loop
      vertex -2.91014 -10.0555 -0.0199995
      vertex -3.08672 -10.3501 -0.02
      vertex -3.08672 -10.3501 -0.0199995
    endloop
  endfacet
  facet normal -0.857724 0.51411 0
    outer loop
      vertex -3.08672 -10.3501 2.98
      vertex -2.91014 -10.0555 5.98
      vertex -2.91014 -10.0555 2.98
    endloop
  endfacet
  facet normal -0.857724 0.51411 0
    outer loop
      vertex -2.91014 -10.0555 5.98
      vertex -3.08672 -10.3501 2.98
      vertex -3.08672 -10.3501 5.98
    endloop
  endfacet
  facet normal 0.903984 0.427566 0
    outer loop
      vertex 3.23358 -10.6606 -0.0199995
      vertex 3.08672 -10.3501 -0.02
      vertex 3.08672 -10.3501 -0.0199995
    endloop
  endfacet
  facet normal 0.903984 0.427566 0
    outer loop
      vertex 3.08672 -10.3501 -0.02
      vertex 3.23358 -10.6606 -0.0199995
      vertex 3.23358 -10.6606 -0.02
    endloop
  endfacet
  facet normal 0.903984 0.427566 0
    outer loop
      vertex 3.23358 -10.6606 5.98
      vertex 3.08672 -10.3501 2.98
      vertex 3.08672 -10.3501 5.98
    endloop
  endfacet
  facet normal 0.903984 0.427566 0
    outer loop
      vertex 3.08672 -10.3501 2.98
      vertex 3.23358 -10.6606 5.98
      vertex 3.23358 -10.6606 2.98
    endloop
  endfacet
  facet normal -0.514098 0.857732 0
    outer loop
      vertex -1.64989 -8.91328 2.98
      vertex -1.9445 -9.08986 5.98
      vertex -1.64989 -8.91328 5.98
    endloop
  endfacet
  facet normal -0.514098 0.857732 0
    outer loop
      vertex -1.9445 -9.08986 5.98
      vertex -1.64989 -8.91328 2.98
      vertex -1.9445 -9.08986 2.98
    endloop
  endfacet
  facet normal -0.514098 0.857732 0
    outer loop
      vertex -1.64989 -8.91328 -0.02
      vertex -1.9445 -9.08986 -0.0199995
      vertex -1.64989 -8.91328 -0.0199995
    endloop
  endfacet
  facet normal -0.514098 0.857732 0
    outer loop
      vertex -1.9445 -9.08986 -0.0199995
      vertex -1.64989 -8.91328 -0.02
      vertex -1.9445 -9.08986 -0.02
    endloop
  endfacet
  facet normal 0.989172 -0.14676 0
    outer loop
      vertex 3.43275 -12.6828 5.98
      vertex 3.48315 -12.3431 2.98
      vertex 3.48315 -12.3431 5.98
    endloop
  endfacet
  facet normal 0.989172 -0.14676 0
    outer loop
      vertex 3.48315 -12.3431 2.98
      vertex 3.43275 -12.6828 5.98
      vertex 3.43275 -12.6828 2.98
    endloop
  endfacet
  facet normal 0.989172 -0.14676 0
    outer loop
      vertex 3.43275 -12.6828 -0.0199995
      vertex 3.48315 -12.3431 -0.02
      vertex 3.48315 -12.3431 -0.0199995
    endloop
  endfacet
  facet normal 0.989172 -0.14676 0
    outer loop
      vertex 3.48315 -12.3431 -0.02
      vertex 3.43275 -12.6828 -0.0199995
      vertex 3.43275 -12.6828 -0.02
    endloop
  endfacet
  facet normal 0.51414 -0.857706 0
    outer loop
      vertex 1.64989 -15.0867 2.98
      vertex 1.9445 -14.9101 5.98
      vertex 1.64989 -15.0867 5.98
    endloop
  endfacet
  facet normal 0.51414 -0.857706 0
    outer loop
      vertex 1.9445 -14.9101 5.98
      vertex 1.64989 -15.0867 2.98
      vertex 1.9445 -14.9101 2.98
    endloop
  endfacet
  facet normal 0.51414 -0.857706 0
    outer loop
      vertex 1.64989 -15.0867 -0.02
      vertex 1.9445 -14.9101 -0.0199995
      vertex 1.64989 -15.0867 -0.0199995
    endloop
  endfacet
  facet normal 0.51414 -0.857706 0
    outer loop
      vertex 1.9445 -14.9101 -0.0199995
      vertex 1.64989 -15.0867 -0.02
      vertex 1.9445 -14.9101 -0.02
    endloop
  endfacet
  facet normal -0.941548 0.336879 0
    outer loop
      vertex -3.34929 -10.984 2.98
      vertex -3.23358 -10.6606 5.98
      vertex -3.23358 -10.6606 2.98
    endloop
  endfacet
  facet normal -0.941548 0.336879 0
    outer loop
      vertex -3.23358 -10.6606 5.98
      vertex -3.34929 -10.984 2.98
      vertex -3.34929 -10.984 5.98
    endloop
  endfacet
  facet normal -0.941548 0.336879 0
    outer loop
      vertex -3.34929 -10.984 -0.02
      vertex -3.23358 -10.6606 -0.0199995
      vertex -3.23358 -10.6606 -0.02
    endloop
  endfacet
  facet normal -0.941548 0.336879 0
    outer loop
      vertex -3.23358 -10.6606 -0.0199995
      vertex -3.34929 -10.984 -0.02
      vertex -3.34929 -10.984 -0.0199995
    endloop
  endfacet
  facet normal 0.336888 0.941545 -0
    outer loop
      vertex 1.33939 -8.76642 2.98
      vertex 1.016 -8.65071 5.98
      vertex 1.33939 -8.76642 5.98
    endloop
  endfacet
  facet normal 0.336888 0.941545 0
    outer loop
      vertex 1.016 -8.65071 5.98
      vertex 1.33939 -8.76642 2.98
      vertex 1.016 -8.65071 2.98
    endloop
  endfacet
  facet normal 0.336888 0.941545 -0
    outer loop
      vertex 1.33939 -8.76642 -0.02
      vertex 1.016 -8.65071 -0.0199995
      vertex 1.33939 -8.76642 -0.0199995
    endloop
  endfacet
  facet normal 0.336888 0.941545 0
    outer loop
      vertex 1.016 -8.65071 -0.0199995
      vertex 1.33939 -8.76642 -0.02
      vertex 1.016 -8.65071 -0.02
    endloop
  endfacet
  facet normal 0.242985 0.97003 -0
    outer loop
      vertex 1.016 -8.65071 2.98
      vertex 0.682816 -8.56725 5.98
      vertex 1.016 -8.65071 5.98
    endloop
  endfacet
  facet normal 0.242985 0.97003 0
    outer loop
      vertex 0.682816 -8.56725 5.98
      vertex 1.016 -8.65071 2.98
      vertex 0.682816 -8.56725 2.98
    endloop
  endfacet
  facet normal 0.242985 0.97003 -0
    outer loop
      vertex 1.016 -8.65071 -0.02
      vertex 0.682816 -8.56725 -0.0199995
      vertex 1.016 -8.65071 -0.0199995
    endloop
  endfacet
  facet normal 0.242985 0.97003 0
    outer loop
      vertex 0.682816 -8.56725 -0.0199995
      vertex 1.016 -8.65071 -0.02
      vertex 0.682816 -8.56725 -0.02
    endloop
  endfacet
  facet normal -0.427566 0.903984 0
    outer loop
      vertex -1.33939 -8.76642 -0.02
      vertex -1.64989 -8.91328 -0.0199995
      vertex -1.33939 -8.76642 -0.0199995
    endloop
  endfacet
  facet normal -0.427566 0.903984 0
    outer loop
      vertex -1.64989 -8.91328 -0.0199995
      vertex -1.33939 -8.76642 -0.02
      vertex -1.64989 -8.91328 -0.02
    endloop
  endfacet
  facet normal -0.427566 0.903984 0
    outer loop
      vertex -1.33939 -8.76642 2.98
      vertex -1.64989 -8.91328 5.98
      vertex -1.33939 -8.76642 5.98
    endloop
  endfacet
  facet normal -0.427566 0.903984 0
    outer loop
      vertex -1.64989 -8.91328 5.98
      vertex -1.33939 -8.76642 2.98
      vertex -1.64989 -8.91328 2.98
    endloop
  endfacet
  facet normal -0.595687 0.803217 0
    outer loop
      vertex -1.9445 -9.08986 -0.02
      vertex -2.22038 -9.29446 -0.0199995
      vertex -1.9445 -9.08986 -0.0199995
    endloop
  endfacet
  facet normal -0.595687 0.803217 0
    outer loop
      vertex -2.22038 -9.29446 -0.0199995
      vertex -1.9445 -9.08986 -0.02
      vertex -2.22038 -9.29446 -0.02
    endloop
  endfacet
  facet normal -0.595687 0.803217 0
    outer loop
      vertex -1.9445 -9.08986 2.98
      vertex -2.22038 -9.29446 5.98
      vertex -1.9445 -9.08986 5.98
    endloop
  endfacet
  facet normal -0.595687 0.803217 0
    outer loop
      vertex -2.22038 -9.29446 5.98
      vertex -1.9445 -9.08986 2.98
      vertex -2.22038 -9.29446 2.98
    endloop
  endfacet
  facet normal -0.146736 0.989176 0
    outer loop
      vertex -0.34306 -8.51685 -0.02
      vertex -0.682816 -8.56725 -0.0199995
      vertex -0.34306 -8.51685 -0.0199995
    endloop
  endfacet
  facet normal -0.146736 0.989176 0
    outer loop
      vertex -0.682816 -8.56725 -0.0199995
      vertex -0.34306 -8.51685 -0.02
      vertex -0.682816 -8.56725 -0.02
    endloop
  endfacet
  facet normal -0.146736 0.989176 0
    outer loop
      vertex -0.34306 -8.51685 2.98
      vertex -0.682816 -8.56725 5.98
      vertex -0.34306 -8.51685 5.98
    endloop
  endfacet
  facet normal -0.146736 0.989176 0
    outer loop
      vertex -0.682816 -8.56725 5.98
      vertex -0.34306 -8.51685 2.98
      vertex -0.682816 -8.56725 2.98
    endloop
  endfacet
  facet normal 0.242821 -0.970071 0
    outer loop
      vertex 0.682816 -15.4327 -0.02
      vertex 1.016 -15.3493 -0.0199995
      vertex 0.682816 -15.4327 -0.0199995
    endloop
  endfacet
  facet normal 0.242821 -0.970071 0
    outer loop
      vertex 1.016 -15.3493 -0.0199995
      vertex 0.682816 -15.4327 -0.02
      vertex 1.016 -15.3493 -0.02
    endloop
  endfacet
  facet normal 0.242821 -0.970071 0
    outer loop
      vertex 0.682816 -15.4327 2.98
      vertex 1.016 -15.3493 5.98
      vertex 0.682816 -15.4327 5.98
    endloop
  endfacet
  facet normal 0.242821 -0.970071 0
    outer loop
      vertex 1.016 -15.3493 5.98
      vertex 0.682816 -15.4327 2.98
      vertex 1.016 -15.3493 2.98
    endloop
  endfacet
  facet normal -0.595687 -0.803217 0
    outer loop
      vertex -2.22038 -14.7055 2.98
      vertex -1.9445 -14.9101 5.98
      vertex -2.22038 -14.7055 5.98
    endloop
  endfacet
  facet normal -0.595687 -0.803217 -0
    outer loop
      vertex -1.9445 -14.9101 5.98
      vertex -2.22038 -14.7055 2.98
      vertex -1.9445 -14.9101 2.98
    endloop
  endfacet
  facet normal -0.595687 -0.803217 0
    outer loop
      vertex -2.22038 -14.7055 -0.02
      vertex -1.9445 -14.9101 -0.0199995
      vertex -2.22038 -14.7055 -0.0199995
    endloop
  endfacet
  facet normal -0.595687 -0.803217 -0
    outer loop
      vertex -1.9445 -14.9101 -0.0199995
      vertex -2.22038 -14.7055 -0.02
      vertex -1.9445 -14.9101 -0.02
    endloop
  endfacet
  facet normal -0.903984 -0.427566 0
    outer loop
      vertex -3.08672 -13.6499 2.98
      vertex -3.23358 -13.3394 5.98
      vertex -3.23358 -13.3394 2.98
    endloop
  endfacet
  facet normal -0.903984 -0.427566 0
    outer loop
      vertex -3.23358 -13.3394 5.98
      vertex -3.08672 -13.6499 2.98
      vertex -3.08672 -13.6499 5.98
    endloop
  endfacet
  facet normal -0.903984 -0.427566 0
    outer loop
      vertex -3.08672 -13.6499 -0.02
      vertex -3.23358 -13.3394 -0.0199995
      vertex -3.23358 -13.3394 -0.02
    endloop
  endfacet
  facet normal -0.903984 -0.427566 0
    outer loop
      vertex -3.23358 -13.3394 -0.0199995
      vertex -3.08672 -13.6499 -0.02
      vertex -3.08672 -13.6499 -0.0199995
    endloop
  endfacet
  facet normal -0.970033 0.242974 0
    outer loop
      vertex -3.43275 -11.3172 2.98
      vertex -3.34929 -10.984 5.98
      vertex -3.34929 -10.984 2.98
    endloop
  endfacet
  facet normal -0.970033 0.242974 0
    outer loop
      vertex -3.34929 -10.984 5.98
      vertex -3.43275 -11.3172 2.98
      vertex -3.43275 -11.3172 5.98
    endloop
  endfacet
  facet normal -0.970033 0.242974 0
    outer loop
      vertex -3.43275 -11.3172 -0.02
      vertex -3.34929 -10.984 -0.0199995
      vertex -3.34929 -10.984 -0.02
    endloop
  endfacet
  facet normal -0.970033 0.242974 0
    outer loop
      vertex -3.34929 -10.984 -0.0199995
      vertex -3.43275 -11.3172 -0.02
      vertex -3.43275 -11.3172 -0.0199995
    endloop
  endfacet
  facet normal -0.740944 -0.671566 0
    outer loop
      vertex -2.47487 -14.4749 -0.02
      vertex -2.70554 -14.2204 -0.0199995
      vertex -2.70554 -14.2204 -0.02
    endloop
  endfacet
  facet normal -0.740944 -0.671566 0
    outer loop
      vertex -2.70554 -14.2204 -0.0199995
      vertex -2.47487 -14.4749 -0.02
      vertex -2.47487 -14.4749 -0.0199995
    endloop
  endfacet
  facet normal -0.740944 -0.671566 0
    outer loop
      vertex -2.47487 -14.4749 2.98
      vertex -2.70554 -14.2204 5.98
      vertex -2.70554 -14.2204 2.98
    endloop
  endfacet
  facet normal -0.740944 -0.671566 0
    outer loop
      vertex -2.70554 -14.2204 5.98
      vertex -2.47487 -14.4749 2.98
      vertex -2.47487 -14.4749 5.98
    endloop
  endfacet
  facet normal -0.336888 0.941545 0
    outer loop
      vertex -1.016 -8.65071 -0.02
      vertex -1.33939 -8.76642 -0.0199995
      vertex -1.016 -8.65071 -0.0199995
    endloop
  endfacet
  facet normal -0.336888 0.941545 0
    outer loop
      vertex -1.33939 -8.76642 -0.0199995
      vertex -1.016 -8.65071 -0.02
      vertex -1.33939 -8.76642 -0.02
    endloop
  endfacet
  facet normal -0.336888 0.941545 0
    outer loop
      vertex -1.016 -8.65071 2.98
      vertex -1.33939 -8.76642 5.98
      vertex -1.016 -8.65071 5.98
    endloop
  endfacet
  facet normal -0.336888 0.941545 0
    outer loop
      vertex -1.33939 -8.76642 5.98
      vertex -1.016 -8.65071 2.98
      vertex -1.33939 -8.76642 2.98
    endloop
  endfacet
  facet normal -0.989172 0.14676 0
    outer loop
      vertex -3.48315 -11.6569 2.98
      vertex -3.43275 -11.3172 5.98
      vertex -3.43275 -11.3172 2.98
    endloop
  endfacet
  facet normal -0.989172 0.14676 0
    outer loop
      vertex -3.43275 -11.3172 5.98
      vertex -3.48315 -11.6569 2.98
      vertex -3.48315 -11.6569 5.98
    endloop
  endfacet
  facet normal -0.989172 0.14676 0
    outer loop
      vertex -3.48315 -11.6569 -0.02
      vertex -3.43275 -11.3172 -0.0199995
      vertex -3.43275 -11.3172 -0.02
    endloop
  endfacet
  facet normal -0.989172 0.14676 0
    outer loop
      vertex -3.43275 -11.3172 -0.0199995
      vertex -3.48315 -11.6569 -0.02
      vertex -3.48315 -11.6569 -0.0199995
    endloop
  endfacet
  facet normal -0.998796 0.0490519 0
    outer loop
      vertex -3.5 -12 2.98
      vertex -3.48315 -11.6569 5.98
      vertex -3.48315 -11.6569 2.98
    endloop
  endfacet
  facet normal -0.998796 0.0490519 0
    outer loop
      vertex -3.48315 -11.6569 5.98
      vertex -3.5 -12 2.98
      vertex -3.5 -12 5.98
    endloop
  endfacet
  facet normal -0.998796 0.0490519 0
    outer loop
      vertex -3.5 -12 -0.02
      vertex -3.48315 -11.6569 -0.0199995
      vertex -3.48315 -11.6569 -0.02
    endloop
  endfacet
  facet normal -0.998796 0.0490519 0
    outer loop
      vertex -3.48315 -11.6569 -0.0199995
      vertex -3.5 -12 -0.02
      vertex -3.5 -12 -0.0199995
    endloop
  endfacet
  facet normal -0.803217 0.595687 0
    outer loop
      vertex -2.91014 -10.0555 -0.02
      vertex -2.70554 -9.77962 -0.0199995
      vertex -2.70554 -9.77962 -0.02
    endloop
  endfacet
  facet normal -0.803217 0.595687 0
    outer loop
      vertex -2.70554 -9.77962 -0.0199995
      vertex -2.91014 -10.0555 -0.02
      vertex -2.91014 -10.0555 -0.0199995
    endloop
  endfacet
  facet normal -0.803217 0.595687 0
    outer loop
      vertex -2.91014 -10.0555 2.98
      vertex -2.70554 -9.77962 5.98
      vertex -2.70554 -9.77962 2.98
    endloop
  endfacet
  facet normal -0.803217 0.595687 0
    outer loop
      vertex -2.70554 -9.77962 5.98
      vertex -2.91014 -10.0555 2.98
      vertex -2.91014 -10.0555 5.98
    endloop
  endfacet
  facet normal 0.970033 -0.242974 0
    outer loop
      vertex 3.34929 -13.016 5.98
      vertex 3.43275 -12.6828 2.98
      vertex 3.43275 -12.6828 5.98
    endloop
  endfacet
  facet normal 0.970033 -0.242974 0
    outer loop
      vertex 3.43275 -12.6828 2.98
      vertex 3.34929 -13.016 5.98
      vertex 3.34929 -13.016 2.98
    endloop
  endfacet
  facet normal 0.970033 -0.242974 0
    outer loop
      vertex 3.34929 -13.016 -0.0199995
      vertex 3.43275 -12.6828 -0.02
      vertex 3.43275 -12.6828 -0.0199995
    endloop
  endfacet
  facet normal 0.970033 -0.242974 0
    outer loop
      vertex 3.43275 -12.6828 -0.02
      vertex 3.34929 -13.016 -0.0199995
      vertex 3.34929 -13.016 -0.02
    endloop
  endfacet
  facet normal -0.803237 -0.595659 0
    outer loop
      vertex -2.70554 -14.2204 -0.02
      vertex -2.91014 -13.9445 -0.0199995
      vertex -2.91014 -13.9445 -0.02
    endloop
  endfacet
  facet normal -0.803237 -0.595659 0
    outer loop
      vertex -2.91014 -13.9445 -0.0199995
      vertex -2.70554 -14.2204 -0.02
      vertex -2.70554 -14.2204 -0.0199995
    endloop
  endfacet
  facet normal -0.803237 -0.595659 0
    outer loop
      vertex -2.70554 -14.2204 2.98
      vertex -2.91014 -13.9445 5.98
      vertex -2.91014 -13.9445 2.98
    endloop
  endfacet
  facet normal -0.803237 -0.595659 0
    outer loop
      vertex -2.91014 -13.9445 5.98
      vertex -2.70554 -14.2204 2.98
      vertex -2.70554 -14.2204 5.98
    endloop
  endfacet
  facet normal -0.989172 -0.14676 0
    outer loop
      vertex -3.43275 -12.6828 -0.02
      vertex -3.48315 -12.3431 -0.0199995
      vertex -3.48315 -12.3431 -0.02
    endloop
  endfacet
  facet normal -0.989172 -0.14676 0
    outer loop
      vertex -3.48315 -12.3431 -0.0199995
      vertex -3.43275 -12.6828 -0.02
      vertex -3.43275 -12.6828 -0.0199995
    endloop
  endfacet
  facet normal -0.989172 -0.14676 0
    outer loop
      vertex -3.43275 -12.6828 2.98
      vertex -3.48315 -12.3431 5.98
      vertex -3.48315 -12.3431 2.98
    endloop
  endfacet
  facet normal -0.989172 -0.14676 0
    outer loop
      vertex -3.48315 -12.3431 5.98
      vertex -3.43275 -12.6828 2.98
      vertex -3.43275 -12.6828 5.98
    endloop
  endfacet
  facet normal 0.0490576 0.998796 -0
    outer loop
      vertex 0.34306 -8.51685 2.98
      vertex 0 -8.5 5.98
      vertex 0.34306 -8.51685 5.98
    endloop
  endfacet
  facet normal 0.0490576 0.998796 0
    outer loop
      vertex 0 -8.5 5.98
      vertex 0.34306 -8.51685 2.98
      vertex 0 -8.5 2.98
    endloop
  endfacet
  facet normal 0.0490576 0.998796 -0
    outer loop
      vertex 0.34306 -8.51685 -0.02
      vertex 0 -8.5 -0.0199995
      vertex 0.34306 -8.51685 -0.0199995
    endloop
  endfacet
  facet normal 0.0490576 0.998796 0
    outer loop
      vertex 0 -8.5 -0.0199995
      vertex 0.34306 -8.51685 -0.02
      vertex 0 -8.5 -0.02
    endloop
  endfacet
  facet normal 0.857724 -0.51411 0
    outer loop
      vertex 2.91014 -13.9445 -0.0199995
      vertex 3.08672 -13.6499 -0.02
      vertex 3.08672 -13.6499 -0.0199995
    endloop
  endfacet
  facet normal 0.857724 -0.51411 0
    outer loop
      vertex 3.08672 -13.6499 -0.02
      vertex 2.91014 -13.9445 -0.0199995
      vertex 2.91014 -13.9445 -0.02
    endloop
  endfacet
  facet normal 0.857724 -0.51411 0
    outer loop
      vertex 2.91014 -13.9445 5.98
      vertex 3.08672 -13.6499 2.98
      vertex 3.08672 -13.6499 5.98
    endloop
  endfacet
  facet normal 0.857724 -0.51411 0
    outer loop
      vertex 3.08672 -13.6499 2.98
      vertex 2.91014 -13.9445 5.98
      vertex 2.91014 -13.9445 2.98
    endloop
  endfacet
  facet normal -0.51414 -0.857706 0
    outer loop
      vertex -1.9445 -14.9101 -0.02
      vertex -1.64989 -15.0867 -0.0199995
      vertex -1.9445 -14.9101 -0.0199995
    endloop
  endfacet
  facet normal -0.51414 -0.857706 -0
    outer loop
      vertex -1.64989 -15.0867 -0.0199995
      vertex -1.9445 -14.9101 -0.02
      vertex -1.64989 -15.0867 -0.02
    endloop
  endfacet
  facet normal -0.51414 -0.857706 0
    outer loop
      vertex -1.9445 -14.9101 2.98
      vertex -1.64989 -15.0867 5.98
      vertex -1.9445 -14.9101 5.98
    endloop
  endfacet
  facet normal -0.51414 -0.857706 -0
    outer loop
      vertex -1.64989 -15.0867 5.98
      vertex -1.9445 -14.9101 2.98
      vertex -1.64989 -15.0867 2.98
    endloop
  endfacet
  facet normal -0.427661 -0.903939 0
    outer loop
      vertex -1.64989 -15.0867 -0.02
      vertex -1.33939 -15.2336 -0.0199995
      vertex -1.64989 -15.0867 -0.0199995
    endloop
  endfacet
  facet normal -0.427661 -0.903939 -0
    outer loop
      vertex -1.33939 -15.2336 -0.0199995
      vertex -1.64989 -15.0867 -0.02
      vertex -1.33939 -15.2336 -0.02
    endloop
  endfacet
  facet normal -0.427661 -0.903939 0
    outer loop
      vertex -1.64989 -15.0867 2.98
      vertex -1.33939 -15.2336 5.98
      vertex -1.64989 -15.0867 5.98
    endloop
  endfacet
  facet normal -0.427661 -0.903939 -0
    outer loop
      vertex -1.33939 -15.2336 5.98
      vertex -1.64989 -15.0867 2.98
      vertex -1.33939 -15.2336 2.98
    endloop
  endfacet
  facet normal 0.803237 -0.595659 0
    outer loop
      vertex 2.70554 -14.2204 -0.0199995
      vertex 2.91014 -13.9445 -0.02
      vertex 2.91014 -13.9445 -0.0199995
    endloop
  endfacet
  facet normal 0.803237 -0.595659 0
    outer loop
      vertex 2.91014 -13.9445 -0.02
      vertex 2.70554 -14.2204 -0.0199995
      vertex 2.70554 -14.2204 -0.02
    endloop
  endfacet
  facet normal 0.803237 -0.595659 0
    outer loop
      vertex 2.70554 -14.2204 5.98
      vertex 2.91014 -13.9445 2.98
      vertex 2.91014 -13.9445 5.98
    endloop
  endfacet
  facet normal 0.803237 -0.595659 0
    outer loop
      vertex 2.91014 -13.9445 2.98
      vertex 2.70554 -14.2204 5.98
      vertex 2.70554 -14.2204 2.98
    endloop
  endfacet
  facet normal -0.242821 -0.970071 0
    outer loop
      vertex -1.016 -15.3493 2.98
      vertex -0.682816 -15.4327 5.98
      vertex -1.016 -15.3493 5.98
    endloop
  endfacet
  facet normal -0.242821 -0.970071 -0
    outer loop
      vertex -0.682816 -15.4327 5.98
      vertex -1.016 -15.3493 2.98
      vertex -0.682816 -15.4327 2.98
    endloop
  endfacet
  facet normal -0.242821 -0.970071 0
    outer loop
      vertex -1.016 -15.3493 -0.02
      vertex -0.682816 -15.4327 -0.0199995
      vertex -1.016 -15.3493 -0.0199995
    endloop
  endfacet
  facet normal -0.242821 -0.970071 -0
    outer loop
      vertex -0.682816 -15.4327 -0.0199995
      vertex -1.016 -15.3493 -0.02
      vertex -0.682816 -15.4327 -0.02
    endloop
  endfacet
  facet normal -0.857724 -0.51411 0
    outer loop
      vertex -2.91014 -13.9445 -0.02
      vertex -3.08672 -13.6499 -0.0199995
      vertex -3.08672 -13.6499 -0.02
    endloop
  endfacet
  facet normal -0.857724 -0.51411 0
    outer loop
      vertex -3.08672 -13.6499 -0.0199995
      vertex -2.91014 -13.9445 -0.02
      vertex -2.91014 -13.9445 -0.0199995
    endloop
  endfacet
  facet normal -0.857724 -0.51411 0
    outer loop
      vertex -2.91014 -13.9445 2.98
      vertex -3.08672 -13.6499 5.98
      vertex -3.08672 -13.6499 2.98
    endloop
  endfacet
  facet normal -0.857724 -0.51411 0
    outer loop
      vertex -3.08672 -13.6499 5.98
      vertex -2.91014 -13.9445 2.98
      vertex -2.91014 -13.9445 5.98
    endloop
  endfacet
  facet normal -0.903984 0.427566 0
    outer loop
      vertex -3.23358 -10.6606 -0.02
      vertex -3.08672 -10.3501 -0.0199995
      vertex -3.08672 -10.3501 -0.02
    endloop
  endfacet
  facet normal -0.903984 0.427566 0
    outer loop
      vertex -3.08672 -10.3501 -0.0199995
      vertex -3.23358 -10.6606 -0.02
      vertex -3.23358 -10.6606 -0.0199995
    endloop
  endfacet
  facet normal -0.903984 0.427566 0
    outer loop
      vertex -3.23358 -10.6606 2.98
      vertex -3.08672 -10.3501 5.98
      vertex -3.08672 -10.3501 2.98
    endloop
  endfacet
  facet normal -0.903984 0.427566 0
    outer loop
      vertex -3.08672 -10.3501 5.98
      vertex -3.23358 -10.6606 2.98
      vertex -3.23358 -10.6606 5.98
    endloop
  endfacet
  facet normal 0.671469 -0.741033 0
    outer loop
      vertex 2.22038 -14.7055 -0.02
      vertex 2.47487 -14.4749 -0.0199995
      vertex 2.22038 -14.7055 -0.0199995
    endloop
  endfacet
  facet normal 0.671469 -0.741033 0
    outer loop
      vertex 2.47487 -14.4749 -0.0199995
      vertex 2.22038 -14.7055 -0.02
      vertex 2.47487 -14.4749 -0.02
    endloop
  endfacet
  facet normal 0.671469 -0.741033 0
    outer loop
      vertex 2.22038 -14.7055 2.98
      vertex 2.47487 -14.4749 5.98
      vertex 2.22038 -14.7055 5.98
    endloop
  endfacet
  facet normal 0.671469 -0.741033 0
    outer loop
      vertex 2.47487 -14.4749 5.98
      vertex 2.22038 -14.7055 2.98
      vertex 2.47487 -14.4749 2.98
    endloop
  endfacet
  facet normal 0 0 -1
    outer loop
      vertex 1.3 -12 -0.02
      vertex 3.5 -12 -0.02
      vertex 3.48315 -12.3431 -0.02
    endloop
  endfacet
  facet normal 0 0 -1
    outer loop
      vertex 1.29374 -12.1274 -0.02
      vertex 3.48315 -12.3431 -0.02
      vertex 3.43275 -12.6828 -0.02
    endloop
  endfacet
  facet normal 0 0 -1
    outer loop
      vertex 3.5 -12 -0.02
      vertex 1.3 -12 -0.02
      vertex 3.48315 -11.6569 -0.02
    endloop
  endfacet
  facet normal 0 0 -1
    outer loop
      vertex 1.27502 -12.2536 -0.02
      vertex 3.43275 -12.6828 -0.02
      vertex 3.34929 -13.016 -0.02
    endloop
  endfacet
  facet normal 0 0 -1
    outer loop
      vertex 1.29374 -11.8726 -0.02
      vertex 3.48315 -11.6569 -0.02
      vertex 1.3 -12 -0.02
    endloop
  endfacet
  facet normal 0 0 -1
    outer loop
      vertex 1.24402 -12.3774 -0.02
      vertex 3.34929 -13.016 -0.02
      vertex 3.23358 -13.3394 -0.02
    endloop
  endfacet
  facet normal -0 0 -1
    outer loop
      vertex 3.48315 -11.6569 -0.02
      vertex 1.29374 -11.8726 -0.02
      vertex 3.43275 -11.3172 -0.02
    endloop
  endfacet
  facet normal 0 0 -1
    outer loop
      vertex 1.20104 -12.4975 -0.02
      vertex 3.23358 -13.3394 -0.02
      vertex 3.08672 -13.6499 -0.02
    endloop
  endfacet
  facet normal 0 0 -1
    outer loop
      vertex 1.27502 -11.7464 -0.02
      vertex 3.43275 -11.3172 -0.02
      vertex 1.29374 -11.8726 -0.02
    endloop
  endfacet
  facet normal 0 0 -1
    outer loop
      vertex 1.1465 -12.6128 -0.02
      vertex 3.08672 -13.6499 -0.02
      vertex 2.91014 -13.9445 -0.02
    endloop
  endfacet
  facet normal -0 0 -1
    outer loop
      vertex 3.43275 -11.3172 -0.02
      vertex 1.27502 -11.7464 -0.02
      vertex 3.34929 -10.984 -0.02
    endloop
  endfacet
  facet normal 0 0 -1
    outer loop
      vertex 1.08091 -12.7222 -0.02
      vertex 2.91014 -13.9445 -0.02
      vertex 2.70554 -14.2204 -0.02
    endloop
  endfacet
  facet normal 0 0 -1
    outer loop
      vertex 1.24402 -11.6226 -0.02
      vertex 3.34929 -10.984 -0.02
      vertex 1.27502 -11.7464 -0.02
    endloop
  endfacet
  facet normal 0 0 -1
    outer loop
      vertex 1.00491 -12.8247 -0.02
      vertex 2.70554 -14.2204 -0.02
      vertex 2.47487 -14.4749 -0.02
    endloop
  endfacet
  facet normal -0 0 -1
    outer loop
      vertex 3.34929 -10.984 -0.02
      vertex 1.24402 -11.6226 -0.02
      vertex 3.23358 -10.6606 -0.02
    endloop
  endfacet
  facet normal 0 0 -1
    outer loop
      vertex 0.919238 -12.9192 -0.02
      vertex 2.47487 -14.4749 -0.02
      vertex 2.22038 -14.7055 -0.02
    endloop
  endfacet
  facet normal 0 0 -1
    outer loop
      vertex 1.20104 -11.5025 -0.02
      vertex 3.23358 -10.6606 -0.02
      vertex 1.24402 -11.6226 -0.02
    endloop
  endfacet
  facet normal 0 0 -1
    outer loop
      vertex 0.824711 -13.0049 -0.02
      vertex 2.22038 -14.7055 -0.02
      vertex 1.9445 -14.9101 -0.02
    endloop
  endfacet
  facet normal -0 0 -1
    outer loop
      vertex 3.23358 -10.6606 -0.02
      vertex 1.20104 -11.5025 -0.02
      vertex 3.08672 -10.3501 -0.02
    endloop
  endfacet
  facet normal 0 0 -1
    outer loop
      vertex 0.72224 -13.0809 -0.02
      vertex 1.9445 -14.9101 -0.02
      vertex 1.64989 -15.0867 -0.02
    endloop
  endfacet
  facet normal 0 0 -1
    outer loop
      vertex 1.1465 -11.3872 -0.02
      vertex 3.08672 -10.3501 -0.02
      vertex 1.20104 -11.5025 -0.02
    endloop
  endfacet
  facet normal 0 0 -1
    outer loop
      vertex 0.612815 -13.1465 -0.02
      vertex 1.64989 -15.0867 -0.02
      vertex 1.33939 -15.2336 -0.02
    endloop
  endfacet
  facet normal -0 0 -1
    outer loop
      vertex 3.08672 -10.3501 -0.02
      vertex 1.1465 -11.3872 -0.02
      vertex 2.91014 -10.0555 -0.02
    endloop
  endfacet
  facet normal 0 0 -1
    outer loop
      vertex 1.08091 -11.2778 -0.02
      vertex 2.91014 -10.0555 -0.02
      vertex 1.1465 -11.3872 -0.02
    endloop
  endfacet
  facet normal 0 0 -1
    outer loop
      vertex 3.48315 -12.3431 -0.02
      vertex 1.29374 -12.1274 -0.02
      vertex 1.3 -12 -0.02
    endloop
  endfacet
  facet normal 0 0 -1
    outer loop
      vertex 3.43275 -12.6828 -0.02
      vertex 1.27502 -12.2536 -0.02
      vertex 1.29374 -12.1274 -0.02
    endloop
  endfacet
  facet normal 0 0 -1
    outer loop
      vertex 3.34929 -13.016 -0.02
      vertex 1.24402 -12.3774 -0.02
      vertex 1.27502 -12.2536 -0.02
    endloop
  endfacet
  facet normal 0 0 -1
    outer loop
      vertex 3.23358 -13.3394 -0.02
      vertex 1.20104 -12.4975 -0.02
      vertex 1.24402 -12.3774 -0.02
    endloop
  endfacet
  facet normal 0 0 -1
    outer loop
      vertex 3.08672 -13.6499 -0.02
      vertex 1.1465 -12.6128 -0.02
      vertex 1.20104 -12.4975 -0.02
    endloop
  endfacet
  facet normal 0 0 -1
    outer loop
      vertex 2.91014 -13.9445 -0.02
      vertex 1.08091 -12.7222 -0.02
      vertex 1.1465 -12.6128 -0.02
    endloop
  endfacet
  facet normal 0 0 -1
    outer loop
      vertex 0.497488 -13.201 -0.02
      vertex 1.33939 -15.2336 -0.02
      vertex 1.016 -15.3493 -0.02
    endloop
  endfacet
  facet normal 0 0 -1
    outer loop
      vertex 2.70554 -14.2204 -0.02
      vertex 1.00491 -12.8247 -0.02
      vertex 1.08091 -12.7222 -0.02
    endloop
  endfacet
  facet normal 0 0 -1
    outer loop
      vertex 2.47487 -14.4749 -0.02
      vertex 0.919238 -12.9192 -0.02
      vertex 1.00491 -12.8247 -0.02
    endloop
  endfacet
  facet normal 0 0 -1
    outer loop
      vertex 2.22038 -14.7055 -0.02
      vertex 0.824711 -13.0049 -0.02
      vertex 0.919238 -12.9192 -0.02
    endloop
  endfacet
  facet normal 0 0 -1
    outer loop
      vertex 1.9445 -14.9101 -0.02
      vertex 0.72224 -13.0809 -0.02
      vertex 0.824711 -13.0049 -0.02
    endloop
  endfacet
  facet normal 0 0 -1
    outer loop
      vertex 0.37737 -13.244 -0.02
      vertex 1.016 -15.3493 -0.02
      vertex 0.682816 -15.4327 -0.02
    endloop
  endfacet
  facet normal 0 0 -1
    outer loop
      vertex 1.64989 -15.0867 -0.02
      vertex 0.612815 -13.1465 -0.02
      vertex 0.72224 -13.0809 -0.02
    endloop
  endfacet
  facet normal 0 0 -1
    outer loop
      vertex 1.33939 -15.2336 -0.02
      vertex 0.497488 -13.201 -0.02
      vertex 0.612815 -13.1465 -0.02
    endloop
  endfacet
  facet normal 0 0 -1
    outer loop
      vertex 1.016 -15.3493 -0.02
      vertex 0.37737 -13.244 -0.02
      vertex 0.497488 -13.201 -0.02
    endloop
  endfacet
  facet normal 0 0 -1
    outer loop
      vertex 0.253617 -13.275 -0.02
      vertex 0.682816 -15.4327 -0.02
      vertex 0.34306 -15.4831 -0.02
    endloop
  endfacet
  facet normal 0 0 -1
    outer loop
      vertex 0.682816 -15.4327 -0.02
      vertex 0.253617 -13.275 -0.02
      vertex 0.37737 -13.244 -0.02
    endloop
  endfacet
  facet normal 0 0 -1
    outer loop
      vertex 0.34306 -15.4831 -0.02
      vertex 0.127421 -13.2937 -0.02
      vertex 0.253617 -13.275 -0.02
    endloop
  endfacet
  facet normal 0 0 -1
    outer loop
      vertex 0 -15.5 -0.02
      vertex 0.127421 -13.2937 -0.02
      vertex 0.34306 -15.4831 -0.02
    endloop
  endfacet
  facet normal 0 0 -1
    outer loop
      vertex 0 -15.5 -0.02
      vertex 0 -13.3 -0.02
      vertex 0.127421 -13.2937 -0.02
    endloop
  endfacet
  facet normal 0 0 -1
    outer loop
      vertex 0 -15.5 -0.02
      vertex -0.127421 -13.2937 -0.02
      vertex 0 -13.3 -0.02
    endloop
  endfacet
  facet normal 0 0 -1
    outer loop
      vertex -0.34306 -15.4831 -0.02
      vertex -0.127421 -13.2937 -0.02
      vertex 0 -15.5 -0.02
    endloop
  endfacet
  facet normal -0 0 -1
    outer loop
      vertex -0.127421 -13.2937 -0.02
      vertex -0.34306 -15.4831 -0.02
      vertex -0.253617 -13.275 -0.02
    endloop
  endfacet
  facet normal 0 0 -1
    outer loop
      vertex -0.682816 -15.4327 -0.02
      vertex -0.253617 -13.275 -0.02
      vertex -0.34306 -15.4831 -0.02
    endloop
  endfacet
  facet normal -0 0 -1
    outer loop
      vertex -0.253617 -13.275 -0.02
      vertex -0.682816 -15.4327 -0.02
      vertex -0.37737 -13.244 -0.02
    endloop
  endfacet
  facet normal 0 0 -1
    outer loop
      vertex -1.016 -15.3493 -0.02
      vertex -0.37737 -13.244 -0.02
      vertex -0.682816 -15.4327 -0.02
    endloop
  endfacet
  facet normal -0 0 -1
    outer loop
      vertex -0.37737 -13.244 -0.02
      vertex -1.016 -15.3493 -0.02
      vertex -0.497488 -13.201 -0.02
    endloop
  endfacet
  facet normal 0 0 -1
    outer loop
      vertex -1.33939 -15.2336 -0.02
      vertex -0.497488 -13.201 -0.02
      vertex -1.016 -15.3493 -0.02
    endloop
  endfacet
  facet normal -0 0 -1
    outer loop
      vertex -0.497488 -13.201 -0.02
      vertex -1.33939 -15.2336 -0.02
      vertex -0.612815 -13.1465 -0.02
    endloop
  endfacet
  facet normal 0 0 -1
    outer loop
      vertex -1.64989 -15.0867 -0.02
      vertex -0.612815 -13.1465 -0.02
      vertex -1.33939 -15.2336 -0.02
    endloop
  endfacet
  facet normal -0 0 -1
    outer loop
      vertex -0.612815 -13.1465 -0.02
      vertex -1.64989 -15.0867 -0.02
      vertex -0.72224 -13.0809 -0.02
    endloop
  endfacet
  facet normal 0 0 -1
    outer loop
      vertex -1.9445 -14.9101 -0.02
      vertex -0.72224 -13.0809 -0.02
      vertex -1.64989 -15.0867 -0.02
    endloop
  endfacet
  facet normal -0 0 -1
    outer loop
      vertex -0.72224 -13.0809 -0.02
      vertex -1.9445 -14.9101 -0.02
      vertex -0.824711 -13.0049 -0.02
    endloop
  endfacet
  facet normal 0 0 -1
    outer loop
      vertex -2.22038 -14.7055 -0.02
      vertex -0.824711 -13.0049 -0.02
      vertex -1.9445 -14.9101 -0.02
    endloop
  endfacet
  facet normal -0 0 -1
    outer loop
      vertex -0.824711 -13.0049 -0.02
      vertex -2.22038 -14.7055 -0.02
      vertex -0.919238 -12.9192 -0.02
    endloop
  endfacet
  facet normal 0 0 -1
    outer loop
      vertex -2.47487 -14.4749 -0.02
      vertex -0.919238 -12.9192 -0.02
      vertex -2.22038 -14.7055 -0.02
    endloop
  endfacet
  facet normal -0 0 -1
    outer loop
      vertex -0.919238 -12.9192 -0.02
      vertex -2.47487 -14.4749 -0.02
      vertex -1.00491 -12.8247 -0.02
    endloop
  endfacet
  facet normal 0 0 -1
    outer loop
      vertex -2.70554 -14.2204 -0.02
      vertex -1.00491 -12.8247 -0.02
      vertex -2.47487 -14.4749 -0.02
    endloop
  endfacet
  facet normal 0 0 -1
    outer loop
      vertex -2.91014 -13.9445 -0.02
      vertex -1.08091 -12.7222 -0.02
      vertex -2.70554 -14.2204 -0.02
    endloop
  endfacet
  facet normal -0 0 -1
    outer loop
      vertex -1.00491 -12.8247 -0.02
      vertex -2.70554 -14.2204 -0.02
      vertex -1.08091 -12.7222 -0.02
    endloop
  endfacet
  facet normal -0 0 -1
    outer loop
      vertex 2.91014 -10.0555 -0.02
      vertex 1.08091 -11.2778 -0.02
      vertex 2.70554 -9.77962 -0.02
    endloop
  endfacet
  facet normal 0 0 -1
    outer loop
      vertex 1.00491 -11.1753 -0.02
      vertex 2.70554 -9.77962 -0.02
      vertex 1.08091 -11.2778 -0.02
    endloop
  endfacet
  facet normal -0 0 -1
    outer loop
      vertex 2.70554 -9.77962 -0.02
      vertex 1.00491 -11.1753 -0.02
      vertex 2.47487 -9.52513 -0.02
    endloop
  endfacet
  facet normal 0 0 -1
    outer loop
      vertex 0.919238 -11.0808 -0.02
      vertex 2.47487 -9.52513 -0.02
      vertex 1.00491 -11.1753 -0.02
    endloop
  endfacet
  facet normal -0 0 -1
    outer loop
      vertex 2.47487 -9.52513 -0.02
      vertex 0.919238 -11.0808 -0.02
      vertex 2.22038 -9.29446 -0.02
    endloop
  endfacet
  facet normal 0 0 -1
    outer loop
      vertex 0.824711 -10.9951 -0.02
      vertex 2.22038 -9.29446 -0.02
      vertex 0.919238 -11.0808 -0.02
    endloop
  endfacet
  facet normal -0 0 -1
    outer loop
      vertex 2.22038 -9.29446 -0.02
      vertex 0.824711 -10.9951 -0.02
      vertex 1.9445 -9.08986 -0.02
    endloop
  endfacet
  facet normal 0 0 -1
    outer loop
      vertex 0.72224 -10.9191 -0.02
      vertex 1.9445 -9.08986 -0.02
      vertex 0.824711 -10.9951 -0.02
    endloop
  endfacet
  facet normal -0 0 -1
    outer loop
      vertex 1.9445 -9.08986 -0.02
      vertex 0.72224 -10.9191 -0.02
      vertex 1.64989 -8.91328 -0.02
    endloop
  endfacet
  facet normal 0 0 -1
    outer loop
      vertex 0.612815 -10.8535 -0.02
      vertex 1.64989 -8.91328 -0.02
      vertex 0.72224 -10.9191 -0.02
    endloop
  endfacet
  facet normal -0 0 -1
    outer loop
      vertex 1.64989 -8.91328 -0.02
      vertex 0.612815 -10.8535 -0.02
      vertex 1.33939 -8.76642 -0.02
    endloop
  endfacet
  facet normal 0 0 -1
    outer loop
      vertex 0.497488 -10.799 -0.02
      vertex 1.33939 -8.76642 -0.02
      vertex 0.612815 -10.8535 -0.02
    endloop
  endfacet
  facet normal -0 0 -1
    outer loop
      vertex 1.33939 -8.76642 -0.02
      vertex 0.497488 -10.799 -0.02
      vertex 1.016 -8.65071 -0.02
    endloop
  endfacet
  facet normal 0 0 -1
    outer loop
      vertex 0.37737 -10.756 -0.02
      vertex 1.016 -8.65071 -0.02
      vertex 0.497488 -10.799 -0.02
    endloop
  endfacet
  facet normal -0 0 -1
    outer loop
      vertex 1.016 -8.65071 -0.02
      vertex 0.37737 -10.756 -0.02
      vertex 0.682816 -8.56725 -0.02
    endloop
  endfacet
  facet normal 0 0 -1
    outer loop
      vertex 0.253617 -10.725 -0.02
      vertex 0.682816 -8.56725 -0.02
      vertex 0.37737 -10.756 -0.02
    endloop
  endfacet
  facet normal -0 0 -1
    outer loop
      vertex 0.682816 -8.56725 -0.02
      vertex 0.253617 -10.725 -0.02
      vertex 0.34306 -8.51685 -0.02
    endloop
  endfacet
  facet normal 0 0 -1
    outer loop
      vertex 0.127421 -10.7063 -0.02
      vertex 0.34306 -8.51685 -0.02
      vertex 0.253617 -10.725 -0.02
    endloop
  endfacet
  facet normal 0 0 -1
    outer loop
      vertex 0 -10.7 -0.02
      vertex 0.34306 -8.51685 -0.02
      vertex 0.127421 -10.7063 -0.02
    endloop
  endfacet
  facet normal 0 0 -1
    outer loop
      vertex 0 -10.7 -0.02
      vertex 0 -8.5 -0.02
      vertex 0.34306 -8.51685 -0.02
    endloop
  endfacet
  facet normal 0 0 -1
    outer loop
      vertex -0.127421 -10.7063 -0.02
      vertex 0 -8.5 -0.02
      vertex 0 -10.7 -0.02
    endloop
  endfacet
  facet normal 0 0 -1
    outer loop
      vertex -0.34306 -8.51685 -0.02
      vertex -0.127421 -10.7063 -0.02
      vertex -0.253617 -10.725 -0.02
    endloop
  endfacet
  facet normal 0 0 -1
    outer loop
      vertex -0.127421 -10.7063 -0.02
      vertex -0.34306 -8.51685 -0.02
      vertex 0 -8.5 -0.02
    endloop
  endfacet
  facet normal 0 0 -1
    outer loop
      vertex -0.682816 -8.56725 -0.02
      vertex -0.253617 -10.725 -0.02
      vertex -0.37737 -10.756 -0.02
    endloop
  endfacet
  facet normal 0 0 -1
    outer loop
      vertex -1.016 -8.65071 -0.02
      vertex -0.37737 -10.756 -0.02
      vertex -0.497488 -10.799 -0.02
    endloop
  endfacet
  facet normal 0 0 -1
    outer loop
      vertex -1.33939 -8.76642 -0.02
      vertex -0.497488 -10.799 -0.02
      vertex -0.612815 -10.8535 -0.02
    endloop
  endfacet
  facet normal 0 0 -1
    outer loop
      vertex -0.253617 -10.725 -0.02
      vertex -0.682816 -8.56725 -0.02
      vertex -0.34306 -8.51685 -0.02
    endloop
  endfacet
  facet normal 0 0 -1
    outer loop
      vertex -1.64989 -8.91328 -0.02
      vertex -0.612815 -10.8535 -0.02
      vertex -0.72224 -10.9191 -0.02
    endloop
  endfacet
  facet normal 0 0 -1
    outer loop
      vertex -1.9445 -9.08986 -0.02
      vertex -0.72224 -10.9191 -0.02
      vertex -0.824711 -10.9951 -0.02
    endloop
  endfacet
  facet normal 0 0 -1
    outer loop
      vertex -2.22038 -9.29446 -0.02
      vertex -0.824711 -10.9951 -0.02
      vertex -0.919238 -11.0808 -0.02
    endloop
  endfacet
  facet normal 0 0 -1
    outer loop
      vertex -2.47487 -9.52513 -0.02
      vertex -0.919238 -11.0808 -0.02
      vertex -1.00491 -11.1753 -0.02
    endloop
  endfacet
  facet normal 0 0 -1
    outer loop
      vertex -0.37737 -10.756 -0.02
      vertex -1.016 -8.65071 -0.02
      vertex -0.682816 -8.56725 -0.02
    endloop
  endfacet
  facet normal 0 0 -1
    outer loop
      vertex -2.70554 -9.77962 -0.02
      vertex -1.00491 -11.1753 -0.02
      vertex -1.08091 -11.2778 -0.02
    endloop
  endfacet
  facet normal 0 0 -1
    outer loop
      vertex -2.91014 -10.0555 -0.02
      vertex -1.08091 -11.2778 -0.02
      vertex -1.1465 -11.3872 -0.02
    endloop
  endfacet
  facet normal 0 0 -1
    outer loop
      vertex -3.08672 -10.3501 -0.02
      vertex -1.1465 -11.3872 -0.02
      vertex -1.20104 -11.5025 -0.02
    endloop
  endfacet
  facet normal 0 0 -1
    outer loop
      vertex -3.23358 -10.6606 -0.02
      vertex -1.20104 -11.5025 -0.02
      vertex -1.24402 -11.6226 -0.02
    endloop
  endfacet
  facet normal 0 0 -1
    outer loop
      vertex -3.34929 -10.984 -0.02
      vertex -1.24402 -11.6226 -0.02
      vertex -1.27502 -11.7464 -0.02
    endloop
  endfacet
  facet normal 0 0 -1
    outer loop
      vertex -3.43275 -11.3172 -0.02
      vertex -1.27502 -11.7464 -0.02
      vertex -1.29374 -11.8726 -0.02
    endloop
  endfacet
  facet normal 0 0 -1
    outer loop
      vertex -0.497488 -10.799 -0.02
      vertex -1.33939 -8.76642 -0.02
      vertex -1.016 -8.65071 -0.02
    endloop
  endfacet
  facet normal 0 0 -1
    outer loop
      vertex -3.48315 -11.6569 -0.02
      vertex -1.29374 -11.8726 -0.02
      vertex -1.3 -12 -0.02
    endloop
  endfacet
  facet normal -0 0 -1
    outer loop
      vertex -1.08091 -12.7222 -0.02
      vertex -2.91014 -13.9445 -0.02
      vertex -1.1465 -12.6128 -0.02
    endloop
  endfacet
  facet normal 0 0 -1
    outer loop
      vertex -3.08672 -13.6499 -0.02
      vertex -1.1465 -12.6128 -0.02
      vertex -2.91014 -13.9445 -0.02
    endloop
  endfacet
  facet normal 0 0 -1
    outer loop
      vertex -0.612815 -10.8535 -0.02
      vertex -1.64989 -8.91328 -0.02
      vertex -1.33939 -8.76642 -0.02
    endloop
  endfacet
  facet normal -0 0 -1
    outer loop
      vertex -1.1465 -12.6128 -0.02
      vertex -3.08672 -13.6499 -0.02
      vertex -1.20104 -12.4975 -0.02
    endloop
  endfacet
  facet normal 0 0 -1
    outer loop
      vertex -0.72224 -10.9191 -0.02
      vertex -1.9445 -9.08986 -0.02
      vertex -1.64989 -8.91328 -0.02
    endloop
  endfacet
  facet normal 0 0 -1
    outer loop
      vertex -3.23358 -13.3394 -0.02
      vertex -1.20104 -12.4975 -0.02
      vertex -3.08672 -13.6499 -0.02
    endloop
  endfacet
  facet normal 0 0 -1
    outer loop
      vertex -0.824711 -10.9951 -0.02
      vertex -2.22038 -9.29446 -0.02
      vertex -1.9445 -9.08986 -0.02
    endloop
  endfacet
  facet normal -0 0 -1
    outer loop
      vertex -1.20104 -12.4975 -0.02
      vertex -3.23358 -13.3394 -0.02
      vertex -1.24402 -12.3774 -0.02
    endloop
  endfacet
  facet normal 0 0 -1
    outer loop
      vertex -0.919238 -11.0808 -0.02
      vertex -2.47487 -9.52513 -0.02
      vertex -2.22038 -9.29446 -0.02
    endloop
  endfacet
  facet normal 0 0 -1
    outer loop
      vertex -3.34929 -13.016 -0.02
      vertex -1.24402 -12.3774 -0.02
      vertex -3.23358 -13.3394 -0.02
    endloop
  endfacet
  facet normal 0 0 -1
    outer loop
      vertex -1.00491 -11.1753 -0.02
      vertex -2.70554 -9.77962 -0.02
      vertex -2.47487 -9.52513 -0.02
    endloop
  endfacet
  facet normal -0 0 -1
    outer loop
      vertex -1.24402 -12.3774 -0.02
      vertex -3.34929 -13.016 -0.02
      vertex -1.27502 -12.2536 -0.02
    endloop
  endfacet
  facet normal 0 0 -1
    outer loop
      vertex -1.08091 -11.2778 -0.02
      vertex -2.91014 -10.0555 -0.02
      vertex -2.70554 -9.77962 -0.02
    endloop
  endfacet
  facet normal 0 0 -1
    outer loop
      vertex -3.43275 -12.6828 -0.02
      vertex -1.27502 -12.2536 -0.02
      vertex -3.34929 -13.016 -0.02
    endloop
  endfacet
  facet normal 0 0 -1
    outer loop
      vertex -1.1465 -11.3872 -0.02
      vertex -3.08672 -10.3501 -0.02
      vertex -2.91014 -10.0555 -0.02
    endloop
  endfacet
  facet normal -0 0 -1
    outer loop
      vertex -1.27502 -12.2536 -0.02
      vertex -3.43275 -12.6828 -0.02
      vertex -1.29374 -12.1274 -0.02
    endloop
  endfacet
  facet normal 0 0 -1
    outer loop
      vertex -1.20104 -11.5025 -0.02
      vertex -3.23358 -10.6606 -0.02
      vertex -3.08672 -10.3501 -0.02
    endloop
  endfacet
  facet normal 0 0 -1
    outer loop
      vertex -3.48315 -12.3431 -0.02
      vertex -1.29374 -12.1274 -0.02
      vertex -3.43275 -12.6828 -0.02
    endloop
  endfacet
  facet normal 0 0 -1
    outer loop
      vertex -1.24402 -11.6226 -0.02
      vertex -3.34929 -10.984 -0.02
      vertex -3.23358 -10.6606 -0.02
    endloop
  endfacet
  facet normal -0 0 -1
    outer loop
      vertex -1.29374 -12.1274 -0.02
      vertex -3.48315 -12.3431 -0.02
      vertex -1.3 -12 -0.02
    endloop
  endfacet
  facet normal 0 0 -1
    outer loop
      vertex -1.27502 -11.7464 -0.02
      vertex -3.43275 -11.3172 -0.02
      vertex -3.34929 -10.984 -0.02
    endloop
  endfacet
  facet normal 0 0 -1
    outer loop
      vertex -3.5 -12 -0.02
      vertex -1.3 -12 -0.02
      vertex -3.48315 -12.3431 -0.02
    endloop
  endfacet
  facet normal 0 0 -1
    outer loop
      vertex -1.29374 -11.8726 -0.02
      vertex -3.48315 -11.6569 -0.02
      vertex -3.43275 -11.3172 -0.02
    endloop
  endfacet
  facet normal 0 0 -1
    outer loop
      vertex -1.3 -12 -0.02
      vertex -3.5 -12 -0.02
      vertex -3.48315 -11.6569 -0.02
    endloop
  endfacet
  facet normal 0 0 1
    outer loop
      vertex 1.3 -12 5.98
      vertex 3.5 -12 5.98
      vertex 3.48315 -11.6569 5.98
    endloop
  endfacet
  facet normal 0 0 1
    outer loop
      vertex 1.29374 -11.8726 5.98
      vertex 3.48315 -11.6569 5.98
      vertex 3.43275 -11.3172 5.98
    endloop
  endfacet
  facet normal 0 0 1
    outer loop
      vertex 3.5 -12 5.98
      vertex 1.3 -12 5.98
      vertex 3.48315 -12.3431 5.98
    endloop
  endfacet
  facet normal 0 0 1
    outer loop
      vertex 1.27502 -11.7464 5.98
      vertex 3.43275 -11.3172 5.98
      vertex 3.34929 -10.984 5.98
    endloop
  endfacet
  facet normal -0 0 1
    outer loop
      vertex 1.29374 -12.1274 5.98
      vertex 3.48315 -12.3431 5.98
      vertex 1.3 -12 5.98
    endloop
  endfacet
  facet normal 0 0 1
    outer loop
      vertex 1.24402 -11.6226 5.98
      vertex 3.34929 -10.984 5.98
      vertex 3.23358 -10.6606 5.98
    endloop
  endfacet
  facet normal 0 0 1
    outer loop
      vertex 3.48315 -12.3431 5.98
      vertex 1.29374 -12.1274 5.98
      vertex 3.43275 -12.6828 5.98
    endloop
  endfacet
  facet normal 0 0 1
    outer loop
      vertex 1.20104 -11.5025 5.98
      vertex 3.23358 -10.6606 5.98
      vertex 3.08672 -10.3501 5.98
    endloop
  endfacet
  facet normal -0 0 1
    outer loop
      vertex 1.27502 -12.2536 5.98
      vertex 3.43275 -12.6828 5.98
      vertex 1.29374 -12.1274 5.98
    endloop
  endfacet
  facet normal 0 0 1
    outer loop
      vertex 1.1465 -11.3872 5.98
      vertex 3.08672 -10.3501 5.98
      vertex 2.91014 -10.0555 5.98
    endloop
  endfacet
  facet normal 0 0 1
    outer loop
      vertex 3.43275 -12.6828 5.98
      vertex 1.27502 -12.2536 5.98
      vertex 3.34929 -13.016 5.98
    endloop
  endfacet
  facet normal 0 0 1
    outer loop
      vertex 1.08091 -11.2778 5.98
      vertex 2.91014 -10.0555 5.98
      vertex 2.70554 -9.77962 5.98
    endloop
  endfacet
  facet normal -0 0 1
    outer loop
      vertex 1.24402 -12.3774 5.98
      vertex 3.34929 -13.016 5.98
      vertex 1.27502 -12.2536 5.98
    endloop
  endfacet
  facet normal 0 0 1
    outer loop
      vertex 1.00491 -11.1753 5.98
      vertex 2.70554 -9.77962 5.98
      vertex 2.47487 -9.52513 5.98
    endloop
  endfacet
  facet normal 0 0 1
    outer loop
      vertex 3.34929 -13.016 5.98
      vertex 1.24402 -12.3774 5.98
      vertex 3.23358 -13.3394 5.98
    endloop
  endfacet
  facet normal 0 0 1
    outer loop
      vertex 0.919238 -11.0808 5.98
      vertex 2.47487 -9.52513 5.98
      vertex 2.22038 -9.29446 5.98
    endloop
  endfacet
  facet normal -0 0 1
    outer loop
      vertex 1.20104 -12.4975 5.98
      vertex 3.23358 -13.3394 5.98
      vertex 1.24402 -12.3774 5.98
    endloop
  endfacet
  facet normal 0 0 1
    outer loop
      vertex 0.824711 -10.9951 5.98
      vertex 2.22038 -9.29446 5.98
      vertex 1.9445 -9.08986 5.98
    endloop
  endfacet
  facet normal 0 0 1
    outer loop
      vertex 3.23358 -13.3394 5.98
      vertex 1.20104 -12.4975 5.98
      vertex 3.08672 -13.6499 5.98
    endloop
  endfacet
  facet normal 0 0 1
    outer loop
      vertex 0.72224 -10.9191 5.98
      vertex 1.9445 -9.08986 5.98
      vertex 1.64989 -8.91328 5.98
    endloop
  endfacet
  facet normal -0 0 1
    outer loop
      vertex 1.1465 -12.6128 5.98
      vertex 3.08672 -13.6499 5.98
      vertex 1.20104 -12.4975 5.98
    endloop
  endfacet
  facet normal 0 0 1
    outer loop
      vertex 0.612815 -10.8535 5.98
      vertex 1.64989 -8.91328 5.98
      vertex 1.33939 -8.76642 5.98
    endloop
  endfacet
  facet normal 0 0 1
    outer loop
      vertex 3.08672 -13.6499 5.98
      vertex 1.1465 -12.6128 5.98
      vertex 2.91014 -13.9445 5.98
    endloop
  endfacet
  facet normal -0 0 1
    outer loop
      vertex 1.08091 -12.7222 5.98
      vertex 2.91014 -13.9445 5.98
      vertex 1.1465 -12.6128 5.98
    endloop
  endfacet
  facet normal 0 0 1
    outer loop
      vertex 3.48315 -11.6569 5.98
      vertex 1.29374 -11.8726 5.98
      vertex 1.3 -12 5.98
    endloop
  endfacet
  facet normal 0 0 1
    outer loop
      vertex 3.43275 -11.3172 5.98
      vertex 1.27502 -11.7464 5.98
      vertex 1.29374 -11.8726 5.98
    endloop
  endfacet
  facet normal 0 0 1
    outer loop
      vertex 3.34929 -10.984 5.98
      vertex 1.24402 -11.6226 5.98
      vertex 1.27502 -11.7464 5.98
    endloop
  endfacet
  facet normal 0 0 1
    outer loop
      vertex 3.23358 -10.6606 5.98
      vertex 1.20104 -11.5025 5.98
      vertex 1.24402 -11.6226 5.98
    endloop
  endfacet
  facet normal 0 0 1
    outer loop
      vertex 3.08672 -10.3501 5.98
      vertex 1.1465 -11.3872 5.98
      vertex 1.20104 -11.5025 5.98
    endloop
  endfacet
  facet normal 0 0 1
    outer loop
      vertex 2.91014 -10.0555 5.98
      vertex 1.08091 -11.2778 5.98
      vertex 1.1465 -11.3872 5.98
    endloop
  endfacet
  facet normal 0 0 1
    outer loop
      vertex 0.497488 -10.799 5.98
      vertex 1.33939 -8.76642 5.98
      vertex 1.016 -8.65071 5.98
    endloop
  endfacet
  facet normal 0 0 1
    outer loop
      vertex 2.70554 -9.77962 5.98
      vertex 1.00491 -11.1753 5.98
      vertex 1.08091 -11.2778 5.98
    endloop
  endfacet
  facet normal 0 0 1
    outer loop
      vertex 2.47487 -9.52513 5.98
      vertex 0.919238 -11.0808 5.98
      vertex 1.00491 -11.1753 5.98
    endloop
  endfacet
  facet normal 0 0 1
    outer loop
      vertex 2.22038 -9.29446 5.98
      vertex 0.824711 -10.9951 5.98
      vertex 0.919238 -11.0808 5.98
    endloop
  endfacet
  facet normal 0 0 1
    outer loop
      vertex 1.9445 -9.08986 5.98
      vertex 0.72224 -10.9191 5.98
      vertex 0.824711 -10.9951 5.98
    endloop
  endfacet
  facet normal 0 0 1
    outer loop
      vertex 0.37737 -10.756 5.98
      vertex 1.016 -8.65071 5.98
      vertex 0.682816 -8.56725 5.98
    endloop
  endfacet
  facet normal 0 0 1
    outer loop
      vertex 1.64989 -8.91328 5.98
      vertex 0.612815 -10.8535 5.98
      vertex 0.72224 -10.9191 5.98
    endloop
  endfacet
  facet normal 0 0 1
    outer loop
      vertex 1.33939 -8.76642 5.98
      vertex 0.497488 -10.799 5.98
      vertex 0.612815 -10.8535 5.98
    endloop
  endfacet
  facet normal 0 0 1
    outer loop
      vertex 1.016 -8.65071 5.98
      vertex 0.37737 -10.756 5.98
      vertex 0.497488 -10.799 5.98
    endloop
  endfacet
  facet normal 0 0 1
    outer loop
      vertex 0.253617 -10.725 5.98
      vertex 0.682816 -8.56725 5.98
      vertex 0.34306 -8.51685 5.98
    endloop
  endfacet
  facet normal 0 0 1
    outer loop
      vertex 0.682816 -8.56725 5.98
      vertex 0.253617 -10.725 5.98
      vertex 0.37737 -10.756 5.98
    endloop
  endfacet
  facet normal 0 0 1
    outer loop
      vertex 0.34306 -8.51685 5.98
      vertex 0.127421 -10.7063 5.98
      vertex 0.253617 -10.725 5.98
    endloop
  endfacet
  facet normal 0 0 1
    outer loop
      vertex 0 -8.5 5.98
      vertex 0.127421 -10.7063 5.98
      vertex 0.34306 -8.51685 5.98
    endloop
  endfacet
  facet normal 0 0 1
    outer loop
      vertex 0 -8.5 5.98
      vertex 0 -10.7 5.98
      vertex 0.127421 -10.7063 5.98
    endloop
  endfacet
  facet normal 0 0 1
    outer loop
      vertex 0 -8.5 5.98
      vertex -0.127421 -10.7063 5.98
      vertex 0 -10.7 5.98
    endloop
  endfacet
  facet normal -0 0 1
    outer loop
      vertex -0.34306 -8.51685 5.98
      vertex -0.127421 -10.7063 5.98
      vertex 0 -8.5 5.98
    endloop
  endfacet
  facet normal 0 0 1
    outer loop
      vertex -0.127421 -10.7063 5.98
      vertex -0.34306 -8.51685 5.98
      vertex -0.253617 -10.725 5.98
    endloop
  endfacet
  facet normal -0 0 1
    outer loop
      vertex -0.682816 -8.56725 5.98
      vertex -0.253617 -10.725 5.98
      vertex -0.34306 -8.51685 5.98
    endloop
  endfacet
  facet normal 0 0 1
    outer loop
      vertex -0.253617 -10.725 5.98
      vertex -0.682816 -8.56725 5.98
      vertex -0.37737 -10.756 5.98
    endloop
  endfacet
  facet normal -0 0 1
    outer loop
      vertex -1.016 -8.65071 5.98
      vertex -0.37737 -10.756 5.98
      vertex -0.682816 -8.56725 5.98
    endloop
  endfacet
  facet normal 0 0 1
    outer loop
      vertex -0.37737 -10.756 5.98
      vertex -1.016 -8.65071 5.98
      vertex -0.497488 -10.799 5.98
    endloop
  endfacet
  facet normal -0 0 1
    outer loop
      vertex -1.33939 -8.76642 5.98
      vertex -0.497488 -10.799 5.98
      vertex -1.016 -8.65071 5.98
    endloop
  endfacet
  facet normal 0 0 1
    outer loop
      vertex -0.497488 -10.799 5.98
      vertex -1.33939 -8.76642 5.98
      vertex -0.612815 -10.8535 5.98
    endloop
  endfacet
  facet normal -0 0 1
    outer loop
      vertex -1.64989 -8.91328 5.98
      vertex -0.612815 -10.8535 5.98
      vertex -1.33939 -8.76642 5.98
    endloop
  endfacet
  facet normal 0 0 1
    outer loop
      vertex -0.612815 -10.8535 5.98
      vertex -1.64989 -8.91328 5.98
      vertex -0.72224 -10.9191 5.98
    endloop
  endfacet
  facet normal -0 0 1
    outer loop
      vertex -1.9445 -9.08986 5.98
      vertex -0.72224 -10.9191 5.98
      vertex -1.64989 -8.91328 5.98
    endloop
  endfacet
  facet normal 0 0 1
    outer loop
      vertex -0.72224 -10.9191 5.98
      vertex -1.9445 -9.08986 5.98
      vertex -0.824711 -10.9951 5.98
    endloop
  endfacet
  facet normal -0 0 1
    outer loop
      vertex -2.22038 -9.29446 5.98
      vertex -0.824711 -10.9951 5.98
      vertex -1.9445 -9.08986 5.98
    endloop
  endfacet
  facet normal 0 0 1
    outer loop
      vertex -0.824711 -10.9951 5.98
      vertex -2.22038 -9.29446 5.98
      vertex -0.919238 -11.0808 5.98
    endloop
  endfacet
  facet normal -0 0 1
    outer loop
      vertex -2.47487 -9.52513 5.98
      vertex -0.919238 -11.0808 5.98
      vertex -2.22038 -9.29446 5.98
    endloop
  endfacet
  facet normal 0 0 1
    outer loop
      vertex -0.919238 -11.0808 5.98
      vertex -2.47487 -9.52513 5.98
      vertex -1.00491 -11.1753 5.98
    endloop
  endfacet
  facet normal -0 0 1
    outer loop
      vertex -2.70554 -9.77962 5.98
      vertex -1.00491 -11.1753 5.98
      vertex -2.47487 -9.52513 5.98
    endloop
  endfacet
  facet normal -0 0 1
    outer loop
      vertex -2.91014 -10.0555 5.98
      vertex -1.08091 -11.2778 5.98
      vertex -2.70554 -9.77962 5.98
    endloop
  endfacet
  facet normal 0 0 1
    outer loop
      vertex -1.00491 -11.1753 5.98
      vertex -2.70554 -9.77962 5.98
      vertex -1.08091 -11.2778 5.98
    endloop
  endfacet
  facet normal 0 0 1
    outer loop
      vertex 2.91014 -13.9445 5.98
      vertex 1.08091 -12.7222 5.98
      vertex 2.70554 -14.2204 5.98
    endloop
  endfacet
  facet normal -0 0 1
    outer loop
      vertex 1.00491 -12.8247 5.98
      vertex 2.70554 -14.2204 5.98
      vertex 1.08091 -12.7222 5.98
    endloop
  endfacet
  facet normal 0 0 1
    outer loop
      vertex 2.70554 -14.2204 5.98
      vertex 1.00491 -12.8247 5.98
      vertex 2.47487 -14.4749 5.98
    endloop
  endfacet
  facet normal -0 0 1
    outer loop
      vertex 0.919238 -12.9192 5.98
      vertex 2.47487 -14.4749 5.98
      vertex 1.00491 -12.8247 5.98
    endloop
  endfacet
  facet normal 0 0 1
    outer loop
      vertex 2.47487 -14.4749 5.98
      vertex 0.919238 -12.9192 5.98
      vertex 2.22038 -14.7055 5.98
    endloop
  endfacet
  facet normal -0 0 1
    outer loop
      vertex 0.824711 -13.0049 5.98
      vertex 2.22038 -14.7055 5.98
      vertex 0.919238 -12.9192 5.98
    endloop
  endfacet
  facet normal 0 0 1
    outer loop
      vertex 2.22038 -14.7055 5.98
      vertex 0.824711 -13.0049 5.98
      vertex 1.9445 -14.9101 5.98
    endloop
  endfacet
  facet normal -0 0 1
    outer loop
      vertex 0.72224 -13.0809 5.98
      vertex 1.9445 -14.9101 5.98
      vertex 0.824711 -13.0049 5.98
    endloop
  endfacet
  facet normal 0 0 1
    outer loop
      vertex 1.9445 -14.9101 5.98
      vertex 0.72224 -13.0809 5.98
      vertex 1.64989 -15.0867 5.98
    endloop
  endfacet
  facet normal -0 0 1
    outer loop
      vertex 0.612815 -13.1465 5.98
      vertex 1.64989 -15.0867 5.98
      vertex 0.72224 -13.0809 5.98
    endloop
  endfacet
  facet normal 0 0 1
    outer loop
      vertex 1.64989 -15.0867 5.98
      vertex 0.612815 -13.1465 5.98
      vertex 1.33939 -15.2336 5.98
    endloop
  endfacet
  facet normal -0 0 1
    outer loop
      vertex 0.497488 -13.201 5.98
      vertex 1.33939 -15.2336 5.98
      vertex 0.612815 -13.1465 5.98
    endloop
  endfacet
  facet normal 0 0 1
    outer loop
      vertex 1.33939 -15.2336 5.98
      vertex 0.497488 -13.201 5.98
      vertex 1.016 -15.3493 5.98
    endloop
  endfacet
  facet normal -0 0 1
    outer loop
      vertex 0.37737 -13.244 5.98
      vertex 1.016 -15.3493 5.98
      vertex 0.497488 -13.201 5.98
    endloop
  endfacet
  facet normal 0 0 1
    outer loop
      vertex 1.016 -15.3493 5.98
      vertex 0.37737 -13.244 5.98
      vertex 0.682816 -15.4327 5.98
    endloop
  endfacet
  facet normal -0 0 1
    outer loop
      vertex 0.253617 -13.275 5.98
      vertex 0.682816 -15.4327 5.98
      vertex 0.37737 -13.244 5.98
    endloop
  endfacet
  facet normal 0 0 1
    outer loop
      vertex 0.682816 -15.4327 5.98
      vertex 0.253617 -13.275 5.98
      vertex 0.34306 -15.4831 5.98
    endloop
  endfacet
  facet normal -0 0 1
    outer loop
      vertex 0.127421 -13.2937 5.98
      vertex 0.34306 -15.4831 5.98
      vertex 0.253617 -13.275 5.98
    endloop
  endfacet
  facet normal -0 0 1
    outer loop
      vertex 0 -13.3 5.98
      vertex 0.34306 -15.4831 5.98
      vertex 0.127421 -13.2937 5.98
    endloop
  endfacet
  facet normal 0 0 1
    outer loop
      vertex 0 -13.3 5.98
      vertex 0 -15.5 5.98
      vertex 0.34306 -15.4831 5.98
    endloop
  endfacet
  facet normal 0 0 1
    outer loop
      vertex -0.127421 -13.2937 5.98
      vertex 0 -15.5 5.98
      vertex 0 -13.3 5.98
    endloop
  endfacet
  facet normal 0 0 1
    outer loop
      vertex -0.34306 -15.4831 5.98
      vertex -0.127421 -13.2937 5.98
      vertex -0.253617 -13.275 5.98
    endloop
  endfacet
  facet normal 0 0 1
    outer loop
      vertex -0.127421 -13.2937 5.98
      vertex -0.34306 -15.4831 5.98
      vertex 0 -15.5 5.98
    endloop
  endfacet
  facet normal 0 0 1
    outer loop
      vertex -0.682816 -15.4327 5.98
      vertex -0.253617 -13.275 5.98
      vertex -0.37737 -13.244 5.98
    endloop
  endfacet
  facet normal 0 0 1
    outer loop
      vertex -1.016 -15.3493 5.98
      vertex -0.37737 -13.244 5.98
      vertex -0.497488 -13.201 5.98
    endloop
  endfacet
  facet normal 0 0 1
    outer loop
      vertex -1.33939 -15.2336 5.98
      vertex -0.497488 -13.201 5.98
      vertex -0.612815 -13.1465 5.98
    endloop
  endfacet
  facet normal 0 0 1
    outer loop
      vertex -0.253617 -13.275 5.98
      vertex -0.682816 -15.4327 5.98
      vertex -0.34306 -15.4831 5.98
    endloop
  endfacet
  facet normal 0 0 1
    outer loop
      vertex -1.64989 -15.0867 5.98
      vertex -0.612815 -13.1465 5.98
      vertex -0.72224 -13.0809 5.98
    endloop
  endfacet
  facet normal 0 0 1
    outer loop
      vertex -1.9445 -14.9101 5.98
      vertex -0.72224 -13.0809 5.98
      vertex -0.824711 -13.0049 5.98
    endloop
  endfacet
  facet normal 0 0 1
    outer loop
      vertex -2.22038 -14.7055 5.98
      vertex -0.824711 -13.0049 5.98
      vertex -0.919238 -12.9192 5.98
    endloop
  endfacet
  facet normal 0 0 1
    outer loop
      vertex -2.47487 -14.4749 5.98
      vertex -0.919238 -12.9192 5.98
      vertex -1.00491 -12.8247 5.98
    endloop
  endfacet
  facet normal 0 0 1
    outer loop
      vertex -0.37737 -13.244 5.98
      vertex -1.016 -15.3493 5.98
      vertex -0.682816 -15.4327 5.98
    endloop
  endfacet
  facet normal 0 0 1
    outer loop
      vertex -2.70554 -14.2204 5.98
      vertex -1.00491 -12.8247 5.98
      vertex -1.08091 -12.7222 5.98
    endloop
  endfacet
  facet normal 0 0 1
    outer loop
      vertex -2.91014 -13.9445 5.98
      vertex -1.08091 -12.7222 5.98
      vertex -1.1465 -12.6128 5.98
    endloop
  endfacet
  facet normal 0 0 1
    outer loop
      vertex -3.08672 -13.6499 5.98
      vertex -1.1465 -12.6128 5.98
      vertex -1.20104 -12.4975 5.98
    endloop
  endfacet
  facet normal 0 0 1
    outer loop
      vertex -3.23358 -13.3394 5.98
      vertex -1.20104 -12.4975 5.98
      vertex -1.24402 -12.3774 5.98
    endloop
  endfacet
  facet normal 0 0 1
    outer loop
      vertex -3.34929 -13.016 5.98
      vertex -1.24402 -12.3774 5.98
      vertex -1.27502 -12.2536 5.98
    endloop
  endfacet
  facet normal 0 0 1
    outer loop
      vertex -3.43275 -12.6828 5.98
      vertex -1.27502 -12.2536 5.98
      vertex -1.29374 -12.1274 5.98
    endloop
  endfacet
  facet normal 0 0 1
    outer loop
      vertex -0.497488 -13.201 5.98
      vertex -1.33939 -15.2336 5.98
      vertex -1.016 -15.3493 5.98
    endloop
  endfacet
  facet normal 0 0 1
    outer loop
      vertex -3.48315 -12.3431 5.98
      vertex -1.29374 -12.1274 5.98
      vertex -1.3 -12 5.98
    endloop
  endfacet
  facet normal 0 0 1
    outer loop
      vertex -1.08091 -11.2778 5.98
      vertex -2.91014 -10.0555 5.98
      vertex -1.1465 -11.3872 5.98
    endloop
  endfacet
  facet normal -0 0 1
    outer loop
      vertex -3.08672 -10.3501 5.98
      vertex -1.1465 -11.3872 5.98
      vertex -2.91014 -10.0555 5.98
    endloop
  endfacet
  facet normal 0 0 1
    outer loop
      vertex -0.612815 -13.1465 5.98
      vertex -1.64989 -15.0867 5.98
      vertex -1.33939 -15.2336 5.98
    endloop
  endfacet
  facet normal 0 0 1
    outer loop
      vertex -1.1465 -11.3872 5.98
      vertex -3.08672 -10.3501 5.98
      vertex -1.20104 -11.5025 5.98
    endloop
  endfacet
  facet normal 0 0 1
    outer loop
      vertex -0.72224 -13.0809 5.98
      vertex -1.9445 -14.9101 5.98
      vertex -1.64989 -15.0867 5.98
    endloop
  endfacet
  facet normal -0 0 1
    outer loop
      vertex -3.23358 -10.6606 5.98
      vertex -1.20104 -11.5025 5.98
      vertex -3.08672 -10.3501 5.98
    endloop
  endfacet
  facet normal 0 0 1
    outer loop
      vertex -0.824711 -13.0049 5.98
      vertex -2.22038 -14.7055 5.98
      vertex -1.9445 -14.9101 5.98
    endloop
  endfacet
  facet normal 0 0 1
    outer loop
      vertex -1.20104 -11.5025 5.98
      vertex -3.23358 -10.6606 5.98
      vertex -1.24402 -11.6226 5.98
    endloop
  endfacet
  facet normal 0 0 1
    outer loop
      vertex -0.919238 -12.9192 5.98
      vertex -2.47487 -14.4749 5.98
      vertex -2.22038 -14.7055 5.98
    endloop
  endfacet
  facet normal -0 0 1
    outer loop
      vertex -3.34929 -10.984 5.98
      vertex -1.24402 -11.6226 5.98
      vertex -3.23358 -10.6606 5.98
    endloop
  endfacet
  facet normal 0 0 1
    outer loop
      vertex -1.00491 -12.8247 5.98
      vertex -2.70554 -14.2204 5.98
      vertex -2.47487 -14.4749 5.98
    endloop
  endfacet
  facet normal 0 0 1
    outer loop
      vertex -1.24402 -11.6226 5.98
      vertex -3.34929 -10.984 5.98
      vertex -1.27502 -11.7464 5.98
    endloop
  endfacet
  facet normal 0 0 1
    outer loop
      vertex -1.08091 -12.7222 5.98
      vertex -2.91014 -13.9445 5.98
      vertex -2.70554 -14.2204 5.98
    endloop
  endfacet
  facet normal -0 0 1
    outer loop
      vertex -3.43275 -11.3172 5.98
      vertex -1.27502 -11.7464 5.98
      vertex -3.34929 -10.984 5.98
    endloop
  endfacet
  facet normal 0 0 1
    outer loop
      vertex -1.1465 -12.6128 5.98
      vertex -3.08672 -13.6499 5.98
      vertex -2.91014 -13.9445 5.98
    endloop
  endfacet
  facet normal 0 0 1
    outer loop
      vertex -1.27502 -11.7464 5.98
      vertex -3.43275 -11.3172 5.98
      vertex -1.29374 -11.8726 5.98
    endloop
  endfacet
  facet normal 0 0 1
    outer loop
      vertex -1.20104 -12.4975 5.98
      vertex -3.23358 -13.3394 5.98
      vertex -3.08672 -13.6499 5.98
    endloop
  endfacet
  facet normal -0 0 1
    outer loop
      vertex -3.48315 -11.6569 5.98
      vertex -1.29374 -11.8726 5.98
      vertex -3.43275 -11.3172 5.98
    endloop
  endfacet
  facet normal 0 0 1
    outer loop
      vertex -1.24402 -12.3774 5.98
      vertex -3.34929 -13.016 5.98
      vertex -3.23358 -13.3394 5.98
    endloop
  endfacet
  facet normal 0 0 1
    outer loop
      vertex -1.29374 -11.8726 5.98
      vertex -3.48315 -11.6569 5.98
      vertex -1.3 -12 5.98
    endloop
  endfacet
  facet normal 0 0 1
    outer loop
      vertex -1.27502 -12.2536 5.98
      vertex -3.43275 -12.6828 5.98
      vertex -3.34929 -13.016 5.98
    endloop
  endfacet
  facet normal 0 0 1
    outer loop
      vertex -3.5 -12 5.98
      vertex -1.3 -12 5.98
      vertex -3.48315 -11.6569 5.98
    endloop
  endfacet
  facet normal 0 0 1
    outer loop
      vertex -1.29374 -12.1274 5.98
      vertex -3.48315 -12.3431 5.98
      vertex -3.43275 -12.6828 5.98
    endloop
  endfacet
  facet normal 0 0 1
    outer loop
      vertex -1.3 -12 5.98
      vertex -3.5 -12 5.98
      vertex -3.48315 -12.3431 5.98
    endloop
  endfacet
  facet normal 0.427263 0.904127 -0
    outer loop
      vertex -0.497488 -13.201 2.98
      vertex -0.612815 -13.1465 5.98
      vertex -0.497488 -13.201 5.98
    endloop
  endfacet
  facet normal 0.427263 0.904127 0
    outer loop
      vertex -0.612815 -13.1465 5.98
      vertex -0.497488 -13.201 2.98
      vertex -0.612815 -13.1465 2.98
    endloop
  endfacet
  facet normal 0.427263 0.904127 -0
    outer loop
      vertex -0.497488 -13.201 -0.02
      vertex -0.612815 -13.1465 -0.0199995
      vertex -0.497488 -13.201 -0.0199995
    endloop
  endfacet
  facet normal 0.427263 0.904127 0
    outer loop
      vertex -0.612815 -13.1465 -0.0199995
      vertex -0.497488 -13.201 -0.02
      vertex -0.612815 -13.1465 -0.02
    endloop
  endfacet
  facet normal -0.989177 -0.14673 0
    outer loop
      vertex 1.29374 -11.8726 2.98
      vertex 1.27502 -11.7464 5.98
      vertex 1.27502 -11.7464 2.98
    endloop
  endfacet
  facet normal -0.989177 -0.14673 0
    outer loop
      vertex 1.27502 -11.7464 5.98
      vertex 1.29374 -11.8726 2.98
      vertex 1.29374 -11.8726 5.98
    endloop
  endfacet
  facet normal -0.989177 -0.14673 0
    outer loop
      vertex 1.29374 -11.8726 -0.02
      vertex 1.27502 -11.7464 -0.0199995
      vertex 1.27502 -11.7464 -0.02
    endloop
  endfacet
  facet normal -0.989177 -0.14673 0
    outer loop
      vertex 1.27502 -11.7464 -0.0199995
      vertex 1.29374 -11.8726 -0.02
      vertex 1.29374 -11.8726 -0.0199995
    endloop
  endfacet
  facet normal -0.998795 -0.0490774 0
    outer loop
      vertex 1.3 -12 2.98
      vertex 1.29374 -11.8726 5.98
      vertex 1.29374 -11.8726 2.98
    endloop
  endfacet
  facet normal -0.998795 -0.0490774 0
    outer loop
      vertex 1.29374 -11.8726 5.98
      vertex 1.3 -12 2.98
      vertex 1.3 -12 5.98
    endloop
  endfacet
  facet normal -0.998795 -0.0490774 0
    outer loop
      vertex 1.3 -12 -0.02
      vertex 1.29374 -11.8726 -0.0199995
      vertex 1.29374 -11.8726 -0.02
    endloop
  endfacet
  facet normal -0.998795 -0.0490774 0
    outer loop
      vertex 1.29374 -11.8726 -0.0199995
      vertex 1.3 -12 -0.02
      vertex 1.3 -12 -0.0199995
    endloop
  endfacet
  facet normal -0.97005 -0.242904 0
    outer loop
      vertex 1.27502 -11.7464 2.98
      vertex 1.24402 -11.6226 5.98
      vertex 1.24402 -11.6226 2.98
    endloop
  endfacet
  facet normal -0.97005 -0.242904 0
    outer loop
      vertex 1.24402 -11.6226 5.98
      vertex 1.27502 -11.7464 2.98
      vertex 1.27502 -11.7464 5.98
    endloop
  endfacet
  facet normal -0.97005 -0.242904 0
    outer loop
      vertex 1.27502 -11.7464 -0.02
      vertex 1.24402 -11.6226 -0.0199995
      vertex 1.24402 -11.6226 -0.02
    endloop
  endfacet
  facet normal -0.97005 -0.242904 0
    outer loop
      vertex 1.24402 -11.6226 -0.0199995
      vertex 1.27502 -11.7464 -0.02
      vertex 1.27502 -11.7464 -0.0199995
    endloop
  endfacet
  facet normal -0.427263 0.904127 0
    outer loop
      vertex 0.612815 -13.1465 2.98
      vertex 0.497488 -13.201 5.98
      vertex 0.612815 -13.1465 5.98
    endloop
  endfacet
  facet normal -0.427263 0.904127 0
    outer loop
      vertex 0.497488 -13.201 5.98
      vertex 0.612815 -13.1465 2.98
      vertex 0.497488 -13.201 2.98
    endloop
  endfacet
  facet normal -0.427263 0.904127 0
    outer loop
      vertex 0.612815 -13.1465 -0.02
      vertex 0.497488 -13.201 -0.0199995
      vertex 0.612815 -13.1465 -0.0199995
    endloop
  endfacet
  facet normal -0.427263 0.904127 0
    outer loop
      vertex 0.497488 -13.201 -0.0199995
      vertex 0.612815 -13.1465 -0.02
      vertex 0.497488 -13.201 -0.02
    endloop
  endfacet
  facet normal 0.146582 -0.989199 0
    outer loop
      vertex -0.253617 -10.725 2.98
      vertex -0.127421 -10.7063 5.98
      vertex -0.253617 -10.725 5.98
    endloop
  endfacet
  facet normal 0.146582 -0.989199 0
    outer loop
      vertex -0.127421 -10.7063 5.98
      vertex -0.253617 -10.725 2.98
      vertex -0.127421 -10.7063 2.98
    endloop
  endfacet
  facet normal 0.146582 -0.989199 0
    outer loop
      vertex -0.253617 -10.725 -0.02
      vertex -0.127421 -10.7063 -0.0199995
      vertex -0.253617 -10.725 -0.0199995
    endloop
  endfacet
  facet normal 0.146582 -0.989199 0
    outer loop
      vertex -0.127421 -10.7063 -0.0199995
      vertex -0.253617 -10.725 -0.02
      vertex -0.127421 -10.7063 -0.02
    endloop
  endfacet
  facet normal 0.941525 0.336942 0
    outer loop
      vertex -1.20104 -12.4975 5.98
      vertex -1.24402 -12.3774 2.98
      vertex -1.24402 -12.3774 5.98
    endloop
  endfacet
  facet normal 0.941525 0.336942 0
    outer loop
      vertex -1.24402 -12.3774 2.98
      vertex -1.20104 -12.4975 5.98
      vertex -1.20104 -12.4975 2.98
    endloop
  endfacet
  facet normal 0.941525 0.336942 0
    outer loop
      vertex -1.20104 -12.4975 -0.0199995
      vertex -1.24402 -12.3774 -0.02
      vertex -1.24402 -12.3774 -0.0199995
    endloop
  endfacet
  facet normal 0.941525 0.336942 0
    outer loop
      vertex -1.24402 -12.3774 -0.02
      vertex -1.20104 -12.4975 -0.0199995
      vertex -1.20104 -12.4975 -0.02
    endloop
  endfacet
  facet normal -0.514179 -0.857683 0
    outer loop
      vertex 0.612815 -10.8535 2.98
      vertex 0.72224 -10.9191 5.98
      vertex 0.612815 -10.8535 5.98
    endloop
  endfacet
  facet normal -0.514179 -0.857683 -0
    outer loop
      vertex 0.72224 -10.9191 5.98
      vertex 0.612815 -10.8535 2.98
      vertex 0.72224 -10.9191 2.98
    endloop
  endfacet
  facet normal -0.514179 -0.857683 0
    outer loop
      vertex 0.612815 -10.8535 -0.02
      vertex 0.72224 -10.9191 -0.0199995
      vertex 0.612815 -10.8535 -0.0199995
    endloop
  endfacet
  facet normal -0.514179 -0.857683 -0
    outer loop
      vertex 0.72224 -10.9191 -0.0199995
      vertex 0.612815 -10.8535 -0.02
      vertex 0.72224 -10.9191 -0.02
    endloop
  endfacet
  facet normal 0.242991 0.970029 -0
    outer loop
      vertex -0.253617 -13.275 2.98
      vertex -0.37737 -13.244 5.98
      vertex -0.253617 -13.275 5.98
    endloop
  endfacet
  facet normal 0.242991 0.970029 0
    outer loop
      vertex -0.37737 -13.244 5.98
      vertex -0.253617 -13.275 2.98
      vertex -0.37737 -13.244 2.98
    endloop
  endfacet
  facet normal 0.242991 0.970029 -0
    outer loop
      vertex -0.253617 -13.275 -0.02
      vertex -0.37737 -13.244 -0.0199995
      vertex -0.253617 -13.275 -0.0199995
    endloop
  endfacet
  facet normal 0.242991 0.970029 0
    outer loop
      vertex -0.37737 -13.244 -0.0199995
      vertex -0.253617 -13.275 -0.02
      vertex -0.37737 -13.244 -0.02
    endloop
  endfacet
  facet normal -0.242991 0.970029 0
    outer loop
      vertex 0.37737 -13.244 2.98
      vertex 0.253617 -13.275 5.98
      vertex 0.37737 -13.244 5.98
    endloop
  endfacet
  facet normal -0.242991 0.970029 0
    outer loop
      vertex 0.253617 -13.275 5.98
      vertex 0.37737 -13.244 2.98
      vertex 0.253617 -13.275 2.98
    endloop
  endfacet
  facet normal -0.242991 0.970029 0
    outer loop
      vertex 0.37737 -13.244 -0.02
      vertex 0.253617 -13.275 -0.0199995
      vertex 0.37737 -13.244 -0.0199995
    endloop
  endfacet
  facet normal -0.242991 0.970029 0
    outer loop
      vertex 0.253617 -13.275 -0.0199995
      vertex 0.37737 -13.244 -0.02
      vertex 0.253617 -13.275 -0.02
    endloop
  endfacet
  facet normal 0.514179 -0.857683 0
    outer loop
      vertex -0.72224 -10.9191 2.98
      vertex -0.612815 -10.8535 5.98
      vertex -0.72224 -10.9191 5.98
    endloop
  endfacet
  facet normal 0.514179 -0.857683 0
    outer loop
      vertex -0.612815 -10.8535 5.98
      vertex -0.72224 -10.9191 2.98
      vertex -0.612815 -10.8535 2.98
    endloop
  endfacet
  facet normal 0.514179 -0.857683 0
    outer loop
      vertex -0.72224 -10.9191 -0.02
      vertex -0.612815 -10.8535 -0.0199995
      vertex -0.72224 -10.9191 -0.0199995
    endloop
  endfacet
  facet normal 0.514179 -0.857683 0
    outer loop
      vertex -0.612815 -10.8535 -0.0199995
      vertex -0.72224 -10.9191 -0.02
      vertex -0.612815 -10.8535 -0.02
    endloop
  endfacet
  facet normal 0.595711 -0.803199 0
    outer loop
      vertex -0.824711 -10.9951 2.98
      vertex -0.72224 -10.9191 5.98
      vertex -0.824711 -10.9951 5.98
    endloop
  endfacet
  facet normal 0.595711 -0.803199 0
    outer loop
      vertex -0.72224 -10.9191 5.98
      vertex -0.824711 -10.9951 2.98
      vertex -0.72224 -10.9191 2.98
    endloop
  endfacet
  facet normal 0.595711 -0.803199 0
    outer loop
      vertex -0.824711 -10.9951 -0.02
      vertex -0.72224 -10.9191 -0.0199995
      vertex -0.824711 -10.9951 -0.0199995
    endloop
  endfacet
  facet normal 0.595711 -0.803199 0
    outer loop
      vertex -0.72224 -10.9191 -0.0199995
      vertex -0.824711 -10.9951 -0.02
      vertex -0.72224 -10.9191 -0.02
    endloop
  endfacet
  facet normal -0.146582 -0.989199 0
    outer loop
      vertex 0.127421 -10.7063 2.98
      vertex 0.253617 -10.725 5.98
      vertex 0.127421 -10.7063 5.98
    endloop
  endfacet
  facet normal -0.146582 -0.989199 -0
    outer loop
      vertex 0.253617 -10.725 5.98
      vertex 0.127421 -10.7063 2.98
      vertex 0.253617 -10.725 2.98
    endloop
  endfacet
  facet normal -0.146582 -0.989199 0
    outer loop
      vertex 0.127421 -10.7063 -0.02
      vertex 0.253617 -10.725 -0.0199995
      vertex 0.127421 -10.7063 -0.0199995
    endloop
  endfacet
  facet normal -0.146582 -0.989199 -0
    outer loop
      vertex 0.253617 -10.725 -0.0199995
      vertex 0.127421 -10.7063 -0.02
      vertex 0.253617 -10.725 -0.02
    endloop
  endfacet
  facet normal -0.0493821 0.99878 0
    outer loop
      vertex 0.127421 -13.2937 2.98
      vertex 0 -13.3 5.98
      vertex 0.127421 -13.2937 5.98
    endloop
  endfacet
  facet normal -0.0493821 0.99878 0
    outer loop
      vertex 0 -13.3 5.98
      vertex 0.127421 -13.2937 2.98
      vertex 0 -13.3 2.98
    endloop
  endfacet
  facet normal -0.0493821 0.99878 0
    outer loop
      vertex 0.127421 -13.2937 -0.02
      vertex 0 -13.3 -0.0199995
      vertex 0.127421 -13.2937 -0.0199995
    endloop
  endfacet
  facet normal -0.0493821 0.99878 0
    outer loop
      vertex 0 -13.3 -0.0199995
      vertex 0.127421 -13.2937 -0.02
      vertex 0 -13.3 -0.02
    endloop
  endfacet
  facet normal 0.514179 0.857683 -0
    outer loop
      vertex -0.612815 -13.1465 2.98
      vertex -0.72224 -13.0809 5.98
      vertex -0.612815 -13.1465 5.98
    endloop
  endfacet
  facet normal 0.514179 0.857683 0
    outer loop
      vertex -0.72224 -13.0809 5.98
      vertex -0.612815 -13.1465 2.98
      vertex -0.72224 -13.0809 2.98
    endloop
  endfacet
  facet normal 0.514179 0.857683 -0
    outer loop
      vertex -0.612815 -13.1465 -0.02
      vertex -0.72224 -13.0809 -0.0199995
      vertex -0.612815 -13.1465 -0.0199995
    endloop
  endfacet
  facet normal 0.514179 0.857683 0
    outer loop
      vertex -0.72224 -13.0809 -0.0199995
      vertex -0.612815 -13.1465 -0.02
      vertex -0.72224 -13.0809 -0.02
    endloop
  endfacet
  facet normal 0.989177 -0.14673 0
    outer loop
      vertex -1.29374 -11.8726 5.98
      vertex -1.27502 -11.7464 2.98
      vertex -1.27502 -11.7464 5.98
    endloop
  endfacet
  facet normal 0.989177 -0.14673 0
    outer loop
      vertex -1.27502 -11.7464 2.98
      vertex -1.29374 -11.8726 5.98
      vertex -1.29374 -11.8726 2.98
    endloop
  endfacet
  facet normal 0.989177 -0.14673 0
    outer loop
      vertex -1.29374 -11.8726 -0.0199995
      vertex -1.27502 -11.7464 -0.02
      vertex -1.27502 -11.7464 -0.0199995
    endloop
  endfacet
  facet normal 0.989177 -0.14673 0
    outer loop
      vertex -1.27502 -11.7464 -0.02
      vertex -1.29374 -11.8726 -0.0199995
      vertex -1.29374 -11.8726 -0.02
    endloop
  endfacet
  facet normal -0.903968 -0.427601 0
    outer loop
      vertex 1.20104 -11.5025 2.98
      vertex 1.1465 -11.3872 5.98
      vertex 1.1465 -11.3872 2.98
    endloop
  endfacet
  facet normal -0.903968 -0.427601 0
    outer loop
      vertex 1.1465 -11.3872 5.98
      vertex 1.20104 -11.5025 2.98
      vertex 1.20104 -11.5025 5.98
    endloop
  endfacet
  facet normal -0.903968 -0.427601 0
    outer loop
      vertex 1.20104 -11.5025 -0.02
      vertex 1.1465 -11.3872 -0.0199995
      vertex 1.1465 -11.3872 -0.02
    endloop
  endfacet
  facet normal -0.903968 -0.427601 0
    outer loop
      vertex 1.1465 -11.3872 -0.0199995
      vertex 1.20104 -11.5025 -0.02
      vertex 1.20104 -11.5025 -0.0199995
    endloop
  endfacet
  facet normal 0.146582 0.989199 -0
    outer loop
      vertex -0.127421 -13.2937 2.98
      vertex -0.253617 -13.275 5.98
      vertex -0.127421 -13.2937 5.98
    endloop
  endfacet
  facet normal 0.146582 0.989199 0
    outer loop
      vertex -0.253617 -13.275 5.98
      vertex -0.127421 -13.2937 2.98
      vertex -0.253617 -13.275 2.98
    endloop
  endfacet
  facet normal 0.146582 0.989199 -0
    outer loop
      vertex -0.127421 -13.2937 -0.02
      vertex -0.253617 -13.275 -0.0199995
      vertex -0.127421 -13.2937 -0.0199995
    endloop
  endfacet
  facet normal 0.146582 0.989199 0
    outer loop
      vertex -0.253617 -13.275 -0.0199995
      vertex -0.127421 -13.2937 -0.02
      vertex -0.253617 -13.275 -0.02
    endloop
  endfacet
  facet normal -0.514179 0.857683 0
    outer loop
      vertex 0.72224 -13.0809 2.98
      vertex 0.612815 -13.1465 5.98
      vertex 0.72224 -13.0809 5.98
    endloop
  endfacet
  facet normal -0.514179 0.857683 0
    outer loop
      vertex 0.612815 -13.1465 5.98
      vertex 0.72224 -13.0809 2.98
      vertex 0.612815 -13.1465 2.98
    endloop
  endfacet
  facet normal -0.514179 0.857683 0
    outer loop
      vertex 0.72224 -13.0809 -0.02
      vertex 0.612815 -13.1465 -0.0199995
      vertex 0.72224 -13.0809 -0.0199995
    endloop
  endfacet
  facet normal -0.514179 0.857683 0
    outer loop
      vertex 0.612815 -13.1465 -0.0199995
      vertex 0.72224 -13.0809 -0.02
      vertex 0.612815 -13.1465 -0.02
    endloop
  endfacet
  facet normal 0.903968 0.427601 0
    outer loop
      vertex -1.1465 -12.6128 5.98
      vertex -1.20104 -12.4975 2.98
      vertex -1.20104 -12.4975 5.98
    endloop
  endfacet
  facet normal 0.903968 0.427601 0
    outer loop
      vertex -1.20104 -12.4975 2.98
      vertex -1.1465 -12.6128 5.98
      vertex -1.1465 -12.6128 2.98
    endloop
  endfacet
  facet normal 0.903968 0.427601 0
    outer loop
      vertex -1.1465 -12.6128 -0.0199995
      vertex -1.20104 -12.4975 -0.02
      vertex -1.20104 -12.4975 -0.0199995
    endloop
  endfacet
  facet normal 0.903968 0.427601 0
    outer loop
      vertex -1.20104 -12.4975 -0.02
      vertex -1.1465 -12.6128 -0.0199995
      vertex -1.1465 -12.6128 -0.02
    endloop
  endfacet
  facet normal -0.989177 0.14673 0
    outer loop
      vertex 1.27502 -12.2536 2.98
      vertex 1.29374 -12.1274 5.98
      vertex 1.29374 -12.1274 2.98
    endloop
  endfacet
  facet normal -0.989177 0.14673 0
    outer loop
      vertex 1.29374 -12.1274 5.98
      vertex 1.27502 -12.2536 2.98
      vertex 1.27502 -12.2536 5.98
    endloop
  endfacet
  facet normal -0.989177 0.14673 0
    outer loop
      vertex 1.27502 -12.2536 -0.02
      vertex 1.29374 -12.1274 -0.0199995
      vertex 1.29374 -12.1274 -0.02
    endloop
  endfacet
  facet normal -0.989177 0.14673 0
    outer loop
      vertex 1.29374 -12.1274 -0.0199995
      vertex 1.27502 -12.2536 -0.02
      vertex 1.27502 -12.2536 -0.0199995
    endloop
  endfacet
  facet normal -0.595711 -0.803199 0
    outer loop
      vertex 0.72224 -10.9191 2.98
      vertex 0.824711 -10.9951 5.98
      vertex 0.72224 -10.9191 5.98
    endloop
  endfacet
  facet normal -0.595711 -0.803199 -0
    outer loop
      vertex 0.824711 -10.9951 5.98
      vertex 0.72224 -10.9191 2.98
      vertex 0.824711 -10.9951 2.98
    endloop
  endfacet
  facet normal -0.595711 -0.803199 0
    outer loop
      vertex 0.72224 -10.9191 -0.02
      vertex 0.824711 -10.9951 -0.0199995
      vertex 0.72224 -10.9191 -0.0199995
    endloop
  endfacet
  facet normal -0.595711 -0.803199 -0
    outer loop
      vertex 0.824711 -10.9951 -0.0199995
      vertex 0.72224 -10.9191 -0.02
      vertex 0.824711 -10.9951 -0.02
    endloop
  endfacet
  facet normal -0.803279 0.595602 0
    outer loop
      vertex 1.00491 -12.8247 2.98
      vertex 1.08091 -12.7222 5.98
      vertex 1.08091 -12.7222 2.98
    endloop
  endfacet
  facet normal -0.803279 0.595602 0
    outer loop
      vertex 1.08091 -12.7222 5.98
      vertex 1.00491 -12.8247 2.98
      vertex 1.00491 -12.8247 5.98
    endloop
  endfacet
  facet normal -0.803279 0.595602 0
    outer loop
      vertex 1.00491 -12.8247 -0.02
      vertex 1.08091 -12.7222 -0.0199995
      vertex 1.08091 -12.7222 -0.02
    endloop
  endfacet
  facet normal -0.803279 0.595602 0
    outer loop
      vertex 1.08091 -12.7222 -0.0199995
      vertex 1.00491 -12.8247 -0.02
      vertex 1.00491 -12.8247 -0.0199995
    endloop
  endfacet
  facet normal 0.941525 -0.336942 0
    outer loop
      vertex -1.24402 -11.6226 5.98
      vertex -1.20104 -11.5025 2.98
      vertex -1.20104 -11.5025 5.98
    endloop
  endfacet
  facet normal 0.941525 -0.336942 0
    outer loop
      vertex -1.20104 -11.5025 2.98
      vertex -1.24402 -11.6226 5.98
      vertex -1.24402 -11.6226 2.98
    endloop
  endfacet
  facet normal 0.941525 -0.336942 0
    outer loop
      vertex -1.24402 -11.6226 -0.0199995
      vertex -1.20104 -11.5025 -0.02
      vertex -1.20104 -11.5025 -0.0199995
    endloop
  endfacet
  facet normal 0.941525 -0.336942 0
    outer loop
      vertex -1.20104 -11.5025 -0.02
      vertex -1.24402 -11.6226 -0.0199995
      vertex -1.24402 -11.6226 -0.02
    endloop
  endfacet
  facet normal -0.803279 -0.595602 0
    outer loop
      vertex 1.08091 -11.2778 2.98
      vertex 1.00491 -11.1753 5.98
      vertex 1.00491 -11.1753 2.98
    endloop
  endfacet
  facet normal -0.803279 -0.595602 0
    outer loop
      vertex 1.00491 -11.1753 5.98
      vertex 1.08091 -11.2778 2.98
      vertex 1.08091 -11.2778 5.98
    endloop
  endfacet
  facet normal -0.803279 -0.595602 0
    outer loop
      vertex 1.08091 -11.2778 -0.02
      vertex 1.00491 -11.1753 -0.0199995
      vertex 1.00491 -11.1753 -0.02
    endloop
  endfacet
  facet normal -0.803279 -0.595602 0
    outer loop
      vertex 1.00491 -11.1753 -0.0199995
      vertex 1.08091 -11.2778 -0.02
      vertex 1.08091 -11.2778 -0.0199995
    endloop
  endfacet
  facet normal 0.0493821 -0.99878 0
    outer loop
      vertex -0.127421 -10.7063 2.98
      vertex 0 -10.7 5.98
      vertex -0.127421 -10.7063 5.98
    endloop
  endfacet
  facet normal 0.0493821 -0.99878 0
    outer loop
      vertex 0 -10.7 5.98
      vertex -0.127421 -10.7063 2.98
      vertex 0 -10.7 2.98
    endloop
  endfacet
  facet normal 0.0493821 -0.99878 0
    outer loop
      vertex -0.127421 -10.7063 -0.02
      vertex 0 -10.7 -0.0199995
      vertex -0.127421 -10.7063 -0.0199995
    endloop
  endfacet
  facet normal 0.0493821 -0.99878 0
    outer loop
      vertex 0 -10.7 -0.0199995
      vertex -0.127421 -10.7063 -0.02
      vertex 0 -10.7 -0.02
    endloop
  endfacet
  facet normal 0.97005 0.242904 0
    outer loop
      vertex -1.24402 -12.3774 5.98
      vertex -1.27502 -12.2536 2.98
      vertex -1.27502 -12.2536 5.98
    endloop
  endfacet
  facet normal 0.97005 0.242904 0
    outer loop
      vertex -1.27502 -12.2536 2.98
      vertex -1.24402 -12.3774 5.98
      vertex -1.24402 -12.3774 2.98
    endloop
  endfacet
  facet normal 0.97005 0.242904 0
    outer loop
      vertex -1.24402 -12.3774 -0.0199995
      vertex -1.27502 -12.2536 -0.02
      vertex -1.27502 -12.2536 -0.0199995
    endloop
  endfacet
  facet normal 0.97005 0.242904 0
    outer loop
      vertex -1.27502 -12.2536 -0.02
      vertex -1.24402 -12.3774 -0.0199995
      vertex -1.24402 -12.3774 -0.02
    endloop
  endfacet
  facet normal 0.337036 -0.941492 0
    outer loop
      vertex -0.497488 -10.799 2.98
      vertex -0.37737 -10.756 5.98
      vertex -0.497488 -10.799 5.98
    endloop
  endfacet
  facet normal 0.337036 -0.941492 0
    outer loop
      vertex -0.37737 -10.756 5.98
      vertex -0.497488 -10.799 2.98
      vertex -0.37737 -10.756 2.98
    endloop
  endfacet
  facet normal 0.337036 -0.941492 0
    outer loop
      vertex -0.497488 -10.799 -0.02
      vertex -0.37737 -10.756 -0.0199995
      vertex -0.497488 -10.799 -0.0199995
    endloop
  endfacet
  facet normal 0.337036 -0.941492 0
    outer loop
      vertex -0.37737 -10.756 -0.0199995
      vertex -0.497488 -10.799 -0.02
      vertex -0.37737 -10.756 -0.02
    endloop
  endfacet
  facet normal -0.903968 0.427601 0
    outer loop
      vertex 1.1465 -12.6128 2.98
      vertex 1.20104 -12.4975 5.98
      vertex 1.20104 -12.4975 2.98
    endloop
  endfacet
  facet normal -0.903968 0.427601 0
    outer loop
      vertex 1.20104 -12.4975 5.98
      vertex 1.1465 -12.6128 2.98
      vertex 1.1465 -12.6128 5.98
    endloop
  endfacet
  facet normal -0.903968 0.427601 0
    outer loop
      vertex 1.1465 -12.6128 -0.02
      vertex 1.20104 -12.4975 -0.0199995
      vertex 1.20104 -12.4975 -0.02
    endloop
  endfacet
  facet normal -0.903968 0.427601 0
    outer loop
      vertex 1.20104 -12.4975 -0.0199995
      vertex 1.1465 -12.6128 -0.02
      vertex 1.1465 -12.6128 -0.0199995
    endloop
  endfacet
  facet normal 0.740865 -0.671654 0
    outer loop
      vertex -1.00491 -11.1753 5.98
      vertex -0.919238 -11.0808 2.98
      vertex -0.919238 -11.0808 5.98
    endloop
  endfacet
  facet normal 0.740865 -0.671654 0
    outer loop
      vertex -0.919238 -11.0808 2.98
      vertex -1.00491 -11.1753 5.98
      vertex -1.00491 -11.1753 2.98
    endloop
  endfacet
  facet normal 0.740865 -0.671654 0
    outer loop
      vertex -1.00491 -11.1753 -0.0199995
      vertex -0.919238 -11.0808 -0.02
      vertex -0.919238 -11.0808 -0.0199995
    endloop
  endfacet
  facet normal 0.740865 -0.671654 0
    outer loop
      vertex -0.919238 -11.0808 -0.02
      vertex -1.00491 -11.1753 -0.0199995
      vertex -1.00491 -11.1753 -0.02
    endloop
  endfacet
  facet normal 0.857666 -0.514208 0
    outer loop
      vertex -1.1465 -11.3872 5.98
      vertex -1.08091 -11.2778 2.98
      vertex -1.08091 -11.2778 5.98
    endloop
  endfacet
  facet normal 0.857666 -0.514208 0
    outer loop
      vertex -1.08091 -11.2778 2.98
      vertex -1.1465 -11.3872 5.98
      vertex -1.1465 -11.3872 2.98
    endloop
  endfacet
  facet normal 0.857666 -0.514208 0
    outer loop
      vertex -1.1465 -11.3872 -0.0199995
      vertex -1.08091 -11.2778 -0.02
      vertex -1.08091 -11.2778 -0.0199995
    endloop
  endfacet
  facet normal 0.857666 -0.514208 0
    outer loop
      vertex -1.08091 -11.2778 -0.02
      vertex -1.1465 -11.3872 -0.0199995
      vertex -1.1465 -11.3872 -0.02
    endloop
  endfacet
  facet normal -0.146582 0.989199 0
    outer loop
      vertex 0.253617 -13.275 2.98
      vertex 0.127421 -13.2937 5.98
      vertex 0.253617 -13.275 5.98
    endloop
  endfacet
  facet normal -0.146582 0.989199 0
    outer loop
      vertex 0.127421 -13.2937 5.98
      vertex 0.253617 -13.275 2.98
      vertex 0.127421 -13.2937 2.98
    endloop
  endfacet
  facet normal -0.146582 0.989199 0
    outer loop
      vertex 0.253617 -13.275 -0.02
      vertex 0.127421 -13.2937 -0.0199995
      vertex 0.253617 -13.275 -0.0199995
    endloop
  endfacet
  facet normal -0.146582 0.989199 0
    outer loop
      vertex 0.127421 -13.2937 -0.0199995
      vertex 0.253617 -13.275 -0.02
      vertex 0.127421 -13.2937 -0.02
    endloop
  endfacet
  facet normal -0.857666 -0.514208 0
    outer loop
      vertex 1.1465 -11.3872 2.98
      vertex 1.08091 -11.2778 5.98
      vertex 1.08091 -11.2778 2.98
    endloop
  endfacet
  facet normal -0.857666 -0.514208 0
    outer loop
      vertex 1.08091 -11.2778 5.98
      vertex 1.1465 -11.3872 2.98
      vertex 1.1465 -11.3872 5.98
    endloop
  endfacet
  facet normal -0.857666 -0.514208 0
    outer loop
      vertex 1.1465 -11.3872 -0.02
      vertex 1.08091 -11.2778 -0.0199995
      vertex 1.08091 -11.2778 -0.02
    endloop
  endfacet
  facet normal -0.857666 -0.514208 0
    outer loop
      vertex 1.08091 -11.2778 -0.0199995
      vertex 1.1465 -11.3872 -0.02
      vertex 1.1465 -11.3872 -0.0199995
    endloop
  endfacet
  facet normal -0.941525 -0.336942 0
    outer loop
      vertex 1.24402 -11.6226 2.98
      vertex 1.20104 -11.5025 5.98
      vertex 1.20104 -11.5025 2.98
    endloop
  endfacet
  facet normal -0.941525 -0.336942 0
    outer loop
      vertex 1.20104 -11.5025 5.98
      vertex 1.24402 -11.6226 2.98
      vertex 1.24402 -11.6226 5.98
    endloop
  endfacet
  facet normal -0.941525 -0.336942 0
    outer loop
      vertex 1.24402 -11.6226 -0.02
      vertex 1.20104 -11.5025 -0.0199995
      vertex 1.20104 -11.5025 -0.02
    endloop
  endfacet
  facet normal -0.941525 -0.336942 0
    outer loop
      vertex 1.20104 -11.5025 -0.0199995
      vertex 1.24402 -11.6226 -0.02
      vertex 1.24402 -11.6226 -0.0199995
    endloop
  endfacet
  facet normal -0.67167 -0.740851 0
    outer loop
      vertex 0.824711 -10.9951 2.98
      vertex 0.919238 -11.0808 5.98
      vertex 0.824711 -10.9951 5.98
    endloop
  endfacet
  facet normal -0.67167 -0.740851 -0
    outer loop
      vertex 0.919238 -11.0808 5.98
      vertex 0.824711 -10.9951 2.98
      vertex 0.919238 -11.0808 2.98
    endloop
  endfacet
  facet normal -0.67167 -0.740851 0
    outer loop
      vertex 0.824711 -10.9951 -0.02
      vertex 0.919238 -11.0808 -0.0199995
      vertex 0.824711 -10.9951 -0.0199995
    endloop
  endfacet
  facet normal -0.67167 -0.740851 -0
    outer loop
      vertex 0.919238 -11.0808 -0.0199995
      vertex 0.824711 -10.9951 -0.02
      vertex 0.919238 -11.0808 -0.02
    endloop
  endfacet
  facet normal -0.97005 0.242904 0
    outer loop
      vertex 1.24402 -12.3774 2.98
      vertex 1.27502 -12.2536 5.98
      vertex 1.27502 -12.2536 2.98
    endloop
  endfacet
  facet normal -0.97005 0.242904 0
    outer loop
      vertex 1.27502 -12.2536 5.98
      vertex 1.24402 -12.3774 2.98
      vertex 1.24402 -12.3774 5.98
    endloop
  endfacet
  facet normal -0.97005 0.242904 0
    outer loop
      vertex 1.24402 -12.3774 -0.02
      vertex 1.27502 -12.2536 -0.0199995
      vertex 1.27502 -12.2536 -0.02
    endloop
  endfacet
  facet normal -0.97005 0.242904 0
    outer loop
      vertex 1.27502 -12.2536 -0.0199995
      vertex 1.24402 -12.3774 -0.02
      vertex 1.24402 -12.3774 -0.0199995
    endloop
  endfacet
  facet normal 0.427263 -0.904127 0
    outer loop
      vertex -0.612815 -10.8535 2.98
      vertex -0.497488 -10.799 5.98
      vertex -0.612815 -10.8535 5.98
    endloop
  endfacet
  facet normal 0.427263 -0.904127 0
    outer loop
      vertex -0.497488 -10.799 5.98
      vertex -0.612815 -10.8535 2.98
      vertex -0.497488 -10.799 2.98
    endloop
  endfacet
  facet normal 0.427263 -0.904127 0
    outer loop
      vertex -0.612815 -10.8535 -0.02
      vertex -0.497488 -10.799 -0.0199995
      vertex -0.612815 -10.8535 -0.0199995
    endloop
  endfacet
  facet normal 0.427263 -0.904127 0
    outer loop
      vertex -0.497488 -10.799 -0.0199995
      vertex -0.612815 -10.8535 -0.02
      vertex -0.497488 -10.799 -0.02
    endloop
  endfacet
  facet normal -0.337036 -0.941492 0
    outer loop
      vertex 0.37737 -10.756 2.98
      vertex 0.497488 -10.799 5.98
      vertex 0.37737 -10.756 5.98
    endloop
  endfacet
  facet normal -0.337036 -0.941492 -0
    outer loop
      vertex 0.497488 -10.799 5.98
      vertex 0.37737 -10.756 2.98
      vertex 0.497488 -10.799 2.98
    endloop
  endfacet
  facet normal -0.337036 -0.941492 0
    outer loop
      vertex 0.37737 -10.756 -0.02
      vertex 0.497488 -10.799 -0.0199995
      vertex 0.37737 -10.756 -0.0199995
    endloop
  endfacet
  facet normal -0.337036 -0.941492 -0
    outer loop
      vertex 0.497488 -10.799 -0.0199995
      vertex 0.37737 -10.756 -0.02
      vertex 0.497488 -10.799 -0.02
    endloop
  endfacet
  facet normal 0.242991 -0.970029 0
    outer loop
      vertex -0.37737 -10.756 2.98
      vertex -0.253617 -10.725 5.98
      vertex -0.37737 -10.756 5.98
    endloop
  endfacet
  facet normal 0.242991 -0.970029 0
    outer loop
      vertex -0.253617 -10.725 5.98
      vertex -0.37737 -10.756 2.98
      vertex -0.253617 -10.725 2.98
    endloop
  endfacet
  facet normal 0.242991 -0.970029 0
    outer loop
      vertex -0.37737 -10.756 -0.02
      vertex -0.253617 -10.725 -0.0199995
      vertex -0.37737 -10.756 -0.0199995
    endloop
  endfacet
  facet normal 0.242991 -0.970029 0
    outer loop
      vertex -0.253617 -10.725 -0.0199995
      vertex -0.37737 -10.756 -0.02
      vertex -0.253617 -10.725 -0.02
    endloop
  endfacet
  facet normal -0.857666 0.514208 0
    outer loop
      vertex 1.08091 -12.7222 2.98
      vertex 1.1465 -12.6128 5.98
      vertex 1.1465 -12.6128 2.98
    endloop
  endfacet
  facet normal -0.857666 0.514208 0
    outer loop
      vertex 1.1465 -12.6128 5.98
      vertex 1.08091 -12.7222 2.98
      vertex 1.08091 -12.7222 5.98
    endloop
  endfacet
  facet normal -0.857666 0.514208 0
    outer loop
      vertex 1.08091 -12.7222 -0.02
      vertex 1.1465 -12.6128 -0.0199995
      vertex 1.1465 -12.6128 -0.02
    endloop
  endfacet
  facet normal -0.857666 0.514208 0
    outer loop
      vertex 1.1465 -12.6128 -0.0199995
      vertex 1.08091 -12.7222 -0.02
      vertex 1.08091 -12.7222 -0.0199995
    endloop
  endfacet
  facet normal -0.427263 -0.904127 0
    outer loop
      vertex 0.497488 -10.799 2.98
      vertex 0.612815 -10.8535 5.98
      vertex 0.497488 -10.799 5.98
    endloop
  endfacet
  facet normal -0.427263 -0.904127 -0
    outer loop
      vertex 0.612815 -10.8535 5.98
      vertex 0.497488 -10.799 2.98
      vertex 0.612815 -10.8535 2.98
    endloop
  endfacet
  facet normal -0.427263 -0.904127 0
    outer loop
      vertex 0.497488 -10.799 -0.02
      vertex 0.612815 -10.8535 -0.0199995
      vertex 0.497488 -10.799 -0.0199995
    endloop
  endfacet
  facet normal -0.427263 -0.904127 -0
    outer loop
      vertex 0.612815 -10.8535 -0.0199995
      vertex 0.497488 -10.799 -0.02
      vertex 0.612815 -10.8535 -0.02
    endloop
  endfacet
  facet normal -0.0493821 -0.99878 0
    outer loop
      vertex 0 -10.7 2.98
      vertex 0.127421 -10.7063 5.98
      vertex 0 -10.7 5.98
    endloop
  endfacet
  facet normal -0.0493821 -0.99878 -0
    outer loop
      vertex 0.127421 -10.7063 5.98
      vertex 0 -10.7 2.98
      vertex 0.127421 -10.7063 2.98
    endloop
  endfacet
  facet normal -0.0493821 -0.99878 0
    outer loop
      vertex 0 -10.7 -0.02
      vertex 0.127421 -10.7063 -0.0199995
      vertex 0 -10.7 -0.0199995
    endloop
  endfacet
  facet normal -0.0493821 -0.99878 -0
    outer loop
      vertex 0.127421 -10.7063 -0.0199995
      vertex 0 -10.7 -0.02
      vertex 0.127421 -10.7063 -0.02
    endloop
  endfacet
  facet normal -0.941525 0.336942 0
    outer loop
      vertex 1.20104 -12.4975 2.98
      vertex 1.24402 -12.3774 5.98
      vertex 1.24402 -12.3774 2.98
    endloop
  endfacet
  facet normal -0.941525 0.336942 0
    outer loop
      vertex 1.24402 -12.3774 5.98
      vertex 1.20104 -12.4975 2.98
      vertex 1.20104 -12.4975 5.98
    endloop
  endfacet
  facet normal -0.941525 0.336942 0
    outer loop
      vertex 1.20104 -12.4975 -0.02
      vertex 1.24402 -12.3774 -0.0199995
      vertex 1.24402 -12.3774 -0.02
    endloop
  endfacet
  facet normal -0.941525 0.336942 0
    outer loop
      vertex 1.24402 -12.3774 -0.0199995
      vertex 1.20104 -12.4975 -0.02
      vertex 1.20104 -12.4975 -0.0199995
    endloop
  endfacet
  facet normal -0.242991 -0.970029 0
    outer loop
      vertex 0.253617 -10.725 2.98
      vertex 0.37737 -10.756 5.98
      vertex 0.253617 -10.725 5.98
    endloop
  endfacet
  facet normal -0.242991 -0.970029 -0
    outer loop
      vertex 0.37737 -10.756 5.98
      vertex 0.253617 -10.725 2.98
      vertex 0.37737 -10.756 2.98
    endloop
  endfacet
  facet normal -0.242991 -0.970029 0
    outer loop
      vertex 0.253617 -10.725 -0.02
      vertex 0.37737 -10.756 -0.0199995
      vertex 0.253617 -10.725 -0.0199995
    endloop
  endfacet
  facet normal -0.242991 -0.970029 -0
    outer loop
      vertex 0.37737 -10.756 -0.0199995
      vertex 0.253617 -10.725 -0.02
      vertex 0.37737 -10.756 -0.02
    endloop
  endfacet
  facet normal -0.998795 0.0490774 0
    outer loop
      vertex 1.29374 -12.1274 2.98
      vertex 1.3 -12 5.98
      vertex 1.3 -12 2.98
    endloop
  endfacet
  facet normal -0.998795 0.0490774 0
    outer loop
      vertex 1.3 -12 5.98
      vertex 1.29374 -12.1274 2.98
      vertex 1.29374 -12.1274 5.98
    endloop
  endfacet
  facet normal -0.998795 0.0490774 0
    outer loop
      vertex 1.29374 -12.1274 -0.02
      vertex 1.3 -12 -0.0199995
      vertex 1.3 -12 -0.02
    endloop
  endfacet
  facet normal -0.998795 0.0490774 0
    outer loop
      vertex 1.3 -12 -0.0199995
      vertex 1.29374 -12.1274 -0.02
      vertex 1.29374 -12.1274 -0.0199995
    endloop
  endfacet
  facet normal 0.97005 -0.242904 0
    outer loop
      vertex -1.27502 -11.7464 5.98
      vertex -1.24402 -11.6226 2.98
      vertex -1.24402 -11.6226 5.98
    endloop
  endfacet
  facet normal 0.97005 -0.242904 0
    outer loop
      vertex -1.24402 -11.6226 2.98
      vertex -1.27502 -11.7464 5.98
      vertex -1.27502 -11.7464 2.98
    endloop
  endfacet
  facet normal 0.97005 -0.242904 0
    outer loop
      vertex -1.27502 -11.7464 -0.0199995
      vertex -1.24402 -11.6226 -0.02
      vertex -1.24402 -11.6226 -0.0199995
    endloop
  endfacet
  facet normal 0.97005 -0.242904 0
    outer loop
      vertex -1.24402 -11.6226 -0.02
      vertex -1.27502 -11.7464 -0.0199995
      vertex -1.27502 -11.7464 -0.02
    endloop
  endfacet
  facet normal 0.67167 -0.740851 0
    outer loop
      vertex -0.919238 -11.0808 2.98
      vertex -0.824711 -10.9951 5.98
      vertex -0.919238 -11.0808 5.98
    endloop
  endfacet
  facet normal 0.67167 -0.740851 0
    outer loop
      vertex -0.824711 -10.9951 5.98
      vertex -0.919238 -11.0808 2.98
      vertex -0.824711 -10.9951 2.98
    endloop
  endfacet
  facet normal 0.67167 -0.740851 0
    outer loop
      vertex -0.919238 -11.0808 -0.02
      vertex -0.824711 -10.9951 -0.0199995
      vertex -0.919238 -11.0808 -0.0199995
    endloop
  endfacet
  facet normal 0.67167 -0.740851 0
    outer loop
      vertex -0.824711 -10.9951 -0.0199995
      vertex -0.919238 -11.0808 -0.02
      vertex -0.824711 -10.9951 -0.02
    endloop
  endfacet
  facet normal 0.857666 0.514208 0
    outer loop
      vertex -1.08091 -12.7222 5.98
      vertex -1.1465 -12.6128 2.98
      vertex -1.1465 -12.6128 5.98
    endloop
  endfacet
  facet normal 0.857666 0.514208 0
    outer loop
      vertex -1.1465 -12.6128 2.98
      vertex -1.08091 -12.7222 5.98
      vertex -1.08091 -12.7222 2.98
    endloop
  endfacet
  facet normal 0.857666 0.514208 0
    outer loop
      vertex -1.08091 -12.7222 -0.0199995
      vertex -1.1465 -12.6128 -0.02
      vertex -1.1465 -12.6128 -0.0199995
    endloop
  endfacet
  facet normal 0.857666 0.514208 0
    outer loop
      vertex -1.1465 -12.6128 -0.02
      vertex -1.08091 -12.7222 -0.0199995
      vertex -1.08091 -12.7222 -0.02
    endloop
  endfacet
  facet normal 0.740865 0.671654 0
    outer loop
      vertex -0.919238 -12.9192 5.98
      vertex -1.00491 -12.8247 2.98
      vertex -1.00491 -12.8247 5.98
    endloop
  endfacet
  facet normal 0.740865 0.671654 0
    outer loop
      vertex -1.00491 -12.8247 2.98
      vertex -0.919238 -12.9192 5.98
      vertex -0.919238 -12.9192 2.98
    endloop
  endfacet
  facet normal 0.740865 0.671654 0
    outer loop
      vertex -0.919238 -12.9192 -0.0199995
      vertex -1.00491 -12.8247 -0.02
      vertex -1.00491 -12.8247 -0.0199995
    endloop
  endfacet
  facet normal 0.740865 0.671654 0
    outer loop
      vertex -1.00491 -12.8247 -0.02
      vertex -0.919238 -12.9192 -0.0199995
      vertex -0.919238 -12.9192 -0.02
    endloop
  endfacet
  facet normal 0.989177 0.14673 0
    outer loop
      vertex -1.27502 -12.2536 5.98
      vertex -1.29374 -12.1274 2.98
      vertex -1.29374 -12.1274 5.98
    endloop
  endfacet
  facet normal 0.989177 0.14673 0
    outer loop
      vertex -1.29374 -12.1274 2.98
      vertex -1.27502 -12.2536 5.98
      vertex -1.27502 -12.2536 2.98
    endloop
  endfacet
  facet normal 0.989177 0.14673 0
    outer loop
      vertex -1.27502 -12.2536 -0.0199995
      vertex -1.29374 -12.1274 -0.02
      vertex -1.29374 -12.1274 -0.0199995
    endloop
  endfacet
  facet normal 0.989177 0.14673 0
    outer loop
      vertex -1.29374 -12.1274 -0.02
      vertex -1.27502 -12.2536 -0.0199995
      vertex -1.27502 -12.2536 -0.02
    endloop
  endfacet
  facet normal 0.803279 0.595602 0
    outer loop
      vertex -1.00491 -12.8247 5.98
      vertex -1.08091 -12.7222 2.98
      vertex -1.08091 -12.7222 5.98
    endloop
  endfacet
  facet normal 0.803279 0.595602 0
    outer loop
      vertex -1.08091 -12.7222 2.98
      vertex -1.00491 -12.8247 5.98
      vertex -1.00491 -12.8247 2.98
    endloop
  endfacet
  facet normal 0.803279 0.595602 0
    outer loop
      vertex -1.00491 -12.8247 -0.0199995
      vertex -1.08091 -12.7222 -0.02
      vertex -1.08091 -12.7222 -0.0199995
    endloop
  endfacet
  facet normal 0.803279 0.595602 0
    outer loop
      vertex -1.08091 -12.7222 -0.02
      vertex -1.00491 -12.8247 -0.0199995
      vertex -1.00491 -12.8247 -0.02
    endloop
  endfacet
  facet normal -0.337036 0.941492 0
    outer loop
      vertex 0.497488 -13.201 2.98
      vertex 0.37737 -13.244 5.98
      vertex 0.497488 -13.201 5.98
    endloop
  endfacet
  facet normal -0.337036 0.941492 0
    outer loop
      vertex 0.37737 -13.244 5.98
      vertex 0.497488 -13.201 2.98
      vertex 0.37737 -13.244 2.98
    endloop
  endfacet
  facet normal -0.337036 0.941492 0
    outer loop
      vertex 0.497488 -13.201 -0.02
      vertex 0.37737 -13.244 -0.0199995
      vertex 0.497488 -13.201 -0.0199995
    endloop
  endfacet
  facet normal -0.337036 0.941492 0
    outer loop
      vertex 0.37737 -13.244 -0.0199995
      vertex 0.497488 -13.201 -0.02
      vertex 0.37737 -13.244 -0.02
    endloop
  endfacet
  facet normal 0.998795 0.0490774 0
    outer loop
      vertex -1.29374 -12.1274 5.98
      vertex -1.3 -12 2.98
      vertex -1.3 -12 5.98
    endloop
  endfacet
  facet normal 0.998795 0.0490774 0
    outer loop
      vertex -1.3 -12 2.98
      vertex -1.29374 -12.1274 5.98
      vertex -1.29374 -12.1274 2.98
    endloop
  endfacet
  facet normal 0.998795 0.0490774 0
    outer loop
      vertex -1.29374 -12.1274 -0.0199995
      vertex -1.3 -12 -0.02
      vertex -1.3 -12 -0.0199995
    endloop
  endfacet
  facet normal 0.998795 0.0490774 0
    outer loop
      vertex -1.3 -12 -0.02
      vertex -1.29374 -12.1274 -0.0199995
      vertex -1.29374 -12.1274 -0.02
    endloop
  endfacet
  facet normal 0.803279 -0.595602 0
    outer loop
      vertex -1.08091 -11.2778 5.98
      vertex -1.00491 -11.1753 2.98
      vertex -1.00491 -11.1753 5.98
    endloop
  endfacet
  facet normal 0.803279 -0.595602 0
    outer loop
      vertex -1.00491 -11.1753 2.98
      vertex -1.08091 -11.2778 5.98
      vertex -1.08091 -11.2778 2.98
    endloop
  endfacet
  facet normal 0.803279 -0.595602 0
    outer loop
      vertex -1.08091 -11.2778 -0.0199995
      vertex -1.00491 -11.1753 -0.02
      vertex -1.00491 -11.1753 -0.0199995
    endloop
  endfacet
  facet normal 0.803279 -0.595602 0
    outer loop
      vertex -1.00491 -11.1753 -0.02
      vertex -1.08091 -11.2778 -0.0199995
      vertex -1.08091 -11.2778 -0.02
    endloop
  endfacet
  facet normal -0.595711 0.803199 0
    outer loop
      vertex 0.824711 -13.0049 2.98
      vertex 0.72224 -13.0809 5.98
      vertex 0.824711 -13.0049 5.98
    endloop
  endfacet
  facet normal -0.595711 0.803199 0
    outer loop
      vertex 0.72224 -13.0809 5.98
      vertex 0.824711 -13.0049 2.98
      vertex 0.72224 -13.0809 2.98
    endloop
  endfacet
  facet normal -0.595711 0.803199 0
    outer loop
      vertex 0.824711 -13.0049 -0.02
      vertex 0.72224 -13.0809 -0.0199995
      vertex 0.824711 -13.0049 -0.0199995
    endloop
  endfacet
  facet normal -0.595711 0.803199 0
    outer loop
      vertex 0.72224 -13.0809 -0.0199995
      vertex 0.824711 -13.0049 -0.02
      vertex 0.72224 -13.0809 -0.02
    endloop
  endfacet
  facet normal -0.740865 -0.671654 0
    outer loop
      vertex 1.00491 -11.1753 2.98
      vertex 0.919238 -11.0808 5.98
      vertex 0.919238 -11.0808 2.98
    endloop
  endfacet
  facet normal -0.740865 -0.671654 0
    outer loop
      vertex 0.919238 -11.0808 5.98
      vertex 1.00491 -11.1753 2.98
      vertex 1.00491 -11.1753 5.98
    endloop
  endfacet
  facet normal -0.740865 -0.671654 0
    outer loop
      vertex 1.00491 -11.1753 -0.02
      vertex 0.919238 -11.0808 -0.0199995
      vertex 0.919238 -11.0808 -0.02
    endloop
  endfacet
  facet normal -0.740865 -0.671654 0
    outer loop
      vertex 0.919238 -11.0808 -0.0199995
      vertex 1.00491 -11.1753 -0.02
      vertex 1.00491 -11.1753 -0.0199995
    endloop
  endfacet
  facet normal 0.903968 -0.427601 0
    outer loop
      vertex -1.20104 -11.5025 5.98
      vertex -1.1465 -11.3872 2.98
      vertex -1.1465 -11.3872 5.98
    endloop
  endfacet
  facet normal 0.903968 -0.427601 0
    outer loop
      vertex -1.1465 -11.3872 2.98
      vertex -1.20104 -11.5025 5.98
      vertex -1.20104 -11.5025 2.98
    endloop
  endfacet
  facet normal 0.903968 -0.427601 0
    outer loop
      vertex -1.20104 -11.5025 -0.0199995
      vertex -1.1465 -11.3872 -0.02
      vertex -1.1465 -11.3872 -0.0199995
    endloop
  endfacet
  facet normal 0.903968 -0.427601 0
    outer loop
      vertex -1.1465 -11.3872 -0.02
      vertex -1.20104 -11.5025 -0.0199995
      vertex -1.20104 -11.5025 -0.02
    endloop
  endfacet
  facet normal 0.0493821 0.99878 -0
    outer loop
      vertex 0 -13.3 2.98
      vertex -0.127421 -13.2937 5.98
      vertex 0 -13.3 5.98
    endloop
  endfacet
  facet normal 0.0493821 0.99878 0
    outer loop
      vertex -0.127421 -13.2937 5.98
      vertex 0 -13.3 2.98
      vertex -0.127421 -13.2937 2.98
    endloop
  endfacet
  facet normal 0.0493821 0.99878 -0
    outer loop
      vertex 0 -13.3 -0.02
      vertex -0.127421 -13.2937 -0.0199995
      vertex 0 -13.3 -0.0199995
    endloop
  endfacet
  facet normal 0.0493821 0.99878 0
    outer loop
      vertex -0.127421 -13.2937 -0.0199995
      vertex 0 -13.3 -0.02
      vertex -0.127421 -13.2937 -0.02
    endloop
  endfacet
  facet normal 0.998795 -0.0490774 0
    outer loop
      vertex -1.3 -12 5.98
      vertex -1.29374 -11.8726 2.98
      vertex -1.29374 -11.8726 5.98
    endloop
  endfacet
  facet normal 0.998795 -0.0490774 0
    outer loop
      vertex -1.29374 -11.8726 2.98
      vertex -1.3 -12 5.98
      vertex -1.3 -12 2.98
    endloop
  endfacet
  facet normal 0.998795 -0.0490774 0
    outer loop
      vertex -1.3 -12 -0.0199995
      vertex -1.29374 -11.8726 -0.02
      vertex -1.29374 -11.8726 -0.0199995
    endloop
  endfacet
  facet normal 0.998795 -0.0490774 0
    outer loop
      vertex -1.29374 -11.8726 -0.02
      vertex -1.3 -12 -0.0199995
      vertex -1.3 -12 -0.02
    endloop
  endfacet
  facet normal 0.337036 0.941492 -0
    outer loop
      vertex -0.37737 -13.244 2.98
      vertex -0.497488 -13.201 5.98
      vertex -0.37737 -13.244 5.98
    endloop
  endfacet
  facet normal 0.337036 0.941492 0
    outer loop
      vertex -0.497488 -13.201 5.98
      vertex -0.37737 -13.244 2.98
      vertex -0.497488 -13.201 2.98
    endloop
  endfacet
  facet normal 0.337036 0.941492 -0
    outer loop
      vertex -0.37737 -13.244 -0.02
      vertex -0.497488 -13.201 -0.0199995
      vertex -0.37737 -13.244 -0.0199995
    endloop
  endfacet
  facet normal 0.337036 0.941492 0
    outer loop
      vertex -0.497488 -13.201 -0.0199995
      vertex -0.37737 -13.244 -0.02
      vertex -0.497488 -13.201 -0.02
    endloop
  endfacet
  facet normal 0.67167 0.740851 -0
    outer loop
      vertex -0.824711 -13.0049 2.98
      vertex -0.919238 -12.9192 5.98
      vertex -0.824711 -13.0049 5.98
    endloop
  endfacet
  facet normal 0.67167 0.740851 0
    outer loop
      vertex -0.919238 -12.9192 5.98
      vertex -0.824711 -13.0049 2.98
      vertex -0.919238 -12.9192 2.98
    endloop
  endfacet
  facet normal 0.67167 0.740851 -0
    outer loop
      vertex -0.824711 -13.0049 -0.02
      vertex -0.919238 -12.9192 -0.0199995
      vertex -0.824711 -13.0049 -0.0199995
    endloop
  endfacet
  facet normal 0.67167 0.740851 0
    outer loop
      vertex -0.919238 -12.9192 -0.0199995
      vertex -0.824711 -13.0049 -0.02
      vertex -0.919238 -12.9192 -0.02
    endloop
  endfacet
  facet normal 0.595711 0.803199 -0
    outer loop
      vertex -0.72224 -13.0809 2.98
      vertex -0.824711 -13.0049 5.98
      vertex -0.72224 -13.0809 5.98
    endloop
  endfacet
  facet normal 0.595711 0.803199 0
    outer loop
      vertex -0.824711 -13.0049 5.98
      vertex -0.72224 -13.0809 2.98
      vertex -0.824711 -13.0049 2.98
    endloop
  endfacet
  facet normal 0.595711 0.803199 -0
    outer loop
      vertex -0.72224 -13.0809 -0.02
      vertex -0.824711 -13.0049 -0.0199995
      vertex -0.72224 -13.0809 -0.0199995
    endloop
  endfacet
  facet normal 0.595711 0.803199 0
    outer loop
      vertex -0.824711 -13.0049 -0.0199995
      vertex -0.72224 -13.0809 -0.02
      vertex -0.824711 -13.0049 -0.02
    endloop
  endfacet
  facet normal -0.740865 0.671654 0
    outer loop
      vertex 0.919238 -12.9192 2.98
      vertex 1.00491 -12.8247 5.98
      vertex 1.00491 -12.8247 2.98
    endloop
  endfacet
  facet normal -0.740865 0.671654 0
    outer loop
      vertex 1.00491 -12.8247 5.98
      vertex 0.919238 -12.9192 2.98
      vertex 0.919238 -12.9192 5.98
    endloop
  endfacet
  facet normal -0.740865 0.671654 0
    outer loop
      vertex 0.919238 -12.9192 -0.02
      vertex 1.00491 -12.8247 -0.0199995
      vertex 1.00491 -12.8247 -0.02
    endloop
  endfacet
  facet normal -0.740865 0.671654 0
    outer loop
      vertex 1.00491 -12.8247 -0.0199995
      vertex 0.919238 -12.9192 -0.02
      vertex 0.919238 -12.9192 -0.0199995
    endloop
  endfacet
  facet normal -0.67167 0.740851 0
    outer loop
      vertex 0.919238 -12.9192 2.98
      vertex 0.824711 -13.0049 5.98
      vertex 0.919238 -12.9192 5.98
    endloop
  endfacet
  facet normal -0.67167 0.740851 0
    outer loop
      vertex 0.824711 -13.0049 5.98
      vertex 0.919238 -12.9192 2.98
      vertex 0.824711 -13.0049 2.98
    endloop
  endfacet
  facet normal -0.67167 0.740851 0
    outer loop
      vertex 0.919238 -12.9192 -0.02
      vertex 0.824711 -13.0049 -0.0199995
      vertex 0.919238 -12.9192 -0.0199995
    endloop
  endfacet
  facet normal -0.67167 0.740851 0
    outer loop
      vertex 0.824711 -13.0049 -0.0199995
      vertex 0.919238 -12.9192 -0.02
      vertex 0.824711 -13.0049 -0.02
    endloop
  endfacet
endsolid OpenSCAD_Model
